# Blender 5.0.0
# www.blender.org
mtllib rabbit.mtl
o face
v 0.636877 2.605911 -0.212865
v 0.000001 2.207150 -0.377581
v 0.000177 3.214619 -0.197070
v 0.419584 2.325251 0.175059
v 0.377212 3.063550 0.217837
v 0.271816 2.447628 -0.773194
v 0.319831 3.019831 -0.578155
v 0.000000 2.455389 -0.854957
v 0.000000 3.067148 -0.612511
v 0.000000 2.292889 0.272474
v 0.000000 3.110896 0.258071
v 0.395314 3.119553 -0.194852
v 0.406496 2.293394 -0.349087
v 0.396457 2.629649 -0.718117
v 0.567623 2.586083 0.335636
v 0.000000 2.621110 0.478359
v 0.000000 2.675935 -0.791612
v 0.572259 2.902433 -0.183893
v 0.358836 2.820718 -0.660078
v 0.508837 2.872855 0.329748
v 0.000000 2.892612 0.445580
v 0.000000 2.819933 -0.739119
v 0.603398 2.835087 -0.182267
v 0.628940 2.763757 -0.184462
v 0.642295 2.687635 -0.193614
v 0.103291 3.053561 -0.612518
v 0.197180 3.040470 -0.607769
v 0.272747 3.028528 -0.594810
v 0.372600 2.580254 -0.743400
v 0.336876 2.530083 -0.765681
v 0.299578 2.482500 -0.775922
v 0.372568 2.324677 -0.497901
v 0.333714 2.367852 -0.625112
v 0.297441 2.413212 -0.720157
v 0.401511 3.117822 -0.065260
v 0.400957 3.103298 0.055507
v 0.391328 3.082098 0.155110
v 0.545384 2.506413 0.308566
v 0.507752 2.430739 0.268853
v 0.460721 2.366637 0.219436
v 0.131462 2.296516 0.252684
v 0.252957 2.302648 0.229677
v 0.354267 2.313136 0.201544
v 0.313771 2.251869 -0.367943
v 0.213418 2.227457 -0.376743
v 0.107981 2.214451 -0.378838
v 0.219655 2.448130 -0.803152
v 0.149419 2.450122 -0.829833
v 0.075275 2.452668 -0.845597
v 0.111778 3.197373 -0.197165
v 0.218377 3.177656 -0.196968
v 0.314615 3.152605 -0.196279
v 0.607829 2.519131 -0.243719
v 0.557218 2.433247 -0.281148
v 0.488841 2.355566 -0.318491
v 0.320362 3.072922 0.235888
v 0.230138 3.085141 0.250462
v 0.120046 3.097933 0.256692
v 0.000000 3.209605 -0.071125
v 0.000000 3.188270 0.051425
v 0.000000 3.154130 0.163502
v 0.000000 2.192246 -0.200797
v 0.000000 2.203370 -0.024073
v 0.000000 2.237818 0.138412
v 0.000000 2.536149 0.462504
v 0.000000 2.448559 0.428293
v 0.000000 2.365189 0.367644
v 0.000000 2.633183 -0.826265
v 0.000000 2.581986 -0.859323
v 0.000000 2.522627 -0.874362
v 0.475720 2.622537 -0.628821
v 0.543034 2.616907 -0.508922
v 0.597164 2.611714 -0.367307
v 0.000000 2.382020 -0.788951
v 0.000000 2.310136 -0.681261
v 0.000000 2.248819 -0.541076
v 0.374085 2.769894 -0.671533
v 0.390765 2.722609 -0.683459
v 0.400886 2.676611 -0.698204
v 0.537112 2.807224 0.344155
v 0.559514 2.737364 0.351454
v 0.571275 2.663555 0.349372
v 0.000000 2.831775 0.465273
v 0.000000 2.767614 0.478045
v 0.000000 2.698076 0.482780
v 0.000000 2.777314 -0.746811
v 0.000000 2.742863 -0.754921
v 0.000000 2.710947 -0.768253
v 0.000000 3.123401 -0.532853
v 0.000000 3.168775 -0.433487
v 0.000000 3.200155 -0.319784
v 0.463176 2.589978 0.405465
v 0.326621 2.598041 0.446024
v 0.168662 2.608881 0.467070
v 0.343713 3.045877 -0.523558
v 0.368000 3.077902 -0.433959
v 0.384756 3.104769 -0.321191
v 0.660014 2.598929 -0.054794
v 0.660710 2.592095 0.096474
v 0.632176 2.587213 0.230197
v 0.105812 2.662784 -0.797921
v 0.208945 2.650264 -0.794357
v 0.306719 2.639009 -0.771047
v 0.432053 2.304812 0.090858
v 0.437252 2.286726 -0.038701
v 0.428755 2.281332 -0.190845
v 0.457062 3.076591 -0.192549
v 0.503517 3.024835 -0.189677
v 0.540107 2.966158 -0.186653
v 0.332954 2.983587 -0.603036
v 0.343819 2.932240 -0.628191
v 0.350411 2.876114 -0.646622
v 0.408678 3.033302 0.249369
v 0.445144 2.987953 0.283159
v 0.478383 2.933679 0.309813
v 0.000000 3.061831 0.330050
v 0.000000 3.008410 0.382171
v 0.000000 2.951662 0.419119
v 0.000000 3.003512 -0.668848
v 0.000000 2.937504 -0.705280
v 0.000000 2.874515 -0.726979
v 0.429741 2.840770 -0.575247
v 0.489557 2.865549 -0.462241
v 0.537368 2.888341 -0.329107
v 0.415139 2.870375 0.392220
v 0.292717 2.874255 0.425966
v 0.151146 2.882374 0.440561
v 0.592447 2.903227 -0.035071
v 0.592683 2.894579 0.107199
v 0.566852 2.882464 0.232333
v 0.096067 2.812979 -0.741999
v 0.189591 2.808885 -0.735823
v 0.278029 2.810512 -0.711535
v 0.095434 2.867218 -0.728396
v 0.097138 2.928592 -0.705802
v 0.100031 2.992285 -0.668942
v 0.187691 2.862973 -0.721216
v 0.189445 2.922491 -0.698458
v 0.192514 2.982954 -0.662420
v 0.273649 2.864862 -0.696837
v 0.272538 2.922296 -0.675319
v 0.270877 2.978054 -0.642776
v 0.557273 2.967206 -0.042615
v 0.516890 3.025334 -0.050912
v 0.466565 3.076053 -0.058914
v 0.556795 2.957849 0.095066
v 0.515715 3.014740 0.080974
v 0.465300 3.063707 0.066449
v 0.532560 2.944504 0.215963
v 0.493995 2.999797 0.195408
v 0.448181 3.046387 0.172062
v 0.115136 2.200297 -0.207625
v 0.227047 2.214022 -0.210810
v 0.332569 2.239113 -0.206605
v 0.120183 2.211212 -0.036426
v 0.235661 2.224140 -0.045970
v 0.342173 2.247382 -0.049056
v 0.124911 2.244247 0.121383
v 0.242325 2.254594 0.104577
v 0.345558 2.272946 0.090257
v 0.318513 3.149807 -0.068930
v 0.220708 3.174001 -0.070555
v 0.112875 3.193076 -0.071090
v 0.319336 3.132874 0.051306
v 0.222478 3.154957 0.051082
v 0.114199 3.172657 0.051320
v 0.317264 3.106319 0.154669
v 0.224484 3.124309 0.160079
v 0.116299 3.139759 0.162893
v 0.390585 2.930422 0.369661
v 0.364841 2.984995 0.338357
v 0.338923 3.032686 0.295055
v 0.275584 2.933861 0.401607
v 0.258403 2.989365 0.367245
v 0.242221 3.039921 0.318463
v 0.142356 2.941675 0.414998
v 0.133803 2.997904 0.378968
v 0.126082 3.050244 0.327779
v 0.415625 2.898209 -0.564610
v 0.401692 2.954645 -0.551194
v 0.380135 3.005594 -0.535076
v 0.468902 2.925502 -0.455578
v 0.446758 2.983058 -0.447969
v 0.415593 3.034957 -0.439842
v 0.510351 2.950588 -0.327034
v 0.480225 3.009022 -0.324882
v 0.440514 3.061223 -0.322791
v 0.078350 2.382727 -0.779377
v 0.155633 2.385534 -0.765222
v 0.230100 2.393346 -0.743682
v 0.086910 2.313739 -0.673820
v 0.172545 2.321386 -0.663213
v 0.255481 2.337478 -0.646932
v 0.097815 2.254627 -0.537411
v 0.193775 2.265662 -0.530829
v 0.286008 2.287194 -0.518494
v 0.381617 2.367669 0.282226
v 0.416150 2.435044 0.340337
v 0.445399 2.511194 0.380609
v 0.271921 2.365395 0.321586
v 0.294522 2.438765 0.384141
v 0.314280 2.518159 0.423816
v 0.141251 2.364655 0.347791
v 0.152419 2.443343 0.410496
v 0.162348 2.526738 0.447924
v 0.284588 3.072390 -0.525140
v 0.203806 3.091503 -0.530657
v 0.106273 3.107973 -0.532967
v 0.298657 3.109795 -0.432549
v 0.210464 3.133341 -0.433367
v 0.108706 3.152167 -0.433710
v 0.308487 3.138117 -0.320419
v 0.215215 3.163260 -0.320147
v 0.110483 3.183040 -0.319964
v 0.512685 2.344301 -0.161272
v 0.581300 2.423020 -0.123669
v 0.631482 2.510312 -0.085736
v 0.518867 2.346063 -0.010255
v 0.584960 2.421129 0.028231
v 0.633263 2.505480 0.066290
v 0.503695 2.356446 0.120411
v 0.562641 2.425015 0.162581
v 0.606748 2.504337 0.201337
v 0.079666 2.516217 -0.867946
v 0.088801 2.572196 -0.857475
v 0.098795 2.620956 -0.829137
v 0.158004 2.508884 -0.853739
v 0.175907 2.561345 -0.846878
v 0.195350 2.608354 -0.822559
v 0.232948 2.499180 -0.824651
v 0.259450 2.548104 -0.818938
v 0.287401 2.594967 -0.797098
v 0.355026 2.452869 -0.701902
v 0.405941 2.505819 -0.681363
v 0.448750 2.563990 -0.654999
v 0.404950 2.416498 -0.598610
v 0.466344 2.478598 -0.568541
v 0.514332 2.547359 -0.536895
v 0.451100 2.381532 -0.467909
v 0.517682 2.452904 -0.432501
v 0.567929 2.531893 -0.397043
v 0.480740 2.678305 -0.609103
v 0.469221 2.732084 -0.595190
v 0.449457 2.785647 -0.584699
v 0.548394 2.682780 -0.489232
v 0.535965 2.745226 -0.476642
v 0.513701 2.805672 -0.468523
v 0.602646 2.686925 -0.347700
v 0.589652 2.757346 -0.336754
v 0.565465 2.824107 -0.331535
v 0.466035 2.665946 0.417076
v 0.456395 2.738005 0.417438
v 0.438136 2.806149 0.408502
v 0.328585 2.673685 0.455335
v 0.321768 2.744578 0.453990
v 0.308901 2.811256 0.443648
v 0.169661 2.684989 0.473965
v 0.166135 2.755107 0.470923
v 0.159493 2.820485 0.459327
v 0.665210 2.682886 -0.036345
v 0.651614 2.761314 -0.028991
v 0.625326 2.834623 -0.029608
v 0.665536 2.675010 0.113693
v 0.651980 2.753049 0.119269
v 0.625782 2.826231 0.116129
v 0.636486 2.667427 0.245824
v 0.623469 2.743540 0.249643
v 0.598474 2.815301 0.244274
v 0.107097 2.698682 -0.775664
v 0.104172 2.732576 -0.761564
v 0.099632 2.769124 -0.751663
v 0.211443 2.687890 -0.773106
v 0.205752 2.724380 -0.758404
v 0.196820 2.763467 -0.747046
v 0.310290 2.680042 -0.750609
v 0.302148 2.720361 -0.735637
v 0.289119 2.762879 -0.723492
v -0.636877 2.605911 -0.212865
v -0.419581 2.325250 0.175058
v -0.377212 3.063550 0.217837
v -0.271816 2.447628 -0.773194
v -0.319831 3.019831 -0.578155
v -0.395314 3.119553 -0.194852
v -0.406496 2.293394 -0.349087
v -0.396457 2.629649 -0.718117
v -0.567623 2.586083 0.335636
v -0.572259 2.902433 -0.183893
v -0.358836 2.820718 -0.660078
v -0.508837 2.872855 0.329748
v -0.603398 2.835087 -0.182267
v -0.628940 2.763757 -0.184462
v -0.642295 2.687635 -0.193614
v -0.103291 3.053561 -0.612518
v -0.197180 3.040470 -0.607769
v -0.272747 3.028528 -0.594810
v -0.372600 2.580254 -0.743400
v -0.336876 2.530083 -0.765681
v -0.299578 2.482500 -0.775922
v -0.372568 2.324677 -0.497901
v -0.333714 2.367852 -0.625112
v -0.297441 2.413212 -0.720157
v -0.401511 3.117822 -0.065260
v -0.400957 3.103298 0.055507
v -0.391328 3.082098 0.155110
v -0.545383 2.506413 0.308566
v -0.507751 2.430739 0.268853
v -0.460718 2.366636 0.219435
v -0.131462 2.296516 0.252684
v -0.252957 2.302648 0.229677
v -0.354264 2.313136 0.201544
v -0.313771 2.251869 -0.367943
v -0.213418 2.227457 -0.376743
v -0.107980 2.214451 -0.378838
v -0.219655 2.448130 -0.803152
v -0.149419 2.450122 -0.829833
v -0.075275 2.452668 -0.845597
v -0.111778 3.197373 -0.197165
v -0.218377 3.177656 -0.196968
v -0.314615 3.152605 -0.196279
v -0.607829 2.519131 -0.243719
v -0.557218 2.433247 -0.281148
v -0.488841 2.355566 -0.318491
v -0.320362 3.072922 0.235888
v -0.230138 3.085141 0.250462
v -0.120046 3.097933 0.256692
v -0.475720 2.622537 -0.628821
v -0.543034 2.616907 -0.508922
v -0.597164 2.611714 -0.367307
v -0.374085 2.769894 -0.671533
v -0.390765 2.722609 -0.683459
v -0.400886 2.676611 -0.698204
v -0.537112 2.807224 0.344155
v -0.559514 2.737364 0.351454
v -0.571274 2.663555 0.349372
v -0.463175 2.589978 0.405465
v -0.326621 2.598041 0.446024
v -0.168662 2.608881 0.467070
v -0.343713 3.045877 -0.523558
v -0.368000 3.077902 -0.433959
v -0.384756 3.104769 -0.321191
v -0.660014 2.598929 -0.054794
v -0.660710 2.592095 0.096474
v -0.632176 2.587213 0.230197
v -0.105812 2.662784 -0.797921
v -0.208945 2.650264 -0.794357
v -0.306719 2.639009 -0.771047
v -0.432050 2.304812 0.090858
v -0.437251 2.286726 -0.038701
v -0.428755 2.281332 -0.190845
v -0.457062 3.076591 -0.192549
v -0.503517 3.024835 -0.189677
v -0.540107 2.966158 -0.186653
v -0.332954 2.983587 -0.603036
v -0.343819 2.932240 -0.628191
v -0.350411 2.876114 -0.646622
v -0.408678 3.033302 0.249369
v -0.445144 2.987953 0.283159
v -0.478383 2.933679 0.309813
v -0.429741 2.840770 -0.575247
v -0.489557 2.865549 -0.462241
v -0.537368 2.888341 -0.329107
v -0.415139 2.870375 0.392220
v -0.292717 2.874255 0.425966
v -0.151146 2.882374 0.440561
v -0.592447 2.903227 -0.035071
v -0.592683 2.894579 0.107199
v -0.566852 2.882464 0.232333
v -0.096067 2.812979 -0.741999
v -0.189591 2.808885 -0.735823
v -0.278029 2.810512 -0.711535
v -0.095434 2.867218 -0.728396
v -0.097138 2.928592 -0.705802
v -0.100031 2.992285 -0.668942
v -0.187691 2.862973 -0.721216
v -0.189445 2.922491 -0.698458
v -0.192514 2.982954 -0.662420
v -0.273649 2.864862 -0.696837
v -0.272538 2.922296 -0.675319
v -0.270877 2.978054 -0.642776
v -0.557273 2.967206 -0.042615
v -0.516890 3.025334 -0.050912
v -0.466565 3.076053 -0.058914
v -0.556795 2.957849 0.095066
v -0.515715 3.014740 0.080974
v -0.465300 3.063707 0.066449
v -0.532560 2.944504 0.215963
v -0.493995 2.999797 0.195408
v -0.448181 3.046387 0.172062
v -0.115135 2.200298 -0.207625
v -0.227047 2.214022 -0.210810
v -0.332568 2.239113 -0.206605
v -0.120183 2.211212 -0.036426
v -0.235660 2.224140 -0.045970
v -0.342172 2.247382 -0.049057
v -0.124911 2.244247 0.121383
v -0.242325 2.254594 0.104577
v -0.345556 2.272946 0.090256
v -0.318513 3.149807 -0.068930
v -0.220708 3.174001 -0.070555
v -0.112875 3.193076 -0.071090
v -0.319336 3.132874 0.051306
v -0.222478 3.154957 0.051082
v -0.114199 3.172657 0.051320
v -0.317264 3.106319 0.154669
v -0.224484 3.124309 0.160079
v -0.116299 3.139759 0.162893
v -0.390585 2.930422 0.369661
v -0.364841 2.984995 0.338357
v -0.338923 3.032686 0.295055
v -0.275584 2.933861 0.401607
v -0.258403 2.989365 0.367245
v -0.242221 3.039921 0.318463
v -0.142356 2.941675 0.414998
v -0.133803 2.997904 0.378968
v -0.126082 3.050244 0.327779
v -0.415625 2.898209 -0.564610
v -0.401692 2.954645 -0.551194
v -0.380135 3.005594 -0.535076
v -0.468902 2.925502 -0.455578
v -0.446758 2.983058 -0.447969
v -0.415593 3.034957 -0.439842
v -0.510351 2.950588 -0.327034
v -0.480225 3.009022 -0.324882
v -0.440514 3.061223 -0.322791
v -0.078350 2.382727 -0.779377
v -0.155633 2.385534 -0.765222
v -0.230100 2.393346 -0.743682
v -0.086910 2.313739 -0.673820
v -0.172545 2.321386 -0.663213
v -0.255481 2.337478 -0.646932
v -0.097815 2.254627 -0.537411
v -0.193775 2.265662 -0.530829
v -0.286008 2.287194 -0.518494
v -0.381615 2.367668 0.282226
v -0.416149 2.435044 0.340337
v -0.445399 2.511193 0.380609
v -0.271921 2.365395 0.321585
v -0.294522 2.438765 0.384141
v -0.314280 2.518159 0.423816
v -0.141251 2.364655 0.347791
v -0.152419 2.443343 0.410496
v -0.162348 2.526738 0.447924
v -0.284588 3.072390 -0.525140
v -0.203806 3.091503 -0.530657
v -0.106273 3.107973 -0.532967
v -0.298657 3.109795 -0.432549
v -0.210464 3.133341 -0.433367
v -0.108706 3.152167 -0.433710
v -0.308487 3.138117 -0.320419
v -0.215215 3.163260 -0.320147
v -0.110483 3.183040 -0.319964
v -0.512685 2.344301 -0.161272
v -0.581300 2.423020 -0.123669
v -0.631482 2.510312 -0.085736
v -0.518867 2.346063 -0.010255
v -0.584959 2.421129 0.028231
v -0.633263 2.505480 0.066290
v -0.503694 2.356446 0.120411
v -0.562641 2.425015 0.162581
v -0.606748 2.504337 0.201337
v -0.079666 2.516217 -0.867946
v -0.088801 2.572196 -0.857475
v -0.098795 2.620956 -0.829137
v -0.158004 2.508884 -0.853739
v -0.175907 2.561345 -0.846878
v -0.195350 2.608354 -0.822559
v -0.232948 2.499180 -0.824651
v -0.259450 2.548104 -0.818938
v -0.287401 2.594967 -0.797098
v -0.355026 2.452869 -0.701902
v -0.405941 2.505819 -0.681363
v -0.448750 2.563990 -0.654999
v -0.404950 2.416498 -0.598610
v -0.466344 2.478598 -0.568541
v -0.514332 2.547359 -0.536895
v -0.451100 2.381532 -0.467909
v -0.517682 2.452904 -0.432501
v -0.567929 2.531893 -0.397043
v -0.480740 2.678305 -0.609103
v -0.469221 2.732084 -0.595190
v -0.449457 2.785647 -0.584699
v -0.548394 2.682780 -0.489232
v -0.535965 2.745226 -0.476642
v -0.513701 2.805672 -0.468523
v -0.602646 2.686925 -0.347700
v -0.589652 2.757346 -0.336754
v -0.565465 2.824107 -0.331535
v -0.466035 2.665946 0.417076
v -0.456395 2.738005 0.417438
v -0.438136 2.806149 0.408502
v -0.328585 2.673685 0.455335
v -0.321768 2.744578 0.453990
v -0.308901 2.811256 0.443648
v -0.169661 2.684989 0.473965
v -0.166135 2.755107 0.470923
v -0.159493 2.820485 0.459327
v -0.665210 2.682886 -0.036345
v -0.651614 2.761314 -0.028991
v -0.625326 2.834623 -0.029608
v -0.665536 2.675010 0.113693
v -0.651980 2.753049 0.119269
v -0.625782 2.826231 0.116129
v -0.636486 2.667427 0.245824
v -0.623469 2.743540 0.249643
v -0.598474 2.815301 0.244274
v -0.107097 2.698682 -0.775664
v -0.104172 2.732576 -0.761564
v -0.099632 2.769124 -0.751663
v -0.211443 2.687890 -0.773106
v -0.205752 2.724380 -0.758404
v -0.196820 2.763467 -0.747046
v -0.310290 2.680042 -0.750609
v -0.302148 2.720361 -0.735637
v -0.289119 2.762879 -0.723492
vn 0.9706 -0.1332 -0.2007
vn -0.0000 -0.9862 -0.1658
vn 0.0003 0.9992 -0.0403
vn 0.3879 -0.8569 0.3395
vn 0.3382 0.8552 0.3928
vn 0.4691 -0.5489 -0.6918
vn 0.4320 0.6798 -0.5927
vn -0.0000 -0.4926 -0.8702
vn -0.0000 0.7535 -0.6574
vn -0.0000 -0.8696 0.4937
vn -0.0000 0.8754 0.4834
vn 0.4780 0.8749 -0.0784
vn 0.5369 -0.8162 -0.2136
vn 0.6506 0.1552 -0.7434
vn 0.6957 -0.2731 0.6643
vn -0.0000 -0.1376 0.9905
vn -0.0000 0.5741 -0.8188
vn 0.8876 0.4223 -0.1837
vn 0.5899 0.3102 -0.7455
vn 0.6237 0.4574 0.6339
vn -0.0000 0.3564 0.9343
vn -0.0000 0.2139 -0.9769
vn 0.9077 0.3744 -0.1896
vn 0.9444 0.2676 -0.1912
vn 0.9769 0.0891 -0.1942
vn 0.1168 0.7470 -0.6545
vn 0.1806 0.7433 -0.6441
vn 0.2915 0.7208 -0.6289
vn 0.6514 -0.0132 -0.7586
vn 0.6233 -0.1940 -0.7575
vn 0.5606 -0.3812 -0.7352
vn 0.5378 -0.7670 -0.3500
vn 0.5231 -0.7131 -0.4667
vn 0.5014 -0.6427 -0.5793
vn 0.4510 0.8912 0.0477
vn 0.4179 0.8930 0.1668
vn 0.3798 0.8804 0.2839
vn 0.6411 -0.4855 0.5944
vn 0.5656 -0.6496 0.5081
vn 0.4757 -0.7733 0.4192
vn 0.1100 -0.8750 0.4715
vn 0.1660 -0.8816 0.4419
vn 0.2631 -0.8781 0.3996
vn 0.3407 -0.9197 -0.1953
vn 0.1855 -0.9663 -0.1785
vn 0.0945 -0.9810 -0.1695
vn 0.3447 -0.5526 -0.7588
vn 0.2121 -0.5420 -0.8131
vn 0.1160 -0.5160 -0.8487
vn 0.1656 0.9853 -0.0423
vn 0.2155 0.9753 -0.0481
vn 0.3150 0.9473 -0.0586
vn 0.9167 -0.3399 -0.2100
vn 0.8316 -0.5105 -0.2189
vn 0.7104 -0.6679 -0.2219
vn 0.2364 0.8694 0.4339
vn 0.1589 0.8737 0.4598
vn 0.1138 0.8716 0.4767
vn -0.0000 0.9948 0.1014
vn -0.0000 0.9741 0.2260
vn -0.0000 0.9378 0.3472
vn -0.0000 -1.0000 -0.0084
vn -0.0000 -0.9904 0.1381
vn -0.0000 -0.9551 0.2963
vn -0.0000 -0.2954 0.9554
vn -0.0000 -0.4979 0.8672
vn -0.0000 -0.7090 0.7052
vn -0.0000 0.5702 -0.8215
vn -0.0000 0.3794 -0.9253
vn -0.0000 -0.0359 -0.9994
vn 0.8177 0.0102 -0.5756
vn 0.9022 -0.0675 -0.4261
vn 0.9459 -0.1067 -0.3065
vn -0.0000 -0.7562 -0.6543
vn -0.0000 -0.8762 -0.4819
vn -0.0000 -0.9451 -0.3267
vn 0.5745 0.3605 -0.7348
vn 0.5833 0.3676 -0.7243
vn 0.6181 0.2991 -0.7269
vn 0.6589 0.3487 0.6665
vn 0.6944 0.1876 0.6947
vn 0.7136 -0.0307 0.6998
vn -0.0000 0.2475 0.9689
vn -0.0000 0.1253 0.9921
vn -0.0000 -0.0054 1.0000
vn -0.0000 0.2186 -0.9758
vn -0.0000 0.3098 -0.9508
vn -0.0000 0.4576 -0.8892
vn -0.0000 0.8713 -0.4908
vn -0.0000 0.9414 -0.3373
vn -0.0000 0.9817 -0.1903
vn 0.4077 -0.2534 0.8773
vn 0.1965 -0.2082 0.9581
vn 0.0898 -0.1624 0.9826
vn 0.4770 0.7396 -0.4749
vn 0.4991 0.7968 -0.3407
vn 0.4964 0.8426 -0.2088
vn 0.9834 -0.1632 -0.0795
vn 0.9746 -0.2032 0.0944
vn 0.9019 -0.2481 0.3536
vn 0.0628 0.5543 -0.8300
vn 0.1857 0.4823 -0.8561
vn 0.4040 0.3420 -0.8484
vn 0.4343 -0.8766 0.2075
vn 0.4793 -0.8749 0.0693
vn 0.5156 -0.8540 -0.0692
vn 0.6624 0.7413 -0.1079
vn 0.7967 0.5879 -0.1401
vn 0.8638 0.4752 -0.1671
vn 0.5173 0.5374 -0.6661
vn 0.5824 0.3857 -0.7156
vn 0.6034 0.2969 -0.7401
vn 0.4214 0.7801 0.4625
vn 0.5118 0.6708 0.5368
vn 0.5811 0.5550 0.5952
vn -0.0000 0.7716 0.6362
vn -0.0000 0.6291 0.7773
vn -0.0000 0.4796 0.8775
vn -0.0000 0.5886 -0.8084
vn -0.0000 0.4190 -0.9080
vn -0.0000 0.2857 -0.9583
vn 0.7482 0.3297 -0.5757
vn 0.8291 0.3565 -0.4308
vn 0.8688 0.3890 -0.3064
vn 0.3781 0.4040 0.8329
vn 0.1871 0.3643 0.9123
vn 0.0859 0.3533 0.9316
vn 0.8908 0.4521 -0.0458
vn 0.8710 0.4747 0.1267
vn 0.7992 0.4824 0.3586
vn 0.0287 0.2280 -0.9732
vn 0.1585 0.2585 -0.9529
vn 0.3653 0.2873 -0.8855
vn 0.0462 0.2910 -0.9556
vn 0.0661 0.4185 -0.9058
vn 0.0901 0.5848 -0.8061
vn 0.1684 0.3017 -0.9384
vn 0.1723 0.4194 -0.8913
vn 0.1738 0.5829 -0.7937
vn 0.3726 0.3006 -0.8780
vn 0.3595 0.4032 -0.8415
vn 0.3237 0.5602 -0.7625
vn 0.8532 0.5206 -0.0319
vn 0.7723 0.6351 -0.0093
vn 0.6308 0.7757 0.0192
vn 0.8233 0.5521 0.1318
vn 0.7344 0.6641 0.1401
vn 0.5916 0.7920 0.1508
vn 0.7476 0.5674 0.3452
vn 0.6605 0.6767 0.3252
vn 0.5358 0.7902 0.2975
vn 0.0948 -0.9954 -0.0141
vn 0.1763 -0.9840 -0.0239
vn 0.3213 -0.9460 -0.0436
vn 0.0982 -0.9867 0.1296
vn 0.1671 -0.9789 0.1178
vn 0.2953 -0.9506 0.0955
vn 0.1035 -0.9537 0.2825
vn 0.1614 -0.9507 0.2650
vn 0.2675 -0.9346 0.2344
vn 0.2975 0.9521 0.0703
vn 0.2046 0.9751 0.0858
vn 0.1578 0.9827 0.0965
vn 0.2733 0.9435 0.1872
vn 0.1876 0.9605 0.2057
vn 0.1446 0.9649 0.2194
vn 0.2463 0.9211 0.3016
vn 0.1700 0.9305 0.3245
vn 0.1292 0.9315 0.3400
vn 0.3554 0.5169 0.7788
vn 0.3170 0.6504 0.6903
vn 0.2682 0.7756 0.5714
vn 0.1804 0.4867 0.8547
vn 0.1699 0.6342 0.7543
vn 0.1598 0.7741 0.6126
vn 0.0875 0.4769 0.8746
vn 0.0921 0.6268 0.7737
vn 0.1009 0.7693 0.6309
vn 0.7644 0.3123 -0.5640
vn 0.7385 0.3994 -0.5432
vn 0.6495 0.5647 -0.5092
vn 0.8370 0.3576 -0.4142
vn 0.8015 0.4526 -0.3909
vn 0.6886 0.6265 -0.3651
vn 0.8614 0.4176 -0.2892
vn 0.8109 0.5227 -0.2630
vn 0.6861 0.6888 -0.2342
vn 0.1099 -0.7591 -0.6416
vn 0.1959 -0.7541 -0.6269
vn 0.3276 -0.7288 -0.6013
vn 0.1043 -0.8725 -0.4774
vn 0.1934 -0.8579 -0.4761
vn 0.3409 -0.8127 -0.4726
vn 0.0983 -0.9398 -0.3273
vn 0.1915 -0.9231 -0.3335
vn 0.3470 -0.8728 -0.3432
vn 0.3048 -0.7675 0.5640
vn 0.3544 -0.6206 0.6995
vn 0.3880 -0.4465 0.8063
vn 0.1807 -0.7513 0.6348
vn 0.1940 -0.5731 0.7962
vn 0.1982 -0.3839 0.9019
vn 0.1132 -0.7257 0.6786
vn 0.1090 -0.5251 0.8440
vn 0.0993 -0.3260 0.9401
vn 0.2987 0.8312 -0.4690
vn 0.1943 0.8562 -0.4787
vn 0.1399 0.8622 -0.4868
vn 0.3174 0.8895 -0.3286
vn 0.2088 0.9208 -0.3294
vn 0.1561 0.9296 -0.3340
vn 0.3222 0.9266 -0.1937
vn 0.2169 0.9577 -0.1892
vn 0.1649 0.9680 -0.1891
vn 0.6972 -0.7115 -0.0876
vn 0.8291 -0.5512 -0.0935
vn 0.9226 -0.3751 -0.0895
vn 0.6618 -0.7476 0.0559
vn 0.8004 -0.5965 0.0595
vn 0.9035 -0.4221 0.0738
vn 0.6019 -0.7672 0.2216
vn 0.7254 -0.6362 0.2627
vn 0.8273 -0.4695 0.3085
vn 0.1176 -0.0848 -0.9894
vn 0.1071 0.3272 -0.9389
vn 0.0879 0.5332 -0.8414
vn 0.2361 -0.1674 -0.9572
vn 0.2403 0.2110 -0.9475
vn 0.2165 0.4295 -0.8767
vn 0.4002 -0.2619 -0.8782
vn 0.4381 0.0270 -0.8985
vn 0.4310 0.2336 -0.8716
vn 0.6427 -0.5020 -0.5787
vn 0.7291 -0.3570 -0.5839
vn 0.7888 -0.1947 -0.5829
vn 0.6775 -0.5755 -0.4580
vn 0.7812 -0.4360 -0.4468
vn 0.8565 -0.2780 -0.4348
vn 0.7014 -0.6232 -0.3459
vn 0.8140 -0.4761 -0.3327
vn 0.8950 -0.3136 -0.3173
vn 0.7953 0.2166 -0.5662
vn 0.7512 0.3420 -0.5646
vn 0.7324 0.3697 -0.5718
vn 0.8928 0.1562 -0.4225
vn 0.8501 0.3101 -0.4256
vn 0.8230 0.3689 -0.4320
vn 0.9459 0.1160 -0.3031
vn 0.9088 0.2840 -0.3058
vn 0.8762 0.3691 -0.3099
vn 0.4137 -0.0498 0.9091
vn 0.4075 0.1382 0.9027
vn 0.3941 0.2892 0.8724
vn 0.1945 -0.0430 0.9800
vn 0.1934 0.1135 0.9745
vn 0.1911 0.2499 0.9492
vn 0.0849 -0.0215 0.9962
vn 0.0845 0.1158 0.9897
vn 0.0853 0.2422 0.9665
vn 0.9954 0.0668 -0.0681
vn 0.9642 0.2586 -0.0593
vn 0.9220 0.3835 -0.0530
vn 0.9928 0.0417 0.1122
vn 0.9605 0.2505 0.1213
vn 0.9118 0.3914 0.1244
vn 0.9245 0.0073 0.3811
vn 0.8943 0.2307 0.3833
vn 0.8443 0.3861 0.3717
vn 0.0352 0.4568 -0.8889
vn 0.0172 0.3260 -0.9452
vn 0.0163 0.2391 -0.9709
vn 0.1613 0.4320 -0.8873
vn 0.1486 0.3490 -0.9252
vn 0.1492 0.2817 -0.9478
vn 0.3744 0.3813 -0.8452
vn 0.3564 0.3695 -0.8582
vn 0.3554 0.3281 -0.8752
vn -0.9706 -0.1332 -0.2007
vn -0.3879 -0.8569 0.3395
vn -0.3382 0.8552 0.3928
vn -0.4691 -0.5489 -0.6918
vn -0.4320 0.6798 -0.5927
vn -0.4780 0.8749 -0.0784
vn -0.5369 -0.8162 -0.2136
vn -0.6506 0.1552 -0.7434
vn -0.6957 -0.2731 0.6643
vn -0.8876 0.4223 -0.1837
vn -0.5899 0.3102 -0.7455
vn -0.6237 0.4574 0.6339
vn -0.9077 0.3744 -0.1896
vn -0.9444 0.2676 -0.1912
vn -0.9769 0.0891 -0.1942
vn -0.1168 0.7470 -0.6545
vn -0.1806 0.7433 -0.6441
vn -0.2915 0.7208 -0.6289
vn -0.6514 -0.0132 -0.7586
vn -0.6233 -0.1940 -0.7575
vn -0.5606 -0.3812 -0.7352
vn -0.5378 -0.7670 -0.3500
vn -0.5231 -0.7131 -0.4667
vn -0.5014 -0.6427 -0.5793
vn -0.4510 0.8912 0.0477
vn -0.4179 0.8930 0.1668
vn -0.3798 0.8804 0.2839
vn -0.6410 -0.4855 0.5944
vn -0.5656 -0.6496 0.5081
vn -0.4757 -0.7733 0.4192
vn -0.1100 -0.8750 0.4715
vn -0.1660 -0.8816 0.4419
vn -0.2631 -0.8781 0.3996
vn -0.3407 -0.9197 -0.1953
vn -0.1855 -0.9663 -0.1785
vn -0.0945 -0.9810 -0.1695
vn -0.3447 -0.5526 -0.7588
vn -0.2121 -0.5420 -0.8131
vn -0.1160 -0.5160 -0.8487
vn -0.1654 0.9853 -0.0423
vn -0.2155 0.9753 -0.0481
vn -0.3150 0.9473 -0.0586
vn -0.9167 -0.3399 -0.2100
vn -0.8316 -0.5105 -0.2189
vn -0.7104 -0.6679 -0.2219
vn -0.2364 0.8694 0.4339
vn -0.1589 0.8737 0.4598
vn -0.1138 0.8716 0.4767
vn -0.8177 0.0102 -0.5756
vn -0.9022 -0.0675 -0.4261
vn -0.9459 -0.1067 -0.3065
vn -0.5745 0.3605 -0.7348
vn -0.5833 0.3676 -0.7243
vn -0.6181 0.2991 -0.7269
vn -0.6589 0.3487 0.6665
vn -0.6944 0.1876 0.6947
vn -0.7136 -0.0307 0.6998
vn -0.4077 -0.2534 0.8773
vn -0.1965 -0.2082 0.9581
vn -0.0898 -0.1624 0.9826
vn -0.4770 0.7396 -0.4749
vn -0.4991 0.7968 -0.3407
vn -0.4964 0.8426 -0.2088
vn -0.9834 -0.1632 -0.0795
vn -0.9746 -0.2032 0.0944
vn -0.9019 -0.2481 0.3536
vn -0.0628 0.5543 -0.8300
vn -0.1857 0.4823 -0.8561
vn -0.4040 0.3420 -0.8484
vn -0.4343 -0.8766 0.2075
vn -0.4793 -0.8749 0.0693
vn -0.5156 -0.8540 -0.0692
vn -0.6624 0.7413 -0.1079
vn -0.7967 0.5879 -0.1401
vn -0.8638 0.4752 -0.1671
vn -0.5173 0.5374 -0.6661
vn -0.5824 0.3857 -0.7156
vn -0.6034 0.2969 -0.7401
vn -0.4214 0.7801 0.4625
vn -0.5118 0.6708 0.5368
vn -0.5811 0.5550 0.5952
vn -0.7482 0.3297 -0.5757
vn -0.8291 0.3565 -0.4308
vn -0.8688 0.3890 -0.3064
vn -0.3781 0.4040 0.8329
vn -0.1871 0.3643 0.9123
vn -0.0859 0.3533 0.9316
vn -0.8908 0.4521 -0.0458
vn -0.8710 0.4747 0.1267
vn -0.7992 0.4824 0.3586
vn -0.0287 0.2280 -0.9732
vn -0.1585 0.2585 -0.9529
vn -0.3653 0.2873 -0.8855
vn -0.0462 0.2910 -0.9556
vn -0.0661 0.4185 -0.9058
vn -0.0901 0.5848 -0.8061
vn -0.1684 0.3017 -0.9384
vn -0.1723 0.4194 -0.8913
vn -0.1738 0.5829 -0.7937
vn -0.3726 0.3006 -0.8780
vn -0.3595 0.4032 -0.8415
vn -0.3237 0.5602 -0.7625
vn -0.8532 0.5206 -0.0319
vn -0.7723 0.6351 -0.0093
vn -0.6309 0.7757 0.0192
vn -0.8233 0.5521 0.1318
vn -0.7344 0.6641 0.1401
vn -0.5916 0.7920 0.1508
vn -0.7476 0.5674 0.3452
vn -0.6605 0.6767 0.3252
vn -0.5358 0.7902 0.2975
vn -0.0948 -0.9954 -0.0141
vn -0.1763 -0.9840 -0.0239
vn -0.3213 -0.9460 -0.0436
vn -0.0982 -0.9867 0.1296
vn -0.1671 -0.9789 0.1178
vn -0.2953 -0.9506 0.0955
vn -0.1035 -0.9537 0.2825
vn -0.1614 -0.9507 0.2650
vn -0.2675 -0.9346 0.2344
vn -0.2975 0.9521 0.0703
vn -0.2046 0.9751 0.0858
vn -0.1578 0.9828 0.0965
vn -0.2733 0.9435 0.1872
vn -0.1876 0.9605 0.2057
vn -0.1446 0.9649 0.2194
vn -0.2463 0.9211 0.3016
vn -0.1700 0.9305 0.3245
vn -0.1292 0.9315 0.3400
vn -0.3554 0.5169 0.7788
vn -0.3170 0.6504 0.6903
vn -0.2682 0.7756 0.5714
vn -0.1804 0.4867 0.8547
vn -0.1699 0.6342 0.7543
vn -0.1598 0.7741 0.6126
vn -0.0875 0.4769 0.8746
vn -0.0921 0.6268 0.7737
vn -0.1009 0.7693 0.6309
vn -0.7644 0.3123 -0.5640
vn -0.7385 0.3994 -0.5432
vn -0.6495 0.5647 -0.5092
vn -0.8370 0.3576 -0.4142
vn -0.8015 0.4526 -0.3909
vn -0.6886 0.6265 -0.3651
vn -0.8614 0.4176 -0.2892
vn -0.8109 0.5227 -0.2630
vn -0.6861 0.6888 -0.2342
vn -0.1099 -0.7591 -0.6416
vn -0.1959 -0.7541 -0.6269
vn -0.3276 -0.7288 -0.6013
vn -0.1043 -0.8725 -0.4774
vn -0.1934 -0.8579 -0.4761
vn -0.3409 -0.8127 -0.4726
vn -0.0983 -0.9398 -0.3273
vn -0.1915 -0.9231 -0.3335
vn -0.3470 -0.8728 -0.3432
vn -0.3048 -0.7675 0.5640
vn -0.3544 -0.6206 0.6995
vn -0.3880 -0.4465 0.8063
vn -0.1807 -0.7513 0.6348
vn -0.1940 -0.5731 0.7962
vn -0.1982 -0.3839 0.9019
vn -0.1132 -0.7257 0.6786
vn -0.1090 -0.5251 0.8440
vn -0.0993 -0.3260 0.9401
vn -0.2987 0.8312 -0.4690
vn -0.1943 0.8562 -0.4787
vn -0.1399 0.8622 -0.4868
vn -0.3174 0.8895 -0.3286
vn -0.2088 0.9208 -0.3294
vn -0.1561 0.9296 -0.3340
vn -0.3222 0.9266 -0.1937
vn -0.2169 0.9577 -0.1892
vn -0.1648 0.9680 -0.1891
vn -0.6972 -0.7115 -0.0876
vn -0.8291 -0.5512 -0.0935
vn -0.9226 -0.3751 -0.0895
vn -0.6618 -0.7476 0.0559
vn -0.8004 -0.5965 0.0595
vn -0.9035 -0.4221 0.0738
vn -0.6019 -0.7672 0.2216
vn -0.7254 -0.6362 0.2627
vn -0.8273 -0.4695 0.3085
vn -0.1176 -0.0848 -0.9894
vn -0.1071 0.3272 -0.9389
vn -0.0879 0.5332 -0.8414
vn -0.2361 -0.1674 -0.9572
vn -0.2403 0.2110 -0.9475
vn -0.2165 0.4295 -0.8767
vn -0.4002 -0.2619 -0.8782
vn -0.4381 0.0270 -0.8985
vn -0.4310 0.2336 -0.8716
vn -0.6427 -0.5020 -0.5787
vn -0.7291 -0.3570 -0.5839
vn -0.7888 -0.1947 -0.5829
vn -0.6775 -0.5755 -0.4580
vn -0.7812 -0.4360 -0.4468
vn -0.8565 -0.2780 -0.4348
vn -0.7014 -0.6232 -0.3459
vn -0.8140 -0.4761 -0.3327
vn -0.8950 -0.3136 -0.3173
vn -0.7953 0.2166 -0.5662
vn -0.7512 0.3420 -0.5646
vn -0.7324 0.3697 -0.5718
vn -0.8928 0.1562 -0.4225
vn -0.8501 0.3101 -0.4256
vn -0.8230 0.3689 -0.4320
vn -0.9459 0.1160 -0.3031
vn -0.9088 0.2840 -0.3058
vn -0.8762 0.3691 -0.3099
vn -0.4137 -0.0498 0.9091
vn -0.4075 0.1382 0.9027
vn -0.3941 0.2892 0.8724
vn -0.1945 -0.0430 0.9800
vn -0.1934 0.1135 0.9745
vn -0.1911 0.2499 0.9492
vn -0.0849 -0.0215 0.9962
vn -0.0845 0.1158 0.9897
vn -0.0853 0.2422 0.9665
vn -0.9954 0.0668 -0.0681
vn -0.9642 0.2586 -0.0593
vn -0.9220 0.3835 -0.0530
vn -0.9928 0.0417 0.1122
vn -0.9605 0.2505 0.1213
vn -0.9118 0.3914 0.1244
vn -0.9245 0.0073 0.3811
vn -0.8943 0.2307 0.3833
vn -0.8443 0.3861 0.3717
vn -0.0352 0.4568 -0.8889
vn -0.0172 0.3260 -0.9452
vn -0.0163 0.2391 -0.9709
vn -0.1613 0.4320 -0.8873
vn -0.1486 0.3490 -0.9252
vn -0.1492 0.2817 -0.9478
vn -0.3744 0.3813 -0.8452
vn -0.3564 0.3695 -0.8582
vn -0.3554 0.3281 -0.8752
vt 0.082271 0.686132
vt 0.072334 0.674936
vt 0.086170 0.663879
vt 0.094265 0.673331
vt 0.062734 0.662237
vt 0.078530 0.652526
vt 0.098065 0.652634
vt 0.105242 0.660411
vt 0.091197 0.643466
vt 0.082568 0.712403
vt 0.070036 0.699190
vt 0.091075 0.694976
vt 0.057505 0.685977
vt 0.044974 0.672765
vt 0.032442 0.659552
vt 0.055267 0.646691
vt 0.072685 0.638638
vt 0.086126 0.632497
vt 0.094452 0.628355
vt 0.100146 0.633734
vt 0.107254 0.640397
vt 0.114229 0.646661
vt 0.112249 0.666480
vt 0.121026 0.651764
vt 0.101874 0.680570
vt 0.139287 0.569751
vt 0.131265 0.566735
vt 0.137705 0.553106
vt 0.145554 0.555803
vt 0.122225 0.562939
vt 0.129004 0.549502
vt 0.143291 0.539255
vt 0.151153 0.541325
vt 0.134826 0.536573
vt 0.141136 0.586946
vt 0.133531 0.584116
vt 0.146796 0.572321
vt 0.125404 0.580870
vt 0.116143 0.577164
vt 0.105136 0.572952
vt 0.111682 0.557990
vt 0.119239 0.544165
vt 0.126169 0.531903
vt 0.130761 0.523170
vt 0.137895 0.523537
vt 0.146574 0.524284
vt 0.154903 0.525349
vt 0.158570 0.543284
vt 0.162823 0.526767
vt 0.152918 0.558118
vt 0.273454 0.627848
vt 0.253719 0.622156
vt 0.257547 0.593763
vt 0.275962 0.592747
vt 0.236728 0.617148
vt 0.241143 0.593719
vt 0.257735 0.566548
vt 0.275642 0.558271
vt 0.242526 0.572020
vt 0.295494 0.677959
vt 0.265035 0.659654
vt 0.295494 0.634595
vt 0.245033 0.648974
vt 0.228850 0.640330
vt 0.215110 0.632197
vt 0.222045 0.611830
vt 0.226754 0.591829
vt 0.229795 0.573762
vt 0.231416 0.561002
vt 0.240223 0.554139
vt 0.253799 0.543328
vt 0.271175 0.528632
vt 0.295494 0.547867
vt 0.295494 0.504503
vt 0.295494 0.591231
vt 0.099225 0.551611
vt 0.084723 0.543939
vt 0.095867 0.526480
vt 0.108242 0.536420
vt 0.068178 0.535236
vt 0.082126 0.514858
vt 0.107946 0.511116
vt 0.117563 0.523314
vt 0.096927 0.495974
vt 0.091851 0.568191
vt 0.076068 0.562852
vt 0.057405 0.556850
vt 0.032561 0.549434
vt 0.050094 0.525896
vt 0.067627 0.502358
vt 0.085160 0.478820
vt 0.102693 0.455282
vt 0.111640 0.480872
vt 0.120193 0.499329
vt 0.126885 0.513797
vt 0.155952 0.507131
vt 0.146504 0.507425
vt 0.143660 0.488585
vt 0.154771 0.486845
vt 0.136652 0.509128
vt 0.132133 0.492228
vt 0.139014 0.467986
vt 0.152157 0.464923
vt 0.125585 0.472545
vt 0.165008 0.507765
vt 0.118084 0.450859
vt 0.133474 0.446435
vt 0.148865 0.442012
vt 0.164958 0.463273
vt 0.164256 0.437589
vt 0.165501 0.486476
vt 0.120591 0.631570
vt 0.113380 0.626501
vt 0.117523 0.611427
vt 0.125148 0.615624
vt 0.105376 0.621546
vt 0.108762 0.607338
vt 0.121097 0.595952
vt 0.129074 0.599560
vt 0.111917 0.592215
vt 0.127499 0.635882
vt 0.096043 0.618371
vt 0.098118 0.604224
vt 0.100829 0.588672
vt 0.136544 0.602749
vt 0.132335 0.619302
vt 0.197536 0.719136
vt 0.193775 0.704935
vt 0.212607 0.690692
vt 0.222289 0.703043
vt 0.189668 0.692385
vt 0.203614 0.679209
vt 0.230608 0.671949
vt 0.246232 0.683751
vt 0.217300 0.661453
vt 0.169277 0.753817
vt 0.174682 0.729204
vt 0.200832 0.734853
vt 0.176156 0.713004
vt 0.176827 0.699504
vt 0.177264 0.689700
vt 0.184728 0.681719
vt 0.195032 0.668491
vt 0.205702 0.651546
vt 0.263940 0.696923
vt 0.232386 0.715888
vt 0.233276 0.541296
vt 0.223457 0.531796
vt 0.233823 0.513548
vt 0.245317 0.526103
vt 0.212636 0.524382
vt 0.221187 0.503870
vt 0.245558 0.493904
vt 0.260082 0.508570
vt 0.230179 0.481560
vt 0.224403 0.555472
vt 0.214905 0.548968
vt 0.204968 0.543092
vt 0.195359 0.538126
vt 0.201903 0.518656
vt 0.208673 0.496725
vt 0.215270 0.472158
vt 0.220513 0.442393
vt 0.239258 0.457921
vt 0.258004 0.473448
vt 0.276749 0.488975
vt 0.084391 0.618773
vt 0.069727 0.621708
vt 0.069341 0.602656
vt 0.084981 0.602765
vt 0.052069 0.626281
vt 0.051512 0.603374
vt 0.071168 0.582708
vt 0.087261 0.585556
vt 0.052703 0.579888
vt 0.032472 0.632022
vt 0.032502 0.604493
vt 0.032531 0.576964
vt 0.209167 0.605443
vt 0.197772 0.598454
vt 0.202936 0.581973
vt 0.214133 0.587604
vt 0.187585 0.591618
vt 0.192837 0.576118
vt 0.208328 0.565574
vt 0.218697 0.570792
vt 0.198476 0.560155
vt 0.202990 0.623696
vt 0.192129 0.615173
vt 0.182283 0.607278
vt 0.173205 0.600663
vt 0.178355 0.585641
vt 0.183677 0.570804
vt 0.189302 0.555263
vt 0.156324 0.729239
vt 0.140607 0.723890
vt 0.148428 0.709398
vt 0.161168 0.713736
vt 0.126260 0.717052
vt 0.137307 0.702951
vt 0.155792 0.694897
vt 0.165660 0.699521
vt 0.147018 0.688226
vt 0.150884 0.746110
vt 0.132490 0.738404
vt 0.114097 0.730697
vt 0.095703 0.722991
vt 0.114468 0.710737
vt 0.127981 0.696680
vt 0.139179 0.681758
vt 0.148475 0.666064
vt 0.155607 0.672805
vt 0.163073 0.680138
vt 0.170848 0.686226
vt 0.178056 0.673038
vt 0.170631 0.664845
vt 0.178245 0.648848
vt 0.186545 0.658365
vt 0.163315 0.656689
vt 0.170268 0.640150
vt 0.185544 0.632131
vt 0.195202 0.641660
vt 0.176559 0.623541
vt 0.156115 0.649695
vt 0.162494 0.633034
vt 0.168045 0.616539
vt 0.148890 0.644891
vt 0.141668 0.641667
vt 0.147146 0.624771
vt 0.154781 0.628106
vt 0.134515 0.639004
vt 0.139645 0.622134
vt 0.151845 0.608093
vt 0.159824 0.611558
vt 0.144091 0.605403
vt 0.141499 0.661382
vt 0.134618 0.658172
vt 0.127804 0.655333
vt 0.148747 0.589493
vt 0.156557 0.592244
vt 0.164673 0.595776
vt 0.191970 0.514367
vt 0.182723 0.511264
vt 0.186371 0.489056
vt 0.197135 0.492003
vt 0.173839 0.509118
vt 0.175942 0.487243
vt 0.189508 0.465002
vt 0.201948 0.467374
vt 0.177299 0.463554
vt 0.186536 0.534137
vt 0.178362 0.531016
vt 0.170553 0.528611
vt 0.178320 0.438790
vt 0.192385 0.439991
vt 0.206449 0.441192
vt 0.169847 0.581029
vt 0.161870 0.577550
vt 0.167560 0.563187
vt 0.175321 0.566536
vt 0.154246 0.574787
vt 0.160167 0.560476
vt 0.173199 0.548046
vt 0.180937 0.551253
vt 0.165830 0.545453
vt 0.107210 0.706494
vt 0.102095 0.703338
vt 0.114402 0.688785
vt 0.120603 0.692160
vt 0.097190 0.700060
vt 0.108424 0.685368
vt 0.125427 0.673826
vt 0.132079 0.677149
vt 0.118913 0.670654
vt 0.092419 0.720344
vt 0.089136 0.717697
vt 0.085852 0.715050
s 1
usemtl Material
f 134/1/134 135/2/135 138/3/138 137/4/137
f 135/2/135 136/5/136 139/6/139 138/3/138
f 137/4/137 138/3/138 141/7/141 140/8/140
f 138/3/138 139/6/139 142/9/142 141/7/141
f 22/10/22 121/11/121 134/1/134 131/12/131
f 121/11/121 120/13/120 135/2/135 134/1/134
f 120/13/120 119/14/119 136/5/136 135/2/135
f 119/14/119 9/15/9 26/16/26 136/5/136
f 136/5/136 26/16/26 27/17/27 139/6/139
f 139/6/139 27/17/27 28/18/28 142/9/142
f 142/9/142 28/18/28 7/19/7 110/20/110
f 141/7/141 142/9/142 110/20/110 111/21/111
f 140/8/140 141/7/141 111/21/111 112/22/112
f 133/23/133 140/8/140 112/22/112 19/24/19
f 132/25/132 137/4/137 140/8/140 133/23/133
f 131/12/131 134/1/134 137/4/137 132/25/132
f 143/26/143 144/27/144 147/28/147 146/29/146
f 144/27/144 145/30/145 148/31/148 147/28/147
f 146/29/146 147/28/147 150/32/150 149/33/149
f 147/28/147 148/31/148 151/34/151 150/32/150
f 18/35/18 109/36/109 143/26/143 128/37/128
f 109/36/109 108/38/108 144/27/144 143/26/143
f 108/38/108 107/39/107 145/30/145 144/27/144
f 107/39/107 12/40/12 35/41/35 145/30/145
f 145/30/145 35/41/35 36/42/36 148/31/148
f 148/31/148 36/42/36 37/43/37 151/34/151
f 151/34/151 37/43/37 5/44/5 113/45/113
f 150/32/150 151/34/151 113/45/113 114/46/114
f 149/33/149 150/32/150 114/46/114 115/47/115
f 130/48/130 149/33/149 115/47/115 20/49/20
f 129/50/129 146/29/146 149/33/149 130/48/130
f 128/37/128 143/26/143 146/29/146 129/50/129
f 152/51/152 153/52/153 156/53/156 155/54/155
f 153/52/153 154/55/154 157/56/157 156/53/156
f 155/54/155 156/53/156 159/57/159 158/58/158
f 156/53/156 157/56/157 160/59/160 159/57/159
f 2/60/2 46/61/46 152/51/152 62/62/62
f 46/61/46 45/63/45 153/52/153 152/51/152
f 45/63/45 44/64/44 154/55/154 153/52/153
f 44/64/44 13/65/13 106/66/106 154/55/154
f 154/55/154 106/66/106 105/67/105 157/56/157
f 157/56/157 105/67/105 104/68/104 160/59/160
f 160/59/160 104/68/104 4/69/4 43/70/43
f 159/57/159 160/59/160 43/70/43 42/71/42
f 158/58/158 159/57/159 42/71/42 41/72/41
f 64/73/64 158/58/158 41/72/41 10/74/10
f 63/75/63 155/54/155 158/58/158 64/73/64
f 62/62/62 152/51/152 155/54/155 63/75/63
f 161/76/161 162/77/162 165/78/165 164/79/164
f 162/77/162 163/80/163 166/81/166 165/78/165
f 164/79/164 165/78/165 168/82/168 167/83/167
f 165/78/165 166/81/166 169/84/169 168/82/168
f 12/40/12 52/85/52 161/76/161 35/41/35
f 52/85/52 51/86/51 162/77/162 161/76/161
f 51/86/51 50/87/50 163/80/163 162/77/162
f 50/87/50 3/88/3 59/89/59 163/80/163
f 163/80/163 59/89/59 60/90/60 166/81/166
f 166/81/166 60/90/60 61/91/61 169/84/169
f 169/84/169 61/91/61 11/92/11 58/93/58
f 168/82/168 169/84/169 58/93/58 57/94/57
f 167/83/167 168/82/168 57/94/57 56/95/56
f 37/43/37 167/83/167 56/95/56 5/44/5
f 36/42/36 164/79/164 167/83/167 37/43/37
f 35/41/35 161/76/161 164/79/164 36/42/36
f 170/96/170 171/97/171 174/98/174 173/99/173
f 171/97/171 172/100/172 175/101/175 174/98/174
f 173/99/173 174/98/174 177/102/177 176/103/176
f 174/98/174 175/101/175 178/104/178 177/102/177
f 20/49/20 115/47/115 170/96/170 125/105/125
f 115/47/115 114/46/114 171/97/171 170/96/170
f 114/46/114 113/45/113 172/100/172 171/97/171
f 113/45/113 5/44/5 56/95/56 172/100/172
f 172/100/172 56/95/56 57/94/57 175/101/175
f 175/101/175 57/94/57 58/93/58 178/104/178
f 178/104/178 58/93/58 11/92/11 116/106/116
f 177/102/177 178/104/178 116/106/116 117/107/117
f 176/103/176 177/102/177 117/107/117 118/108/118
f 127/109/127 176/103/176 118/108/118 21/110/21
f 126/111/126 173/99/173 176/103/176 127/109/127
f 125/105/125 170/96/170 173/99/173 126/111/126
f 179/112/179 180/113/180 183/114/183 182/115/182
f 180/113/180 181/116/181 184/117/184 183/114/183
f 182/115/182 183/114/183 186/118/186 185/119/185
f 183/114/183 184/117/184 187/120/187 186/118/186
f 19/24/19 112/22/112 179/112/179 122/121/122
f 112/22/112 111/21/111 180/113/180 179/112/179
f 111/21/111 110/20/110 181/116/181 180/113/180
f 110/20/110 7/19/7 95/122/95 181/116/181
f 181/116/181 95/122/95 96/123/96 184/117/184
f 184/117/184 96/123/96 97/124/97 187/120/187
f 187/120/187 97/124/97 12/40/12 107/39/107
f 186/118/186 187/120/187 107/39/107 108/38/108
f 185/119/185 186/118/186 108/38/108 109/36/109
f 124/125/124 185/119/185 109/36/109 18/35/18
f 123/126/123 182/115/182 185/119/185 124/125/124
f 122/121/122 179/112/179 182/115/182 123/126/123
f 188/127/188 189/128/189 192/129/192 191/130/191
f 189/128/189 190/131/190 193/132/193 192/129/192
f 191/130/191 192/129/192 195/133/195 194/134/194
f 192/129/192 193/132/193 196/135/196 195/133/195
f 8/136/8 49/137/49 188/127/188 74/138/74
f 49/137/49 48/139/48 189/128/189 188/127/188
f 48/139/48 47/140/47 190/131/190 189/128/189
f 47/140/47 6/141/6 34/142/34 190/131/190
f 190/131/190 34/142/34 33/143/33 193/132/193
f 193/132/193 33/143/33 32/144/32 196/135/196
f 196/135/196 32/144/32 13/65/13 44/64/44
f 195/133/195 196/135/196 44/64/44 45/63/45
f 194/134/194 195/133/195 45/63/45 46/61/46
f 76/145/76 194/134/194 46/61/46 2/60/2
f 75/146/75 191/130/191 194/134/194 76/145/76
f 74/138/74 188/127/188 191/130/191 75/146/75
f 197/147/197 198/148/198 201/149/201 200/150/200
f 198/148/198 199/151/199 202/152/202 201/149/201
f 200/150/200 201/149/201 204/153/204 203/154/203
f 201/149/201 202/152/202 205/155/205 204/153/204
f 4/69/4 40/156/40 197/147/197 43/70/43
f 40/156/40 39/157/39 198/148/198 197/147/197
f 39/157/39 38/158/38 199/151/199 198/148/198
f 38/158/38 15/159/15 92/160/92 199/151/199
f 199/151/199 92/160/92 93/161/93 202/152/202
f 202/152/202 93/161/93 94/162/94 205/155/205
f 205/155/205 94/162/94 16/163/16 65/164/65
f 204/153/204 205/155/205 65/164/65 66/165/66
f 203/154/203 204/153/204 66/165/66 67/166/67
f 41/72/41 203/154/203 67/166/67 10/74/10
f 42/71/42 200/150/200 203/154/203 41/72/41
f 43/70/43 197/147/197 200/150/200 42/71/42
f 206/167/206 207/168/207 210/169/210 209/170/209
f 207/168/207 208/171/208 211/172/211 210/169/210
f 209/170/209 210/169/210 213/173/213 212/174/212
f 210/169/210 211/172/211 214/175/214 213/173/213
f 7/19/7 28/18/28 206/167/206 95/122/95
f 28/18/28 27/17/27 207/168/207 206/167/206
f 27/17/27 26/16/26 208/171/208 207/168/207
f 26/16/26 9/15/9 89/176/89 208/171/208
f 208/171/208 89/176/89 90/177/90 211/172/211
f 211/172/211 90/177/90 91/178/91 214/175/214
f 214/175/214 91/178/91 3/88/3 50/87/50
f 213/173/213 214/175/214 50/87/50 51/86/51
f 212/174/212 213/173/213 51/86/51 52/85/52
f 97/124/97 212/174/212 52/85/52 12/40/12
f 96/123/96 209/170/209 212/174/212 97/124/97
f 95/122/95 206/167/206 209/170/209 96/123/96
f 215/179/215 216/180/216 219/181/219 218/182/218
f 216/180/216 217/183/217 220/184/220 219/181/219
f 218/182/218 219/181/219 222/185/222 221/186/221
f 219/181/219 220/184/220 223/187/223 222/185/222
f 13/65/13 55/188/55 215/179/215 106/66/106
f 55/188/55 54/189/54 216/180/216 215/179/215
f 54/189/54 53/190/53 217/183/217 216/180/216
f 53/190/53 1/191/1 98/192/98 217/183/217
f 217/183/217 98/192/98 99/193/99 220/184/220
f 220/184/220 99/193/99 100/194/100 223/187/223
f 223/187/223 100/194/100 15/159/15 38/158/38
f 222/185/222 223/187/223 38/158/38 39/157/39
f 221/186/221 222/185/222 39/157/39 40/156/40
f 104/68/104 221/186/221 40/156/40 4/69/4
f 105/67/105 218/182/218 221/186/221 104/68/104
f 106/66/106 215/179/215 218/182/218 105/67/105
f 224/195/224 225/196/225 228/197/228 227/198/227
f 225/196/225 226/199/226 229/200/229 228/197/228
f 227/198/227 228/197/228 231/201/231 230/202/230
f 228/197/228 229/200/229 232/203/232 231/201/231
f 8/136/8 70/204/70 224/195/224 49/137/49
f 70/204/70 69/205/69 225/196/225 224/195/224
f 69/205/69 68/206/68 226/199/226 225/196/225
f 68/206/68 17/207/17 101/208/101 226/199/226
f 226/199/226 101/208/101 102/209/102 229/200/229
f 229/200/229 102/209/102 103/210/103 232/203/232
f 232/203/232 103/210/103 14/211/14 29/212/29
f 231/201/231 232/203/232 29/212/29 30/213/30
f 230/202/230 231/201/231 30/213/30 31/214/31
f 47/140/47 230/202/230 31/214/31 6/141/6
f 48/139/48 227/198/227 230/202/230 47/140/47
f 49/137/49 224/195/224 227/198/227 48/139/48
f 233/215/233 234/216/234 237/217/237 236/218/236
f 234/216/234 235/219/235 238/220/238 237/217/237
f 236/218/236 237/217/237 240/221/240 239/222/239
f 237/217/237 238/220/238 241/223/241 240/221/240
f 6/141/6 31/214/31 233/215/233 34/142/34
f 31/214/31 30/213/30 234/216/234 233/215/233
f 30/213/30 29/212/29 235/219/235 234/216/234
f 29/212/29 14/211/14 71/224/71 235/219/235
f 235/219/235 71/224/71 72/225/72 238/220/238
f 238/220/238 72/225/72 73/226/73 241/223/241
f 241/223/241 73/226/73 1/191/1 53/190/53
f 240/221/240 241/223/241 53/190/53 54/189/54
f 239/222/239 240/221/240 54/189/54 55/188/55
f 32/144/32 239/222/239 55/188/55 13/65/13
f 33/143/33 236/218/236 239/222/239 32/144/32
f 34/142/34 233/215/233 236/218/236 33/143/33
f 242/227/242 243/228/243 246/229/246 245/230/245
f 243/228/243 244/231/244 247/232/247 246/229/246
f 245/230/245 246/229/246 249/233/249 248/234/248
f 246/229/246 247/232/247 250/235/250 249/233/249
f 14/211/14 79/236/79 242/227/242 71/224/71
f 79/236/79 78/237/78 243/228/243 242/227/242
f 78/237/78 77/238/77 244/231/244 243/228/243
f 77/238/77 19/24/19 122/121/122 244/231/244
f 244/231/244 122/121/122 123/126/123 247/232/247
f 247/232/247 123/126/123 124/125/124 250/235/250
f 250/235/250 124/125/124 18/35/18 23/239/23
f 249/233/249 250/235/250 23/239/23 24/240/24
f 248/234/248 249/233/249 24/240/24 25/241/25
f 73/226/73 248/234/248 25/241/25 1/191/1
f 72/225/72 245/230/245 248/234/248 73/226/73
f 71/224/71 242/227/242 245/230/245 72/225/72
f 251/242/251 252/243/252 255/244/255 254/245/254
f 252/243/252 253/246/253 256/247/256 255/244/255
f 254/245/254 255/244/255 258/248/258 257/249/257
f 255/244/255 256/247/256 259/250/259 258/248/258
f 15/159/15 82/251/82 251/242/251 92/160/92
f 82/251/82 81/252/81 252/243/252 251/242/251
f 81/252/81 80/253/80 253/246/253 252/243/252
f 80/253/80 20/49/20 125/105/125 253/246/253
f 253/246/253 125/105/125 126/111/126 256/247/256
f 256/247/256 126/111/126 127/109/127 259/250/259
f 259/250/259 127/109/127 21/110/21 83/254/83
f 258/248/258 259/250/259 83/254/83 84/255/84
f 257/249/257 258/248/258 84/255/84 85/256/85
f 94/162/94 257/249/257 85/256/85 16/163/16
f 93/161/93 254/245/254 257/249/257 94/162/94
f 92/160/92 251/242/251 254/245/254 93/161/93
f 260/257/260 261/258/261 264/259/264 263/260/263
f 261/258/261 262/261/262 265/262/265 264/259/264
f 263/260/263 264/259/264 267/263/267 266/264/266
f 264/259/264 265/262/265 268/265/268 267/263/267
f 1/191/1 25/241/25 260/257/260 98/192/98
f 25/241/25 24/240/24 261/258/261 260/257/260
f 24/240/24 23/239/23 262/261/262 261/258/261
f 23/239/23 18/35/18 128/37/128 262/261/262
f 262/261/262 128/37/128 129/50/129 265/262/265
f 265/262/265 129/50/129 130/48/130 268/265/268
f 268/265/268 130/48/130 20/49/20 80/253/80
f 267/263/267 268/265/268 80/253/80 81/252/81
f 266/264/266 267/263/267 81/252/81 82/251/82
f 100/194/100 266/264/266 82/251/82 15/159/15
f 99/193/99 263/260/263 266/264/266 100/194/100
f 98/192/98 260/257/260 263/260/263 99/193/99
f 269/266/269 270/267/270 273/268/273 272/269/272
f 270/267/270 271/270/271 274/271/274 273/268/273
f 272/269/272 273/268/273 276/272/276 275/273/275
f 273/268/273 274/271/274 277/274/277 276/272/276
f 17/207/17 88/275/88 269/266/269 101/208/101
f 88/275/88 87/276/87 270/267/270 269/266/269
f 87/276/87 86/277/86 271/270/271 270/267/270
f 86/277/86 22/10/22 131/12/131 271/270/271
f 271/270/271 131/12/131 132/25/132 274/271/274
f 274/271/274 132/25/132 133/23/133 277/274/277
f 277/274/277 133/23/133 19/24/19 77/238/77
f 276/272/276 277/274/277 77/238/77 78/237/78
f 275/273/275 276/272/276 78/237/78 79/236/79
f 103/210/103 275/273/275 79/236/79 14/211/14
f 102/209/102 272/269/272 275/273/275 103/210/103
f 101/208/101 269/266/269 272/269/272 102/209/102
f 371/1/371 374/4/374 375/3/375 372/2/372
f 372/2/372 375/3/375 376/6/376 373/5/373
f 374/4/374 377/8/377 378/7/378 375/3/375
f 375/3/375 378/7/378 379/9/379 376/6/376
f 22/10/22 368/12/368 371/1/371 121/11/121
f 121/11/121 371/1/371 372/2/372 120/13/120
f 120/13/120 372/2/372 373/5/373 119/14/119
f 119/14/119 373/5/373 293/16/293 9/15/9
f 373/5/373 376/6/376 294/17/294 293/16/293
f 376/6/376 379/9/379 295/18/295 294/17/294
f 379/9/379 353/20/353 282/19/282 295/18/295
f 378/7/378 354/21/354 353/20/353 379/9/379
f 377/8/377 355/22/355 354/21/354 378/7/378
f 370/23/370 288/24/288 355/22/355 377/8/377
f 369/25/369 370/23/370 377/8/377 374/4/374
f 368/12/368 369/25/369 374/4/374 371/1/371
f 380/26/380 383/29/383 384/28/384 381/27/381
f 381/27/381 384/28/384 385/31/385 382/30/382
f 383/29/383 386/33/386 387/32/387 384/28/384
f 384/28/384 387/32/387 388/34/388 385/31/385
f 287/35/287 365/37/365 380/26/380 352/36/352
f 352/36/352 380/26/380 381/27/381 351/38/351
f 351/38/351 381/27/381 382/30/382 350/39/350
f 350/39/350 382/30/382 302/41/302 283/40/283
f 382/30/382 385/31/385 303/42/303 302/41/302
f 385/31/385 388/34/388 304/43/304 303/42/303
f 388/34/388 356/45/356 280/44/280 304/43/304
f 387/32/387 357/46/357 356/45/356 388/34/388
f 386/33/386 358/47/358 357/46/357 387/32/387
f 367/48/367 289/49/289 358/47/358 386/33/386
f 366/50/366 367/48/367 386/33/386 383/29/383
f 365/37/365 366/50/366 383/29/383 380/26/380
f 389/51/389 392/54/392 393/53/393 390/52/390
f 390/52/390 393/53/393 394/56/394 391/55/391
f 392/54/392 395/58/395 396/57/396 393/53/393
f 393/53/393 396/57/396 397/59/397 394/56/394
f 2/60/2 62/62/62 389/51/389 313/61/313
f 313/61/313 389/51/389 390/52/390 312/63/312
f 312/63/312 390/52/390 391/55/391 311/64/311
f 311/64/311 391/55/391 349/66/349 284/65/284
f 391/55/391 394/56/394 348/67/348 349/66/349
f 394/56/394 397/59/397 347/68/347 348/67/348
f 397/59/397 310/70/310 279/69/279 347/68/347
f 396/57/396 309/71/309 310/70/310 397/59/397
f 395/58/395 308/72/308 309/71/309 396/57/396
f 64/73/64 10/74/10 308/72/308 395/58/395
f 63/75/63 64/73/64 395/58/395 392/54/392
f 62/62/62 63/75/63 392/54/392 389/51/389
f 398/76/398 401/79/401 402/78/402 399/77/399
f 399/77/399 402/78/402 403/81/403 400/80/400
f 401/79/401 404/83/404 405/82/405 402/78/402
f 402/78/402 405/82/405 406/84/406 403/81/403
f 283/40/283 302/41/302 398/76/398 319/85/319
f 319/85/319 398/76/398 399/77/399 318/86/318
f 318/86/318 399/77/399 400/80/400 317/87/317
f 317/87/317 400/80/400 59/89/59 3/88/3
f 400/80/400 403/81/403 60/90/60 59/89/59
f 403/81/403 406/84/406 61/91/61 60/90/60
f 406/84/406 325/93/325 11/92/11 61/91/61
f 405/82/405 324/94/324 325/93/325 406/84/406
f 404/83/404 323/95/323 324/94/324 405/82/405
f 304/43/304 280/44/280 323/95/323 404/83/404
f 303/42/303 304/43/304 404/83/404 401/79/401
f 302/41/302 303/42/303 401/79/401 398/76/398
f 407/96/407 410/99/410 411/98/411 408/97/408
f 408/97/408 411/98/411 412/101/412 409/100/409
f 410/99/410 413/103/413 414/102/414 411/98/411
f 411/98/411 414/102/414 415/104/415 412/101/412
f 289/49/289 362/105/362 407/96/407 358/47/358
f 358/47/358 407/96/407 408/97/408 357/46/357
f 357/46/357 408/97/408 409/100/409 356/45/356
f 356/45/356 409/100/409 323/95/323 280/44/280
f 409/100/409 412/101/412 324/94/324 323/95/323
f 412/101/412 415/104/415 325/93/325 324/94/324
f 415/104/415 116/106/116 11/92/11 325/93/325
f 414/102/414 117/107/117 116/106/116 415/104/415
f 413/103/413 118/108/118 117/107/117 414/102/414
f 364/109/364 21/110/21 118/108/118 413/103/413
f 363/111/363 364/109/364 413/103/413 410/99/410
f 362/105/362 363/111/363 410/99/410 407/96/407
f 416/112/416 419/115/419 420/114/420 417/113/417
f 417/113/417 420/114/420 421/117/421 418/116/418
f 419/115/419 422/119/422 423/118/423 420/114/420
f 420/114/420 423/118/423 424/120/424 421/117/421
f 288/24/288 359/121/359 416/112/416 355/22/355
f 355/22/355 416/112/416 417/113/417 354/21/354
f 354/21/354 417/113/417 418/116/418 353/20/353
f 353/20/353 418/116/418 338/122/338 282/19/282
f 418/116/418 421/117/421 339/123/339 338/122/338
f 421/117/421 424/120/424 340/124/340 339/123/339
f 424/120/424 350/39/350 283/40/283 340/124/340
f 423/118/423 351/38/351 350/39/350 424/120/424
f 422/119/422 352/36/352 351/38/351 423/118/423
f 361/125/361 287/35/287 352/36/352 422/119/422
f 360/126/360 361/125/361 422/119/422 419/115/419
f 359/121/359 360/126/360 419/115/419 416/112/416
f 425/127/425 428/130/428 429/129/429 426/128/426
f 426/128/426 429/129/429 430/132/430 427/131/427
f 428/130/428 431/134/431 432/133/432 429/129/429
f 429/129/429 432/133/432 433/135/433 430/132/430
f 8/136/8 74/138/74 425/127/425 316/137/316
f 316/137/316 425/127/425 426/128/426 315/139/315
f 315/139/315 426/128/426 427/131/427 314/140/314
f 314/140/314 427/131/427 301/142/301 281/141/281
f 427/131/427 430/132/430 300/143/300 301/142/301
f 430/132/430 433/135/433 299/144/299 300/143/300
f 433/135/433 311/64/311 284/65/284 299/144/299
f 432/133/432 312/63/312 311/64/311 433/135/433
f 431/134/431 313/61/313 312/63/312 432/133/432
f 76/145/76 2/60/2 313/61/313 431/134/431
f 75/146/75 76/145/76 431/134/431 428/130/428
f 74/138/74 75/146/75 428/130/428 425/127/425
f 434/147/434 437/150/437 438/149/438 435/148/435
f 435/148/435 438/149/438 439/152/439 436/151/436
f 437/150/437 440/154/440 441/153/441 438/149/438
f 438/149/438 441/153/441 442/155/442 439/152/439
f 279/69/279 310/70/310 434/147/434 307/156/307
f 307/156/307 434/147/434 435/148/435 306/157/306
f 306/157/306 435/148/435 436/151/436 305/158/305
f 305/158/305 436/151/436 335/160/335 286/159/286
f 436/151/436 439/152/439 336/161/336 335/160/335
f 439/152/439 442/155/442 337/162/337 336/161/336
f 442/155/442 65/164/65 16/163/16 337/162/337
f 441/153/441 66/165/66 65/164/65 442/155/442
f 440/154/440 67/166/67 66/165/66 441/153/441
f 308/72/308 10/74/10 67/166/67 440/154/440
f 309/71/309 308/72/308 440/154/440 437/150/437
f 310/70/310 309/71/309 437/150/437 434/147/434
f 443/167/443 446/170/446 447/169/447 444/168/444
f 444/168/444 447/169/447 448/172/448 445/171/445
f 446/170/446 449/174/449 450/173/450 447/169/447
f 447/169/447 450/173/450 451/175/451 448/172/448
f 282/19/282 338/122/338 443/167/443 295/18/295
f 295/18/295 443/167/443 444/168/444 294/17/294
f 294/17/294 444/168/444 445/171/445 293/16/293
f 293/16/293 445/171/445 89/176/89 9/15/9
f 445/171/445 448/172/448 90/177/90 89/176/89
f 448/172/448 451/175/451 91/178/91 90/177/90
f 451/175/451 317/87/317 3/88/3 91/178/91
f 450/173/450 318/86/318 317/87/317 451/175/451
f 449/174/449 319/85/319 318/86/318 450/173/450
f 340/124/340 283/40/283 319/85/319 449/174/449
f 339/123/339 340/124/340 449/174/449 446/170/446
f 338/122/338 339/123/339 446/170/446 443/167/443
f 452/179/452 455/182/455 456/181/456 453/180/453
f 453/180/453 456/181/456 457/184/457 454/183/454
f 455/182/455 458/186/458 459/185/459 456/181/456
f 456/181/456 459/185/459 460/187/460 457/184/457
f 284/65/284 349/66/349 452/179/452 322/188/322
f 322/188/322 452/179/452 453/180/453 321/189/321
f 321/189/321 453/180/453 454/183/454 320/190/320
f 320/190/320 454/183/454 341/192/341 278/191/278
f 454/183/454 457/184/457 342/193/342 341/192/341
f 457/184/457 460/187/460 343/194/343 342/193/342
f 460/187/460 305/158/305 286/159/286 343/194/343
f 459/185/459 306/157/306 305/158/305 460/187/460
f 458/186/458 307/156/307 306/157/306 459/185/459
f 347/68/347 279/69/279 307/156/307 458/186/458
f 348/67/348 347/68/347 458/186/458 455/182/455
f 349/66/349 348/67/348 455/182/455 452/179/452
f 461/195/461 464/198/464 465/197/465 462/196/462
f 462/196/462 465/197/465 466/200/466 463/199/463
f 464/198/464 467/202/467 468/201/468 465/197/465
f 465/197/465 468/201/468 469/203/469 466/200/466
f 8/136/8 316/137/316 461/195/461 70/204/70
f 70/204/70 461/195/461 462/196/462 69/205/69
f 69/205/69 462/196/462 463/199/463 68/206/68
f 68/206/68 463/199/463 344/208/344 17/207/17
f 463/199/463 466/200/466 345/209/345 344/208/344
f 466/200/466 469/203/469 346/210/346 345/209/345
f 469/203/469 296/212/296 285/211/285 346/210/346
f 468/201/468 297/213/297 296/212/296 469/203/469
f 467/202/467 298/214/298 297/213/297 468/201/468
f 314/140/314 281/141/281 298/214/298 467/202/467
f 315/139/315 314/140/314 467/202/467 464/198/464
f 316/137/316 315/139/315 464/198/464 461/195/461
f 470/215/470 473/218/473 474/217/474 471/216/471
f 471/216/471 474/217/474 475/220/475 472/219/472
f 473/218/473 476/222/476 477/221/477 474/217/474
f 474/217/474 477/221/477 478/223/478 475/220/475
f 281/141/281 301/142/301 470/215/470 298/214/298
f 298/214/298 470/215/470 471/216/471 297/213/297
f 297/213/297 471/216/471 472/219/472 296/212/296
f 296/212/296 472/219/472 326/224/326 285/211/285
f 472/219/472 475/220/475 327/225/327 326/224/326
f 475/220/475 478/223/478 328/226/328 327/225/327
f 478/223/478 320/190/320 278/191/278 328/226/328
f 477/221/477 321/189/321 320/190/320 478/223/478
f 476/222/476 322/188/322 321/189/321 477/221/477
f 299/144/299 284/65/284 322/188/322 476/222/476
f 300/143/300 299/144/299 476/222/476 473/218/473
f 301/142/301 300/143/300 473/218/473 470/215/470
f 479/227/479 482/230/482 483/229/483 480/228/480
f 480/228/480 483/229/483 484/232/484 481/231/481
f 482/230/482 485/234/485 486/233/486 483/229/483
f 483/229/483 486/233/486 487/235/487 484/232/484
f 285/211/285 326/224/326 479/227/479 331/236/331
f 331/236/331 479/227/479 480/228/480 330/237/330
f 330/237/330 480/228/480 481/231/481 329/238/329
f 329/238/329 481/231/481 359/121/359 288/24/288
f 481/231/481 484/232/484 360/126/360 359/121/359
f 484/232/484 487/235/487 361/125/361 360/126/360
f 487/235/487 290/239/290 287/35/287 361/125/361
f 486/233/486 291/240/291 290/239/290 487/235/487
f 485/234/485 292/241/292 291/240/291 486/233/486
f 328/226/328 278/191/278 292/241/292 485/234/485
f 327/225/327 328/226/328 485/234/485 482/230/482
f 326/224/326 327/225/327 482/230/482 479/227/479
f 488/242/488 491/245/491 492/244/492 489/243/489
f 489/243/489 492/244/492 493/247/493 490/246/490
f 491/245/491 494/249/494 495/248/495 492/244/492
f 492/244/492 495/248/495 496/250/496 493/247/493
f 286/159/286 335/160/335 488/242/488 334/251/334
f 334/251/334 488/242/488 489/243/489 333/252/333
f 333/252/333 489/243/489 490/246/490 332/253/332
f 332/253/332 490/246/490 362/105/362 289/49/289
f 490/246/490 493/247/493 363/111/363 362/105/362
f 493/247/493 496/250/496 364/109/364 363/111/363
f 496/250/496 83/254/83 21/110/21 364/109/364
f 495/248/495 84/255/84 83/254/83 496/250/496
f 494/249/494 85/256/85 84/255/84 495/248/495
f 337/162/337 16/163/16 85/256/85 494/249/494
f 336/161/336 337/162/337 494/249/494 491/245/491
f 335/160/335 336/161/336 491/245/491 488/242/488
f 497/257/497 500/260/500 501/259/501 498/258/498
f 498/258/498 501/259/501 502/262/502 499/261/499
f 500/260/500 503/264/503 504/263/504 501/259/501
f 501/259/501 504/263/504 505/265/505 502/262/502
f 278/191/278 341/192/341 497/257/497 292/241/292
f 292/241/292 497/257/497 498/258/498 291/240/291
f 291/240/291 498/258/498 499/261/499 290/239/290
f 290/239/290 499/261/499 365/37/365 287/35/287
f 499/261/499 502/262/502 366/50/366 365/37/365
f 502/262/502 505/265/505 367/48/367 366/50/366
f 505/265/505 332/253/332 289/49/289 367/48/367
f 504/263/504 333/252/333 332/253/332 505/265/505
f 503/264/503 334/251/334 333/252/333 504/263/504
f 343/194/343 286/159/286 334/251/334 503/264/503
f 342/193/342 343/194/343 503/264/503 500/260/500
f 341/192/341 342/193/342 500/260/500 497/257/497
f 506/266/506 509/269/509 510/268/510 507/267/507
f 507/267/507 510/268/510 511/271/511 508/270/508
f 509/269/509 512/273/512 513/272/513 510/268/510
f 510/268/510 513/272/513 514/274/514 511/271/511
f 17/207/17 344/208/344 506/266/506 88/275/88
f 88/275/88 506/266/506 507/267/507 87/276/87
f 87/276/87 507/267/507 508/270/508 86/277/86
f 86/277/86 508/270/508 368/12/368 22/10/22
f 508/270/508 511/271/511 369/25/369 368/12/368
f 511/271/511 514/274/514 370/23/370 369/25/369
f 514/274/514 329/238/329 288/24/288 370/23/370
f 513/272/513 330/237/330 329/238/329 514/274/514
f 512/273/512 331/236/331 330/237/330 513/272/513
f 346/210/346 285/211/285 331/236/331 512/273/512
f 345/209/345 346/210/346 512/273/512 509/269/509
f 344/208/344 345/209/345 509/269/509 506/266/506
o hair_tie
v 0.268718 3.165627 0.123727
v 0.267515 3.178948 0.128835
v 0.264036 3.190826 0.133390
v 0.258657 3.199973 0.136897
v 0.251962 3.205399 0.138977
v 0.244676 3.206514 0.139405
v 0.237589 3.203198 0.138134
v 0.231469 3.195811 0.135301
v 0.226979 3.185153 0.131214
v 0.224605 3.172379 0.126316
v 0.224605 3.158874 0.121137
v 0.226979 3.146100 0.116239
v 0.231469 3.135442 0.112152
v 0.237589 3.128055 0.109320
v 0.244676 3.124740 0.108048
v 0.251962 3.125855 0.108476
v 0.258657 3.131280 0.110556
v 0.264036 3.140427 0.114064
v 0.267515 3.152305 0.118618
v 0.266216 3.173069 0.104317
v 0.265023 3.186357 0.109512
v 0.261576 3.198139 0.114318
v 0.256248 3.207137 0.118214
v 0.249615 3.212377 0.120778
v 0.242397 3.213290 0.121732
v 0.235376 3.209778 0.120973
v 0.229313 3.202222 0.118582
v 0.224865 3.191440 0.114820
v 0.222513 3.178600 0.110093
v 0.222513 3.165095 0.104914
v 0.224865 3.152387 0.099844
v 0.229313 3.141853 0.095433
v 0.235376 3.134635 0.092159
v 0.242397 3.131516 0.090375
v 0.249615 3.132834 0.090277
v 0.256248 3.138444 0.091874
v 0.261576 3.147740 0.094993
v 0.265023 3.159715 0.099296
v 0.258754 3.180373 0.085269
v 0.257595 3.193629 0.090550
v 0.254245 3.205316 0.095602
v 0.249065 3.214168 0.099880
v 0.242619 3.219225 0.102918
v 0.235603 3.219941 0.104388
v 0.228779 3.216237 0.104131
v 0.222886 3.208514 0.102175
v 0.218562 3.197609 0.098730
v 0.216276 3.184705 0.094172
v 0.216276 3.171200 0.088993
v 0.218562 3.158556 0.083755
v 0.222886 3.148144 0.079026
v 0.228779 3.141094 0.075317
v 0.235603 3.138167 0.073032
v 0.242619 3.139682 0.072417
v 0.249065 3.145475 0.073539
v 0.254245 3.154917 0.076277
v 0.257595 3.166986 0.080333
v 0.246472 3.187403 0.066938
v 0.245368 3.200627 0.072300
v 0.242176 3.212223 0.077590
v 0.237243 3.220934 0.082234
v 0.231102 3.225817 0.085729
v 0.224420 3.226342 0.087697
v 0.217920 3.222452 0.087923
v 0.212306 3.214569 0.086384
v 0.208188 3.203547 0.083246
v 0.206010 3.190581 0.078850
v 0.206010 3.177075 0.073671
v 0.208188 3.164494 0.068271
v 0.212306 3.154199 0.063235
v 0.217920 3.147309 0.059109
v 0.224420 3.144567 0.056340
v 0.231102 3.146273 0.055228
v 0.237243 3.152241 0.055894
v 0.242176 3.161824 0.058264
v 0.245368 3.173984 0.062084
v 0.229598 3.194026 0.049664
v 0.228570 3.207221 0.055104
v 0.225597 3.218730 0.060618
v 0.221002 3.227309 0.065607
v 0.215281 3.232028 0.069533
v 0.209056 3.232372 0.071969
v 0.203001 3.228308 0.072651
v 0.197772 3.220274 0.071505
v 0.193935 3.209142 0.068656
v 0.191907 3.196117 0.064412
v 0.191907 3.182611 0.059233
v 0.193935 3.170088 0.053680
v 0.197772 3.159905 0.048356
v 0.203001 3.153165 0.043837
v 0.209056 3.150599 0.040612
v 0.215281 3.152484 0.039032
v 0.221002 3.158617 0.039267
v 0.225597 3.168332 0.041292
v 0.228570 3.180578 0.044887
v 0.208448 3.200121 0.033770
v 0.207514 3.213288 0.039281
v 0.204815 3.224719 0.045000
v 0.200643 3.233176 0.050309
v 0.195450 3.237742 0.054630
v 0.189798 3.237922 0.057497
v 0.184301 3.233696 0.058598
v 0.179553 3.225524 0.057814
v 0.176070 3.214290 0.055230
v 0.174229 3.201211 0.051127
v 0.174229 3.187706 0.045948
v 0.176070 3.175236 0.040255
v 0.179553 3.165155 0.034665
v 0.184301 3.158554 0.029784
v 0.189798 3.156148 0.026140
v 0.195450 3.158198 0.024129
v 0.200643 3.164483 0.023968
v 0.204815 3.174320 0.025675
v 0.207514 3.186645 0.029065
v 0.183415 3.205573 0.019552
v 0.182593 3.218716 0.025126
v 0.180218 3.230076 0.031030
v 0.176547 3.238424 0.036623
v 0.171978 3.242854 0.041298
v 0.167005 3.242886 0.044550
v 0.162167 3.238517 0.046027
v 0.157990 3.230220 0.045567
v 0.154925 3.218895 0.043221
v 0.153305 3.205768 0.039243
v 0.153305 3.192263 0.034064
v 0.154925 3.179842 0.028245
v 0.157990 3.169851 0.022418
v 0.162167 3.163374 0.017213
v 0.167005 3.161112 0.013194
v 0.171978 3.163311 0.010797
v 0.176547 3.169731 0.010282
v 0.180218 3.179677 0.011704
v 0.182593 3.192072 0.014910
v 0.154965 3.210281 0.007274
v 0.154271 3.223403 0.012904
v 0.152264 3.234703 0.018966
v 0.149162 3.242956 0.024805
v 0.145302 3.247268 0.029786
v 0.141100 3.247173 0.033371
v 0.137013 3.242680 0.035171
v 0.133484 3.234276 0.034991
v 0.130894 3.222871 0.032850
v 0.129525 3.209703 0.028980
v 0.129525 3.196198 0.023802
v 0.130894 3.183818 0.017875
v 0.133484 3.173907 0.011842
v 0.137013 3.167537 0.006357
v 0.141100 3.165399 0.002015
v 0.145302 3.167725 -0.000715
v 0.149162 3.174263 -0.001536
v 0.152264 3.184303 -0.000360
v 0.154271 3.196760 0.002687
v 0.123628 3.214157 -0.002834
v 0.123074 3.227262 0.002840
v 0.121474 3.238511 0.009034
v 0.118999 3.246687 0.015075
v 0.115919 3.250903 0.020308
v 0.112567 3.250702 0.024167
v 0.109307 3.246107 0.026234
v 0.106491 3.237615 0.026284
v 0.104425 3.226146 0.024312
v 0.103333 3.212943 0.020531
v 0.103333 3.199438 0.015353
v 0.104425 3.187092 0.009336
v 0.106491 3.177246 0.003135
v 0.109307 3.170964 -0.002580
v 0.112567 3.168928 -0.007189
v 0.115919 3.171360 -0.010193
v 0.118999 3.177994 -0.011266
v 0.121474 3.188112 -0.010292
v 0.123074 3.200618 -0.007376
v 0.089988 3.217129 -0.010585
v 0.089585 3.230220 -0.004876
v 0.088420 3.241431 0.001418
v 0.086619 3.249547 0.007614
v 0.084377 3.253690 0.013041
v 0.081937 3.253409 0.017110
v 0.079564 3.248735 0.019381
v 0.077514 3.240175 0.019607
v 0.076011 3.228656 0.017765
v 0.075216 3.215427 0.014053
v 0.075216 3.201922 0.008874
v 0.076011 3.189603 0.002789
v 0.077514 3.179806 -0.003542
v 0.079564 3.173592 -0.009433
v 0.081937 3.171635 -0.014247
v 0.084377 3.174146 -0.017461
v 0.086619 3.180854 -0.018727
v 0.088420 3.191033 -0.017908
v 0.089585 3.203577 -0.015092
v 0.054672 3.219142 -0.015834
v 0.054428 3.232224 -0.010101
v 0.053720 3.243409 -0.003739
v 0.052625 3.251485 0.002562
v 0.051263 3.255577 0.008119
v 0.049781 3.255241 0.012331
v 0.048339 3.250514 0.014740
v 0.047094 3.241909 0.015086
v 0.046180 3.230356 0.013331
v 0.045697 3.217110 0.009666
v 0.045697 3.203604 0.004487
v 0.046180 3.191303 -0.001644
v 0.047094 3.181539 -0.008063
v 0.048339 3.175371 -0.014074
v 0.049781 3.173467 -0.019026
v 0.051263 3.176033 -0.022382
v 0.052625 3.182792 -0.023779
v 0.053720 3.193010 -0.023065
v 0.054428 3.205581 -0.020317
v 0.018338 3.220158 -0.018483
v 0.018256 3.233235 -0.012738
v 0.018018 3.244407 -0.006342
v 0.017651 3.252463 0.000012
v 0.017195 3.256529 0.005635
v 0.016697 3.256166 0.009918
v 0.016214 3.251412 0.012398
v 0.015796 3.242784 0.012804
v 0.015490 3.231215 0.011094
v 0.015328 3.217958 0.007452
v 0.015328 3.204453 0.002273
v 0.015490 3.192161 -0.003882
v 0.015796 3.182414 -0.010345
v 0.016214 3.176269 -0.016416
v 0.016697 3.174392 -0.021438
v 0.017195 3.176986 -0.024866
v 0.017651 3.183770 -0.026329
v 0.018018 3.194008 -0.025668
v 0.018256 3.206592 -0.022955
v -0.018338 3.220158 -0.018483
v -0.018256 3.233235 -0.012738
v -0.018018 3.244407 -0.006342
v -0.017651 3.252463 0.000012
v -0.017194 3.256529 0.005635
v -0.016697 3.256166 0.009918
v -0.016214 3.251412 0.012398
v -0.015796 3.242784 0.012804
v -0.015490 3.231215 0.011094
v -0.015328 3.217958 0.007452
v -0.015328 3.204453 0.002273
v -0.015490 3.192161 -0.003882
v -0.015796 3.182414 -0.010345
v -0.016214 3.176269 -0.016416
v -0.016697 3.174392 -0.021438
v -0.017194 3.176986 -0.024866
v -0.017651 3.183770 -0.026329
v -0.018018 3.194008 -0.025668
v -0.018256 3.206592 -0.022955
v -0.054672 3.219142 -0.015834
v -0.054428 3.232224 -0.010101
v -0.053720 3.243409 -0.003739
v -0.052625 3.251485 0.002562
v -0.051263 3.255577 0.008119
v -0.049781 3.255241 0.012331
v -0.048339 3.250514 0.014740
v -0.047094 3.241909 0.015086
v -0.046180 3.230356 0.013331
v -0.045697 3.217110 0.009666
v -0.045697 3.203604 0.004487
v -0.046180 3.191303 -0.001644
v -0.047094 3.181539 -0.008063
v -0.048339 3.175371 -0.014074
v -0.049781 3.173467 -0.019026
v -0.051263 3.176033 -0.022382
v -0.052625 3.182792 -0.023779
v -0.053720 3.193010 -0.023065
v -0.054428 3.205581 -0.020317
v -0.089988 3.217129 -0.010585
v -0.089585 3.230220 -0.004876
v -0.088420 3.241431 0.001418
v -0.086619 3.249547 0.007614
v -0.084377 3.253690 0.013041
v -0.081937 3.253409 0.017110
v -0.079564 3.248735 0.019381
v -0.077514 3.240175 0.019607
v -0.076011 3.228656 0.017765
v -0.075216 3.215427 0.014053
v -0.075216 3.201922 0.008874
v -0.076011 3.189603 0.002789
v -0.077514 3.179806 -0.003542
v -0.079564 3.173592 -0.009433
v -0.081937 3.171635 -0.014247
v -0.084377 3.174146 -0.017461
v -0.086619 3.180854 -0.018727
v -0.088420 3.191033 -0.017908
v -0.089585 3.203577 -0.015092
v -0.123628 3.214157 -0.002835
v -0.123074 3.227262 0.002840
v -0.121474 3.238511 0.009034
v -0.118999 3.246687 0.015075
v -0.115919 3.250903 0.020308
v -0.112567 3.250702 0.024167
v -0.109307 3.246107 0.026234
v -0.106491 3.237615 0.026284
v -0.104425 3.226146 0.024312
v -0.103333 3.212943 0.020531
v -0.103333 3.199438 0.015353
v -0.104425 3.187092 0.009336
v -0.106491 3.177246 0.003135
v -0.109307 3.170964 -0.002580
v -0.112567 3.168928 -0.007190
v -0.115919 3.171360 -0.010193
v -0.118999 3.177994 -0.011266
v -0.121474 3.188112 -0.010292
v -0.123074 3.200618 -0.007376
v -0.154965 3.210281 0.007274
v -0.154271 3.223403 0.012904
v -0.152264 3.234703 0.018966
v -0.149162 3.242956 0.024805
v -0.145302 3.247268 0.029786
v -0.141100 3.247173 0.033371
v -0.137013 3.242680 0.035171
v -0.133484 3.234276 0.034991
v -0.130894 3.222871 0.032850
v -0.129525 3.209703 0.028980
v -0.129525 3.196198 0.023802
v -0.130894 3.183818 0.017875
v -0.133484 3.173907 0.011842
v -0.137013 3.167537 0.006357
v -0.141100 3.165399 0.002015
v -0.145302 3.167725 -0.000715
v -0.149162 3.174263 -0.001536
v -0.152264 3.184303 -0.000360
v -0.154271 3.196760 0.002687
v -0.183415 3.205573 0.019552
v -0.182593 3.218716 0.025126
v -0.180218 3.230076 0.031030
v -0.176547 3.238424 0.036623
v -0.171977 3.242854 0.041298
v -0.167005 3.242886 0.044550
v -0.162167 3.238517 0.046027
v -0.157990 3.230220 0.045567
v -0.154925 3.218895 0.043221
v -0.153305 3.205768 0.039243
v -0.153305 3.192263 0.034064
v -0.154925 3.179842 0.028245
v -0.157990 3.169851 0.022418
v -0.162167 3.163374 0.017213
v -0.167005 3.161112 0.013194
v -0.171977 3.163311 0.010797
v -0.176547 3.169731 0.010282
v -0.180218 3.179677 0.011704
v -0.182593 3.192072 0.014910
v -0.208448 3.200121 0.033770
v -0.207514 3.213288 0.039281
v -0.204815 3.224719 0.045000
v -0.200643 3.233176 0.050309
v -0.195450 3.237742 0.054630
v -0.189798 3.237922 0.057497
v -0.184301 3.233696 0.058598
v -0.179553 3.225524 0.057814
v -0.176070 3.214290 0.055230
v -0.174229 3.201211 0.051127
v -0.174229 3.187706 0.045948
v -0.176070 3.175236 0.040255
v -0.179553 3.165155 0.034665
v -0.184301 3.158554 0.029784
v -0.189798 3.156148 0.026140
v -0.195450 3.158198 0.024129
v -0.200643 3.164483 0.023968
v -0.204815 3.174320 0.025675
v -0.207514 3.186645 0.029065
v -0.229598 3.194026 0.049664
v -0.228570 3.207221 0.055104
v -0.225597 3.218730 0.060618
v -0.221002 3.227309 0.065607
v -0.215281 3.232028 0.069533
v -0.209056 3.232372 0.071969
v -0.203001 3.228308 0.072651
v -0.197772 3.220274 0.071505
v -0.193935 3.209142 0.068656
v -0.191907 3.196117 0.064412
v -0.191907 3.182611 0.059233
v -0.193935 3.170088 0.053680
v -0.197772 3.159905 0.048356
v -0.203001 3.153165 0.043837
v -0.209056 3.150599 0.040612
v -0.215281 3.152484 0.039032
v -0.221002 3.158617 0.039267
v -0.225597 3.168332 0.041292
v -0.228570 3.180578 0.044887
v -0.246472 3.187403 0.066938
v -0.245368 3.200627 0.072300
v -0.242176 3.212223 0.077590
v -0.237243 3.220934 0.082234
v -0.231102 3.225817 0.085729
v -0.224420 3.226342 0.087697
v -0.217920 3.222452 0.087923
v -0.212306 3.214569 0.086384
v -0.208188 3.203547 0.083246
v -0.206010 3.190581 0.078850
v -0.206010 3.177075 0.073671
v -0.208188 3.164494 0.068271
v -0.212306 3.154199 0.063235
v -0.217920 3.147309 0.059109
v -0.224420 3.144567 0.056340
v -0.231102 3.146273 0.055228
v -0.237243 3.152241 0.055894
v -0.242176 3.161824 0.058264
v -0.245368 3.173984 0.062084
v -0.258754 3.180373 0.085269
v -0.257595 3.193629 0.090550
v -0.254244 3.205316 0.095602
v -0.249065 3.214168 0.099879
v -0.242619 3.219225 0.102918
v -0.235603 3.219941 0.104388
v -0.228779 3.216237 0.104131
v -0.222886 3.208514 0.102175
v -0.218562 3.197609 0.098730
v -0.216276 3.184705 0.094172
v -0.216276 3.171200 0.088993
v -0.218562 3.158556 0.083755
v -0.222886 3.148144 0.079026
v -0.228779 3.141094 0.075317
v -0.235603 3.138167 0.073032
v -0.242619 3.139682 0.072417
v -0.249065 3.145475 0.073539
v -0.254244 3.154917 0.076277
v -0.257595 3.166986 0.080333
v -0.266216 3.173069 0.104317
v -0.265023 3.186357 0.109512
v -0.261576 3.198139 0.114318
v -0.256248 3.207137 0.118214
v -0.249615 3.212377 0.120778
v -0.242397 3.213290 0.121732
v -0.235376 3.209778 0.120973
v -0.229313 3.202222 0.118582
v -0.224865 3.191440 0.114820
v -0.222513 3.178600 0.110093
v -0.222513 3.165095 0.104914
v -0.224865 3.152387 0.099844
v -0.229313 3.141853 0.095433
v -0.235376 3.134635 0.092159
v -0.242397 3.131516 0.090375
v -0.249615 3.132834 0.090277
v -0.256248 3.138444 0.091874
v -0.261576 3.147740 0.094993
v -0.265023 3.159715 0.099296
v -0.268718 3.165627 0.123727
v -0.267515 3.178948 0.128835
v -0.264036 3.190826 0.133390
v -0.258657 3.199973 0.136897
v -0.251962 3.205399 0.138977
v -0.244676 3.206514 0.139405
v -0.237589 3.203198 0.138134
v -0.231469 3.195811 0.135301
v -0.226979 3.185153 0.131214
v -0.224605 3.172379 0.126316
v -0.224605 3.158874 0.121137
v -0.226979 3.146100 0.116239
v -0.231469 3.135442 0.112152
v -0.237589 3.128055 0.109320
v -0.244676 3.124740 0.108048
v -0.251962 3.125855 0.108476
v -0.258657 3.131280 0.110556
v -0.264036 3.140427 0.114064
v -0.267515 3.152305 0.118618
v -0.266216 3.158184 0.143136
v -0.265023 3.171539 0.148157
v -0.261576 3.183513 0.152461
v -0.256248 3.192809 0.155580
v -0.249615 3.198420 0.157177
v -0.242397 3.199737 0.157078
v -0.235376 3.196618 0.155295
v -0.229313 3.189400 0.152020
v -0.224865 3.178867 0.147609
v -0.222513 3.166158 0.142539
v -0.222513 3.152653 0.137360
v -0.224865 3.139813 0.132634
v -0.229313 3.129031 0.128871
v -0.235376 3.121475 0.126481
v -0.242397 3.117963 0.125721
v -0.249615 3.118876 0.126675
v -0.256248 3.124116 0.129239
v -0.261576 3.133114 0.133135
v -0.265023 3.144896 0.137941
v -0.258754 3.150880 0.162184
v -0.257595 3.164268 0.167120
v -0.254245 3.176336 0.171177
v -0.249065 3.185778 0.173915
v -0.242619 3.191571 0.175037
v -0.235603 3.193086 0.174422
v -0.228779 3.190159 0.172136
v -0.222886 3.183108 0.168428
v -0.218562 3.172697 0.163698
v -0.216276 3.160053 0.158460
v -0.216276 3.146548 0.153281
v -0.218562 3.133644 0.148723
v -0.222886 3.122739 0.145279
v -0.228779 3.115016 0.143322
v -0.235603 3.111312 0.143065
v -0.242619 3.112028 0.144535
v -0.249065 3.117085 0.147574
v -0.254245 3.125937 0.151851
v -0.257595 3.137624 0.156904
v -0.246472 3.143851 0.180516
v -0.245368 3.157269 0.185370
v -0.242176 3.169429 0.189189
v -0.237243 3.179012 0.191560
v -0.231102 3.184980 0.192225
v -0.224420 3.186686 0.191113
v -0.217920 3.183945 0.188344
v -0.212306 3.177054 0.184218
v -0.208188 3.166760 0.179182
v -0.206010 3.154178 0.173782
v -0.206010 3.140673 0.168604
v -0.208188 3.127706 0.164207
v -0.212306 3.116684 0.161069
v -0.217920 3.108802 0.159530
v -0.224420 3.104912 0.159756
v -0.231102 3.105437 0.161724
v -0.237243 3.110320 0.165219
v -0.242176 3.119030 0.169863
v -0.245368 3.130627 0.175153
v -0.229598 3.137227 0.197789
v -0.228570 3.150675 0.202566
v -0.225597 3.162921 0.206161
v -0.221002 3.172637 0.208187
v -0.215281 3.178769 0.208422
v -0.209056 3.180655 0.206841
v -0.203001 3.178088 0.203617
v -0.197772 3.171348 0.199097
v -0.193935 3.161165 0.193773
v -0.191907 3.148642 0.188220
v -0.191907 3.135136 0.183042
v -0.193935 3.122111 0.178798
v -0.197772 3.110979 0.175948
v -0.203001 3.102945 0.174803
v -0.209056 3.098881 0.175485
v -0.215281 3.099226 0.177920
v -0.221002 3.103944 0.181846
v -0.225597 3.112522 0.186836
v -0.228570 3.124032 0.192349
v -0.208448 3.131132 0.213683
v -0.207515 3.144608 0.218389
v -0.204815 3.156933 0.221779
v -0.200643 3.166770 0.223486
v -0.195450 3.173055 0.223325
v -0.189798 3.175105 0.221313
v -0.184301 3.172699 0.217670
v -0.179553 3.166098 0.212788
v -0.176070 3.156017 0.207198
v -0.174229 3.143548 0.201505
v -0.174229 3.130042 0.196326
v -0.176070 3.116964 0.192223
v -0.179553 3.105729 0.189639
v -0.184301 3.097557 0.188855
v -0.189798 3.093332 0.189957
v -0.195450 3.093512 0.192823
v -0.200643 3.098077 0.197145
v -0.204815 3.106534 0.202453
v -0.207515 3.117965 0.208172
v -0.183415 3.125680 0.227902
v -0.182593 3.139180 0.232543
v -0.180218 3.151576 0.235749
v -0.176547 3.161522 0.237172
v -0.171978 3.167943 0.236656
v -0.167005 3.170141 0.234260
v -0.162167 3.167879 0.230241
v -0.157990 3.161402 0.225036
v -0.154925 3.151412 0.219208
v -0.153305 3.138990 0.213390
v -0.153305 3.125485 0.208211
v -0.154925 3.112358 0.204233
v -0.157990 3.101033 0.201887
v -0.162167 3.092736 0.201427
v -0.167005 3.088367 0.202903
v -0.171978 3.088399 0.206155
v -0.176547 3.092829 0.210831
v -0.180218 3.101177 0.216423
v -0.182593 3.112537 0.222327
v -0.154965 3.120972 0.240179
v -0.154271 3.134493 0.244766
v -0.152264 3.146950 0.247813
v -0.149162 3.156991 0.248990
v -0.145302 3.163528 0.248169
v -0.141100 3.165854 0.245439
v -0.137013 3.163717 0.241096
v -0.133484 3.157347 0.235611
v -0.130894 3.147435 0.229579
v -0.129525 3.135056 0.223652
v -0.129525 3.121550 0.218473
v -0.130894 3.108382 0.214603
v -0.133484 3.096977 0.212462
v -0.137013 3.088573 0.212282
v -0.141100 3.084080 0.214082
v -0.145302 3.083985 0.217667
v -0.149162 3.088298 0.222649
v -0.152264 3.096551 0.228487
v -0.154271 3.107851 0.234550
v -0.123628 3.117096 0.250288
v -0.123074 3.130635 0.254829
v -0.121474 3.143141 0.257745
v -0.118999 3.153259 0.258720
v -0.115919 3.159894 0.257647
v -0.112567 3.162325 0.254643
v -0.109307 3.160289 0.250034
v -0.106491 3.154008 0.244319
v -0.104425 3.144161 0.238117
v -0.103333 3.131816 0.232101
v -0.103333 3.118310 0.226922
v -0.104425 3.105108 0.223142
v -0.106491 3.093639 0.221170
v -0.109307 3.085146 0.221220
v -0.112567 3.080551 0.223286
v -0.115919 3.080350 0.227145
v -0.118999 3.084567 0.232379
v -0.121474 3.092742 0.238420
v -0.123074 3.103992 0.244613
v -0.089988 3.114124 0.258039
v -0.089585 3.127676 0.262545
v -0.088420 3.140221 0.265361
v -0.086619 3.150399 0.266180
v -0.084377 3.157107 0.264914
v -0.081937 3.159619 0.261700
v -0.079564 3.157662 0.256887
v -0.077514 3.151448 0.250995
v -0.076011 3.141650 0.244664
v -0.075216 3.129332 0.238579
v -0.075216 3.115826 0.233400
v -0.076011 3.102597 0.229689
v -0.077514 3.091078 0.227846
v -0.079564 3.082519 0.228073
v -0.081937 3.077845 0.230344
v -0.084377 3.077564 0.234413
v -0.086619 3.081706 0.239839
v -0.088420 3.089822 0.246035
v -0.089585 3.101033 0.252329
v -0.054672 3.112111 0.263288
v -0.054428 3.125672 0.267771
v -0.053720 3.138243 0.270518
v -0.052625 3.148461 0.271232
v -0.051263 3.155220 0.269836
v -0.049781 3.157786 0.266479
v -0.048339 3.155882 0.261527
v -0.047094 3.149714 0.255516
v -0.046180 3.139951 0.249097
v -0.045697 3.127649 0.242966
v -0.045697 3.114143 0.237788
v -0.046180 3.100897 0.234122
v -0.047094 3.089345 0.232367
v -0.048339 3.080739 0.232713
v -0.049781 3.076012 0.235123
v -0.051263 3.075677 0.239334
v -0.052625 3.079769 0.244892
v -0.053720 3.087845 0.251193
v -0.054428 3.099029 0.257554
v -0.018338 3.111095 0.265937
v -0.018256 3.124661 0.270408
v -0.018018 3.137245 0.273121
v -0.017651 3.147484 0.273782
v -0.017194 3.154267 0.272320
v -0.016697 3.156861 0.268892
v -0.016214 3.154984 0.263870
v -0.015796 3.148839 0.257798
v -0.015490 3.139092 0.251335
v -0.015328 3.126800 0.245181
v -0.015328 3.113295 0.240002
v -0.015490 3.100039 0.236360
v -0.015796 3.088470 0.234649
v -0.016214 3.079841 0.235056
v -0.016697 3.075087 0.237535
v -0.017194 3.074724 0.241818
v -0.017651 3.078790 0.247442
v -0.018018 3.086846 0.253796
v -0.018256 3.098018 0.260192
v 0.018338 3.111095 0.265937
v 0.018256 3.124661 0.270408
v 0.018018 3.137245 0.273121
v 0.017651 3.147484 0.273782
v 0.017195 3.154267 0.272320
v 0.016697 3.156861 0.268892
v 0.016214 3.154984 0.263870
v 0.015796 3.148839 0.257798
v 0.015490 3.139092 0.251335
v 0.015328 3.126800 0.245181
v 0.015328 3.113295 0.240002
v 0.015490 3.100039 0.236360
v 0.015796 3.088470 0.234649
v 0.016214 3.079841 0.235056
v 0.016697 3.075087 0.237535
v 0.017195 3.074724 0.241818
v 0.017651 3.078790 0.247442
v 0.018018 3.086846 0.253796
v 0.018256 3.098018 0.260192
v 0.054672 3.112111 0.263288
v 0.054428 3.125672 0.267771
v 0.053720 3.138243 0.270518
v 0.052625 3.148461 0.271232
v 0.051263 3.155220 0.269836
v 0.049781 3.157786 0.266479
v 0.048339 3.155882 0.261527
v 0.047094 3.149714 0.255516
v 0.046180 3.139951 0.249097
v 0.045697 3.127649 0.242966
v 0.045697 3.114143 0.237788
v 0.046180 3.100897 0.234122
v 0.047094 3.089345 0.232367
v 0.048339 3.080739 0.232713
v 0.049781 3.076012 0.235123
v 0.051263 3.075677 0.239334
v 0.052625 3.079769 0.244892
v 0.053720 3.087845 0.251193
v 0.054428 3.099029 0.257554
v 0.089988 3.114124 0.258039
v 0.089585 3.127676 0.262545
v 0.088420 3.140221 0.265361
v 0.086619 3.150399 0.266180
v 0.084377 3.157107 0.264914
v 0.081937 3.159619 0.261700
v 0.079564 3.157662 0.256887
v 0.077514 3.151448 0.250995
v 0.076011 3.141650 0.244664
v 0.075216 3.129332 0.238579
v 0.075216 3.115826 0.233400
v 0.076011 3.102597 0.229689
v 0.077514 3.091078 0.227846
v 0.079564 3.082519 0.228073
v 0.081937 3.077845 0.230344
v 0.084377 3.077564 0.234413
v 0.086619 3.081706 0.239839
v 0.088420 3.089822 0.246035
v 0.089585 3.101033 0.252329
v 0.123628 3.117096 0.250288
v 0.123074 3.130635 0.254829
v 0.121474 3.143141 0.257745
v 0.118999 3.153259 0.258720
v 0.115919 3.159894 0.257647
v 0.112567 3.162325 0.254643
v 0.109307 3.160289 0.250034
v 0.106491 3.154008 0.244319
v 0.104425 3.144161 0.238117
v 0.103333 3.131816 0.232101
v 0.103333 3.118310 0.226922
v 0.104425 3.105108 0.223142
v 0.106491 3.093639 0.221170
v 0.109307 3.085146 0.221220
v 0.112567 3.080551 0.223286
v 0.115919 3.080350 0.227145
v 0.118999 3.084567 0.232379
v 0.121474 3.092742 0.238420
v 0.123074 3.103992 0.244613
v 0.154965 3.120972 0.240179
v 0.154271 3.134493 0.244766
v 0.152264 3.146950 0.247813
v 0.149162 3.156991 0.248990
v 0.145302 3.163528 0.248169
v 0.141100 3.165854 0.245439
v 0.137013 3.163717 0.241096
v 0.133484 3.157347 0.235611
v 0.130894 3.147435 0.229579
v 0.129525 3.135056 0.223652
v 0.129525 3.121550 0.218473
v 0.130894 3.108382 0.214603
v 0.133484 3.096977 0.212462
v 0.137013 3.088573 0.212282
v 0.141100 3.084080 0.214082
v 0.145302 3.083985 0.217667
v 0.149162 3.088298 0.222649
v 0.152264 3.096551 0.228487
v 0.154271 3.107851 0.234550
v 0.183415 3.125680 0.227902
v 0.182593 3.139181 0.232543
v 0.180218 3.151576 0.235749
v 0.176547 3.161522 0.237172
v 0.171978 3.167942 0.236656
v 0.167005 3.170141 0.234260
v 0.162167 3.167879 0.230241
v 0.157990 3.161402 0.225036
v 0.154925 3.151412 0.219208
v 0.153305 3.138990 0.213390
v 0.153305 3.125485 0.208211
v 0.154925 3.112358 0.204233
v 0.157990 3.101033 0.201887
v 0.162167 3.092736 0.201427
v 0.167005 3.088367 0.202903
v 0.171978 3.088399 0.206155
v 0.176547 3.092829 0.210831
v 0.180218 3.101177 0.216423
v 0.182593 3.112537 0.222327
v 0.208448 3.131132 0.213683
v 0.207514 3.144608 0.218389
v 0.204815 3.156933 0.221779
v 0.200643 3.166770 0.223486
v 0.195450 3.173055 0.223325
v 0.189798 3.175105 0.221313
v 0.184301 3.172699 0.217670
v 0.179553 3.166098 0.212788
v 0.176070 3.156017 0.207198
v 0.174229 3.143548 0.201505
v 0.174229 3.130042 0.196326
v 0.176070 3.116964 0.192223
v 0.179553 3.105729 0.189639
v 0.184301 3.097557 0.188856
v 0.189798 3.093332 0.189957
v 0.195450 3.093512 0.192823
v 0.200643 3.098077 0.197145
v 0.204815 3.106534 0.202453
v 0.207514 3.117965 0.208172
v 0.229598 3.137227 0.197789
v 0.228570 3.150675 0.202566
v 0.225597 3.162921 0.206161
v 0.221002 3.172637 0.208187
v 0.215281 3.178769 0.208422
v 0.209056 3.180655 0.206841
v 0.203001 3.178088 0.203617
v 0.197772 3.171348 0.199097
v 0.193935 3.161165 0.193773
v 0.191907 3.148642 0.188221
v 0.191907 3.135136 0.183042
v 0.193935 3.122111 0.178798
v 0.197772 3.110979 0.175948
v 0.203001 3.102945 0.174803
v 0.209056 3.098881 0.175485
v 0.215281 3.099226 0.177920
v 0.221002 3.103944 0.181846
v 0.225597 3.112522 0.186836
v 0.228570 3.124032 0.192349
v 0.246472 3.143851 0.180516
v 0.245368 3.157269 0.185370
v 0.242176 3.169429 0.189189
v 0.237243 3.179012 0.191560
v 0.231102 3.184980 0.192225
v 0.224420 3.186686 0.191113
v 0.217920 3.183945 0.188344
v 0.212306 3.177054 0.184218
v 0.208188 3.166760 0.179182
v 0.206010 3.154178 0.173783
v 0.206010 3.140673 0.168604
v 0.208188 3.127706 0.164207
v 0.212306 3.116684 0.161069
v 0.217920 3.108802 0.159530
v 0.224420 3.104912 0.159756
v 0.231102 3.105437 0.161724
v 0.237243 3.110320 0.165219
v 0.242176 3.119030 0.169863
v 0.245368 3.130627 0.175153
v 0.258754 3.150880 0.162184
v 0.257595 3.164268 0.167120
v 0.254244 3.176336 0.171177
v 0.249065 3.185778 0.173915
v 0.242619 3.191571 0.175037
v 0.235603 3.193086 0.174422
v 0.228779 3.190159 0.172136
v 0.222886 3.183108 0.168428
v 0.218562 3.172697 0.163698
v 0.216276 3.160053 0.158460
v 0.216276 3.146548 0.153282
v 0.218562 3.133644 0.148723
v 0.222886 3.122739 0.145279
v 0.228779 3.115016 0.143322
v 0.235603 3.111312 0.143065
v 0.242619 3.112028 0.144535
v 0.249065 3.117085 0.147574
v 0.254244 3.125937 0.151851
v 0.257595 3.137624 0.156904
v 0.266216 3.158184 0.143136
v 0.265023 3.171539 0.148157
v 0.261576 3.183513 0.152461
v 0.256248 3.192810 0.155580
v 0.249615 3.198420 0.157177
v 0.242397 3.199737 0.157078
v 0.235376 3.196618 0.155295
v 0.229313 3.189400 0.152020
v 0.224865 3.178867 0.147609
v 0.222513 3.166158 0.142539
v 0.222513 3.152653 0.137360
v 0.224865 3.139813 0.132634
v 0.229313 3.129031 0.128871
v 0.235376 3.121475 0.126481
v 0.242397 3.117963 0.125721
v 0.249615 3.118876 0.126675
v 0.256248 3.124116 0.129239
v 0.261576 3.133114 0.133135
v 0.265023 3.144896 0.137941
vn 1.0000 -0.0000 -0.0000
vn 0.9848 0.1620 0.0621
vn 0.9282 0.3474 0.1332
vn 0.7833 0.5804 0.2226
vn 0.4414 0.8378 0.3213
vn -0.1273 0.9261 0.3551
vn -0.6250 0.7289 0.2795
vn -0.8668 0.4656 0.1785
vn -0.9623 0.2539 0.0974
vn -0.9963 0.0806 0.0309
vn -0.9963 -0.0806 -0.0309
vn -0.9623 -0.2539 -0.0974
vn -0.8668 -0.4656 -0.1785
vn -0.6250 -0.7289 -0.2795
vn -0.1273 -0.9261 -0.3551
vn 0.4414 -0.8378 -0.3213
vn 0.7833 -0.5804 -0.2226
vn 0.9282 -0.3474 -0.1332
vn 0.9848 -0.1620 -0.0621
vn 0.9727 0.0831 -0.2168
vn 0.9584 0.2411 -0.1526
vn 0.9050 0.4196 -0.0706
vn 0.7666 0.6403 0.0486
vn 0.4338 0.8736 0.2207
vn -0.1268 0.9162 0.3802
vn -0.6145 0.6708 0.4153
vn -0.8466 0.3858 0.3667
vn -0.9368 0.1686 0.3064
vn -0.9687 -0.0044 0.2481
vn -0.9687 -0.1626 0.1874
vn -0.9368 -0.3302 0.1151
vn -0.8466 -0.5320 0.0147
vn -0.6145 -0.7764 -0.1397
vn -0.1267 -0.9355 -0.3298
vn 0.4338 -0.7972 -0.4199
vn 0.7666 -0.5086 -0.3920
vn 0.9050 -0.2648 -0.3331
vn 0.9584 -0.0773 -0.2747
vn 0.8990 0.1568 -0.4089
vn 0.8871 0.3065 -0.3452
vn 0.8416 0.4750 -0.2571
vn 0.7202 0.6842 -0.1148
vn 0.4123 0.9024 0.1248
vn -0.1247 0.9055 0.4056
vn -0.5844 0.6064 0.5392
vn -0.7909 0.3016 0.5325
vn -0.8679 0.0849 0.4894
vn -0.8947 -0.0822 0.4390
vn -0.8947 -0.2324 0.3814
vn -0.8679 -0.3903 0.3072
vn -0.7909 -0.5803 0.1943
vn -0.5845 -0.8114 -0.0044
vn -0.1247 -0.9445 -0.3038
vn 0.4123 -0.7545 -0.5105
vn 0.7202 -0.4320 -0.5428
vn 0.8416 -0.1813 -0.5088
vn 0.8871 0.0029 -0.4617
vn 0.7976 0.2159 -0.5632
vn 0.7884 0.3553 -0.5022
vn 0.7527 0.5128 -0.4130
vn 0.6531 0.7122 -0.2573
vn 0.3804 0.9240 0.0383
vn -0.1204 0.8944 0.4308
vn -0.5385 0.5409 0.6461
vn -0.7114 0.2220 0.6668
vn -0.7724 0.0110 0.6350
vn -0.7932 -0.1465 0.5911
vn -0.7932 -0.2862 0.5375
vn -0.7724 -0.4327 0.4649
vn -0.7114 -0.6109 0.3474
vn -0.5385 -0.8342 0.1188
vn -0.1204 -0.9531 -0.2776
vn 0.3804 -0.7127 -0.5893
vn 0.6531 -0.3576 -0.6675
vn 0.7527 -0.1052 -0.6500
vn 0.7884 0.0716 -0.6110
vn 0.6862 0.2604 -0.6792
vn 0.6794 0.3892 -0.6220
vn 0.6527 0.5360 -0.5354
vn 0.5750 0.7272 -0.3750
vn 0.3416 0.9391 -0.0368
vn -0.1131 0.8833 0.4549
vn -0.4817 0.4791 0.7338
vn -0.6205 0.1526 0.7693
vn -0.6666 -0.0495 0.7437
vn -0.6820 -0.1962 0.7045
vn -0.6820 -0.3251 0.6551
vn -0.6666 -0.4605 0.5861
vn -0.6205 -0.6278 0.4700
vn -0.4817 -0.8469 0.2254
vn -0.1131 -0.9610 -0.2523
vn 0.3416 -0.6738 -0.6552
vn 0.5750 -0.2900 -0.7650
vn 0.6527 -0.0406 -0.7565
vn 0.6794 0.1264 -0.7228
vn 0.5758 0.2927 -0.7634
vn 0.5709 0.4119 -0.7102
vn 0.5516 0.5491 -0.6279
vn 0.4927 0.7332 -0.4686
vn 0.2988 0.9490 -0.1000
vn -0.1030 0.8729 0.4769
vn -0.4187 0.4239 0.8031
vn -0.5269 0.0953 0.8446
vn -0.5610 -0.0967 0.8221
vn -0.5721 -0.2332 0.7863
vn -0.5721 -0.3523 0.7406
vn -0.5610 -0.4778 0.6760
vn -0.5269 -0.6355 0.5643
vn -0.4187 -0.8522 0.3138
vn -0.1030 -0.9680 -0.2290
vn 0.2989 -0.6389 -0.7089
vn 0.4927 -0.2319 -0.8387
vn 0.5516 0.0115 -0.8340
vn 0.5709 0.1685 -0.8035
vn 0.4715 0.3157 -0.8234
vn 0.4680 0.4268 -0.7738
vn 0.4542 0.5558 -0.6963
vn 0.4107 0.7338 -0.5412
vn 0.2540 0.9552 -0.1520
vn -0.0905 0.8636 0.4961
vn -0.3531 0.3770 0.8563
vn -0.4356 0.0497 0.8987
vn -0.4605 -0.1326 0.8777
vn -0.4684 -0.2602 0.8443
vn -0.4684 -0.3710 0.8018
vn -0.4605 -0.4882 0.7414
vn -0.4356 -0.6379 0.6351
vn -0.3531 -0.8529 0.3847
vn -0.0906 -0.9738 -0.2085
vn 0.2540 -0.6087 -0.7517
vn 0.4107 -0.1838 -0.8931
vn 0.4542 0.0522 -0.8894
vn 0.4680 0.2000 -0.8608
vn 0.3744 0.3320 -0.8658
vn 0.3720 0.4365 -0.8192
vn 0.3623 0.5588 -0.7460
vn 0.3308 0.7316 -0.5961
vn 0.2081 0.9588 -0.1936
vn -0.0763 0.8556 0.5120
vn -0.2870 0.3387 0.8961
vn -0.3486 0.0146 0.9372
vn -0.3664 -0.1594 0.9167
vn -0.3720 -0.2796 0.8851
vn -0.3720 -0.3839 0.8451
vn -0.3664 -0.4944 0.7883
vn -0.3486 -0.6375 0.6871
vn -0.2870 -0.8510 0.4399
vn -0.0763 -0.9786 -0.1912
vn 0.2081 -0.5835 -0.7850
vn 0.3308 -0.1454 -0.9324
vn 0.3623 0.0832 -0.9283
vn 0.3720 0.2231 -0.9010
vn 0.2840 0.3433 -0.8953
vn 0.2824 0.4428 -0.8510
vn 0.2757 0.5599 -0.7813
vn 0.2536 0.7283 -0.6366
vn 0.1619 0.9606 -0.2258
vn -0.0606 0.8491 0.5248
vn -0.2216 0.3088 0.9249
vn -0.2659 -0.0116 0.9639
vn -0.2783 -0.1788 0.9437
vn -0.2822 -0.2934 0.9134
vn -0.2822 -0.3925 0.8754
vn -0.2783 -0.4980 0.8213
vn -0.2659 -0.6359 0.7245
vn -0.2216 -0.8481 0.4813
vn -0.0606 -0.9823 -0.1774
vn 0.1619 -0.5634 -0.8102
vn 0.2536 -0.1160 -0.9603
vn 0.2757 0.1061 -0.9554
vn 0.2824 0.2397 -0.9289
vn 0.1991 0.3509 -0.9150
vn 0.1980 0.4467 -0.8725
vn 0.1937 0.5600 -0.8055
vn 0.1791 0.7252 -0.6649
vn 0.1156 0.9615 -0.2493
vn -0.0440 0.8442 0.5343
vn -0.1572 0.2870 0.9449
vn -0.1871 -0.0301 0.9819
vn -0.1952 -0.1923 0.9617
vn -0.1978 -0.3027 0.9323
vn -0.1978 -0.3982 0.8957
vn -0.1952 -0.5000 0.8437
vn -0.1871 -0.6341 0.7503
vn -0.1572 -0.8452 0.5108
vn -0.0440 -0.9850 -0.1671
vn 0.1156 -0.5483 -0.8283
vn 0.1791 -0.0947 -0.9793
vn 0.1937 0.1221 -0.9734
vn 0.1980 0.2511 -0.9475
vn 0.1179 0.3555 -0.9272
vn 0.1173 0.4491 -0.8858
vn 0.1149 0.5599 -0.8206
vn 0.1066 0.7228 -0.6828
vn 0.0693 0.9618 -0.2647
vn -0.0267 0.8408 0.5406
vn -0.0939 0.2728 0.9575
vn -0.1111 -0.0419 0.9929
vn -0.1157 -0.2008 0.9728
vn -0.1172 -0.3086 0.9440
vn -0.1172 -0.4017 0.9083
vn -0.1157 -0.5011 0.8576
vn -0.1111 -0.6327 0.7664
vn -0.0938 -0.8430 0.5296
vn -0.0267 -0.9867 -0.1602
vn 0.0693 -0.5383 -0.8399
vn 0.1066 -0.0809 -0.9910
vn 0.1149 0.1323 -0.9845
vn 0.1173 0.2583 -0.9589
vn 0.0390 0.3578 -0.9330
vn 0.0389 0.4501 -0.8921
vn 0.0381 0.5597 -0.8278
vn 0.0354 0.7215 -0.6915
vn 0.0231 0.9619 -0.2723
vn -0.0089 0.8392 0.5438
vn -0.0312 0.2657 0.9635
vn -0.0368 -0.0477 0.9982
vn -0.0383 -0.2049 0.9780
vn -0.0388 -0.3113 0.9495
vn -0.0388 -0.4033 0.9142
vn -0.0383 -0.5016 0.8643
vn -0.0368 -0.6319 0.7742
vn -0.0312 -0.8418 0.5388
vn -0.0089 -0.9876 -0.1567
vn 0.0231 -0.5332 -0.8456
vn 0.0354 -0.0741 -0.9966
vn 0.0381 0.1373 -0.9898
vn 0.0389 0.2618 -0.9644
vn -0.0391 0.3578 -0.9330
vn -0.0389 0.4501 -0.8921
vn -0.0381 0.5597 -0.8278
vn -0.0354 0.7215 -0.6915
vn -0.0231 0.9619 -0.2723
vn 0.0089 0.8392 0.5438
vn 0.0312 0.2657 0.9635
vn 0.0368 -0.0477 0.9982
vn 0.0383 -0.2049 0.9780
vn 0.0388 -0.3113 0.9495
vn 0.0388 -0.4033 0.9142
vn 0.0383 -0.5016 0.8643
vn 0.0368 -0.6319 0.7742
vn 0.0312 -0.8418 0.5388
vn 0.0089 -0.9876 -0.1567
vn -0.0231 -0.5332 -0.8456
vn -0.0354 -0.0741 -0.9966
vn -0.0381 0.1373 -0.9898
vn -0.0389 0.2618 -0.9644
vn -0.1179 0.3555 -0.9272
vn -0.1173 0.4491 -0.8858
vn -0.1149 0.5599 -0.8206
vn -0.1066 0.7228 -0.6828
vn -0.0693 0.9618 -0.2647
vn 0.0267 0.8409 0.5406
vn 0.0938 0.2728 0.9575
vn 0.1111 -0.0419 0.9929
vn 0.1157 -0.2008 0.9728
vn 0.1172 -0.3086 0.9440
vn 0.1172 -0.4017 0.9083
vn 0.1157 -0.5011 0.8576
vn 0.1111 -0.6327 0.7664
vn 0.0938 -0.8430 0.5296
vn 0.0267 -0.9867 -0.1602
vn -0.0693 -0.5383 -0.8399
vn -0.1066 -0.0809 -0.9910
vn -0.1149 0.1323 -0.9845
vn -0.1173 0.2583 -0.9589
vn -0.1991 0.3509 -0.9150
vn -0.1980 0.4467 -0.8725
vn -0.1937 0.5600 -0.8055
vn -0.1791 0.7252 -0.6649
vn -0.1156 0.9615 -0.2493
vn 0.0440 0.8442 0.5343
vn 0.1572 0.2870 0.9449
vn 0.1871 -0.0301 0.9819
vn 0.1952 -0.1923 0.9617
vn 0.1978 -0.3027 0.9323
vn 0.1978 -0.3982 0.8957
vn 0.1952 -0.5000 0.8437
vn 0.1871 -0.6341 0.7503
vn 0.1572 -0.8452 0.5108
vn 0.0440 -0.9850 -0.1671
vn -0.1156 -0.5483 -0.8283
vn -0.1791 -0.0947 -0.9793
vn -0.1937 0.1221 -0.9734
vn -0.1980 0.2511 -0.9475
vn -0.2840 0.3433 -0.8953
vn -0.2824 0.4428 -0.8510
vn -0.2757 0.5599 -0.7813
vn -0.2536 0.7283 -0.6366
vn -0.1619 0.9606 -0.2258
vn 0.0606 0.8491 0.5248
vn 0.2216 0.3088 0.9249
vn 0.2659 -0.0116 0.9639
vn 0.2783 -0.1788 0.9437
vn 0.2822 -0.2934 0.9134
vn 0.2822 -0.3925 0.8754
vn 0.2783 -0.4980 0.8213
vn 0.2659 -0.6359 0.7245
vn 0.2216 -0.8481 0.4813
vn 0.0607 -0.9823 -0.1774
vn -0.1619 -0.5634 -0.8102
vn -0.2536 -0.1160 -0.9603
vn -0.2757 0.1061 -0.9554
vn -0.2824 0.2397 -0.9289
vn -0.3744 0.3320 -0.8658
vn -0.3720 0.4365 -0.8192
vn -0.3623 0.5588 -0.7460
vn -0.3308 0.7316 -0.5961
vn -0.2081 0.9588 -0.1936
vn 0.0763 0.8556 0.5120
vn 0.2870 0.3387 0.8961
vn 0.3486 0.0146 0.9372
vn 0.3664 -0.1594 0.9167
vn 0.3720 -0.2796 0.8851
vn 0.3720 -0.3839 0.8451
vn 0.3664 -0.4944 0.7883
vn 0.3486 -0.6375 0.6871
vn 0.2870 -0.8510 0.4399
vn 0.0763 -0.9786 -0.1912
vn -0.2081 -0.5835 -0.7850
vn -0.3308 -0.1454 -0.9324
vn -0.3623 0.0832 -0.9283
vn -0.3720 0.2231 -0.9010
vn -0.4715 0.3157 -0.8234
vn -0.4680 0.4268 -0.7738
vn -0.4542 0.5558 -0.6963
vn -0.4107 0.7338 -0.5412
vn -0.2540 0.9552 -0.1520
vn 0.0905 0.8636 0.4961
vn 0.3531 0.3770 0.8563
vn 0.4356 0.0497 0.8987
vn 0.4605 -0.1326 0.8777
vn 0.4684 -0.2602 0.8443
vn 0.4684 -0.3710 0.8018
vn 0.4605 -0.4882 0.7414
vn 0.4357 -0.6379 0.6351
vn 0.3531 -0.8529 0.3847
vn 0.0906 -0.9738 -0.2085
vn -0.2540 -0.6087 -0.7517
vn -0.4107 -0.1838 -0.8931
vn -0.4542 0.0522 -0.8894
vn -0.4680 0.2000 -0.8608
vn -0.5758 0.2927 -0.7634
vn -0.5709 0.4119 -0.7102
vn -0.5516 0.5491 -0.6279
vn -0.4927 0.7332 -0.4686
vn -0.2988 0.9490 -0.1000
vn 0.1030 0.8729 0.4769
vn 0.4187 0.4239 0.8031
vn 0.5269 0.0953 0.8446
vn 0.5610 -0.0967 0.8221
vn 0.5721 -0.2332 0.7863
vn 0.5722 -0.3523 0.7406
vn 0.5610 -0.4778 0.6760
vn 0.5269 -0.6355 0.5643
vn 0.4187 -0.8522 0.3138
vn 0.1030 -0.9680 -0.2290
vn -0.2988 -0.6389 -0.7089
vn -0.4927 -0.2319 -0.8387
vn -0.5516 0.0115 -0.8340
vn -0.5709 0.1685 -0.8035
vn -0.6862 0.2604 -0.6792
vn -0.6794 0.3892 -0.6220
vn -0.6527 0.5360 -0.5354
vn -0.5750 0.7272 -0.3750
vn -0.3416 0.9391 -0.0368
vn 0.1131 0.8833 0.4549
vn 0.4817 0.4791 0.7338
vn 0.6205 0.1526 0.7692
vn 0.6666 -0.0495 0.7437
vn 0.6820 -0.1962 0.7045
vn 0.6820 -0.3251 0.6551
vn 0.6666 -0.4605 0.5861
vn 0.6204 -0.6278 0.4700
vn 0.4817 -0.8469 0.2254
vn 0.1131 -0.9610 -0.2523
vn -0.3416 -0.6738 -0.6552
vn -0.5750 -0.2900 -0.7650
vn -0.6527 -0.0406 -0.7565
vn -0.6794 0.1264 -0.7228
vn -0.7976 0.2159 -0.5632
vn -0.7884 0.3553 -0.5022
vn -0.7527 0.5128 -0.4130
vn -0.6531 0.7122 -0.2573
vn -0.3804 0.9240 0.0383
vn 0.1203 0.8944 0.4308
vn 0.5385 0.5409 0.6461
vn 0.7114 0.2220 0.6668
vn 0.7724 0.0110 0.6350
vn 0.7932 -0.1465 0.5911
vn 0.7932 -0.2862 0.5375
vn 0.7724 -0.4327 0.4649
vn 0.7114 -0.6109 0.3474
vn 0.5385 -0.8342 0.1188
vn 0.1204 -0.9531 -0.2776
vn -0.3804 -0.7127 -0.5893
vn -0.6531 -0.3576 -0.6675
vn -0.7527 -0.1052 -0.6500
vn -0.7884 0.0716 -0.6110
vn -0.8990 0.1568 -0.4089
vn -0.8871 0.3065 -0.3452
vn -0.8416 0.4750 -0.2571
vn -0.7202 0.6842 -0.1148
vn -0.4123 0.9024 0.1248
vn 0.1247 0.9055 0.4056
vn 0.5844 0.6064 0.5392
vn 0.7909 0.3016 0.5325
vn 0.8679 0.0849 0.4894
vn 0.8947 -0.0822 0.4390
vn 0.8947 -0.2324 0.3814
vn 0.8679 -0.3903 0.3072
vn 0.7909 -0.5803 0.1943
vn 0.5845 -0.8114 -0.0044
vn 0.1247 -0.9445 -0.3038
vn -0.4123 -0.7545 -0.5105
vn -0.7202 -0.4320 -0.5428
vn -0.8416 -0.1813 -0.5088
vn -0.8871 0.0029 -0.4617
vn -0.9727 0.0831 -0.2168
vn -0.9584 0.2411 -0.1526
vn -0.9050 0.4196 -0.0706
vn -0.7666 0.6403 0.0486
vn -0.4338 0.8736 0.2207
vn 0.1268 0.9162 0.3802
vn 0.6145 0.6708 0.4153
vn 0.8466 0.3858 0.3667
vn 0.9368 0.1686 0.3064
vn 0.9687 -0.0044 0.2481
vn 0.9687 -0.1626 0.1874
vn 0.9368 -0.3302 0.1151
vn 0.8466 -0.5320 0.0147
vn 0.6145 -0.7764 -0.1397
vn 0.1267 -0.9355 -0.3298
vn -0.4338 -0.7972 -0.4199
vn -0.7666 -0.5086 -0.3920
vn -0.9050 -0.2648 -0.3331
vn -0.9584 -0.0773 -0.2747
vn -1.0000 -0.0000 -0.0000
vn -0.9848 0.1620 0.0621
vn -0.9282 0.3474 0.1332
vn -0.7833 0.5804 0.2225
vn -0.4414 0.8378 0.3213
vn 0.1273 0.9261 0.3551
vn 0.6250 0.7289 0.2795
vn 0.8668 0.4656 0.1785
vn 0.9623 0.2539 0.0974
vn 0.9963 0.0806 0.0309
vn 0.9963 -0.0806 -0.0309
vn 0.9623 -0.2539 -0.0974
vn 0.8668 -0.4656 -0.1785
vn 0.6250 -0.7289 -0.2795
vn 0.1273 -0.9261 -0.3551
vn -0.4414 -0.8378 -0.3213
vn -0.7833 -0.5804 -0.2226
vn -0.9282 -0.3474 -0.1332
vn -0.9848 -0.1620 -0.0621
vn -0.9727 -0.0831 0.2168
vn -0.9584 0.0773 0.2747
vn -0.9050 0.2648 0.3331
vn -0.7666 0.5086 0.3920
vn -0.4338 0.7972 0.4199
vn 0.1268 0.9355 0.3298
vn 0.6145 0.7764 0.1397
vn 0.8466 0.5320 -0.0147
vn 0.9368 0.3303 -0.1151
vn 0.9687 0.1626 -0.1874
vn 0.9687 0.0044 -0.2481
vn 0.9368 -0.1686 -0.3064
vn 0.8466 -0.3858 -0.3667
vn 0.6145 -0.6708 -0.4153
vn 0.1268 -0.9162 -0.3802
vn -0.4338 -0.8736 -0.2207
vn -0.7666 -0.6403 -0.0486
vn -0.9050 -0.4196 0.0706
vn -0.9584 -0.2411 0.1526
vn -0.8990 -0.1568 0.4089
vn -0.8871 -0.0029 0.4617
vn -0.8416 0.1813 0.5088
vn -0.7202 0.4320 0.5429
vn -0.4123 0.7545 0.5105
vn 0.1247 0.9445 0.3038
vn 0.5845 0.8114 0.0044
vn 0.7909 0.5803 -0.1943
vn 0.8679 0.3903 -0.3072
vn 0.8947 0.2324 -0.3814
vn 0.8947 0.0822 -0.4390
vn 0.8679 -0.0849 -0.4894
vn 0.7909 -0.3016 -0.5325
vn 0.5844 -0.6064 -0.5392
vn 0.1248 -0.9055 -0.4056
vn -0.4123 -0.9024 -0.1248
vn -0.7202 -0.6842 0.1148
vn -0.8416 -0.4750 0.2571
vn -0.8871 -0.3065 0.3452
vn -0.7976 -0.2159 0.5632
vn -0.7884 -0.0716 0.6110
vn -0.7527 0.1052 0.6500
vn -0.6531 0.3576 0.6675
vn -0.3804 0.7127 0.5893
vn 0.1204 0.9531 0.2776
vn 0.5385 0.8342 -0.1188
vn 0.7114 0.6109 -0.3474
vn 0.7724 0.4327 -0.4649
vn 0.7932 0.2862 -0.5375
vn 0.7932 0.1465 -0.5911
vn 0.7724 -0.0110 -0.6350
vn 0.7114 -0.2220 -0.6668
vn 0.5385 -0.5409 -0.6461
vn 0.1203 -0.8944 -0.4308
vn -0.3804 -0.9240 -0.0383
vn -0.6531 -0.7122 0.2573
vn -0.7527 -0.5128 0.4130
vn -0.7884 -0.3553 0.5022
vn -0.6862 -0.2604 0.6792
vn -0.6794 -0.1264 0.7228
vn -0.6527 0.0406 0.7565
vn -0.5750 0.2900 0.7650
vn -0.3416 0.6738 0.6552
vn 0.1131 0.9610 0.2523
vn 0.4817 0.8469 -0.2254
vn 0.6205 0.6278 -0.4700
vn 0.6666 0.4605 -0.5861
vn 0.6820 0.3251 -0.6551
vn 0.6820 0.1962 -0.7045
vn 0.6666 0.0495 -0.7437
vn 0.6205 -0.1526 -0.7693
vn 0.4817 -0.4791 -0.7338
vn 0.1131 -0.8833 -0.4549
vn -0.3416 -0.9391 0.0368
vn -0.5750 -0.7272 0.3750
vn -0.6527 -0.5360 0.5354
vn -0.6794 -0.3892 0.6220
vn -0.5758 -0.2927 0.7634
vn -0.5709 -0.1685 0.8035
vn -0.5516 -0.0115 0.8340
vn -0.4927 0.2319 0.8387
vn -0.2988 0.6389 0.7089
vn 0.1030 0.9680 0.2290
vn 0.4187 0.8522 -0.3138
vn 0.5269 0.6355 -0.5643
vn 0.5610 0.4778 -0.6760
vn 0.5721 0.3523 -0.7406
vn 0.5721 0.2332 -0.7863
vn 0.5610 0.0967 -0.8221
vn 0.5269 -0.0953 -0.8446
vn 0.4187 -0.4239 -0.8031
vn 0.1030 -0.8729 -0.4769
vn -0.2988 -0.9491 0.1000
vn -0.4928 -0.7332 0.4686
vn -0.5516 -0.5491 0.6279
vn -0.5709 -0.4119 0.7102
vn -0.4715 -0.3157 0.8234
vn -0.4680 -0.2000 0.8608
vn -0.4542 -0.0522 0.8894
vn -0.4107 0.1838 0.8931
vn -0.2540 0.6087 0.7517
vn 0.0906 0.9738 0.2085
vn 0.3531 0.8528 -0.3847
vn 0.4356 0.6379 -0.6351
vn 0.4605 0.4882 -0.7414
vn 0.4684 0.3710 -0.8018
vn 0.4684 0.2602 -0.8443
vn 0.4605 0.1326 -0.8777
vn 0.4356 -0.0497 -0.8987
vn 0.3531 -0.3770 -0.8563
vn 0.0906 -0.8635 -0.4961
vn -0.2540 -0.9552 0.1520
vn -0.4107 -0.7338 0.5412
vn -0.4542 -0.5558 0.6963
vn -0.4680 -0.4268 0.7738
vn -0.3744 -0.3320 0.8658
vn -0.3720 -0.2231 0.9010
vn -0.3623 -0.0832 0.9283
vn -0.3308 0.1454 0.9324
vn -0.2081 0.5835 0.7850
vn 0.0763 0.9786 0.1913
vn 0.2870 0.8510 -0.4399
vn 0.3486 0.6375 -0.6871
vn 0.3664 0.4944 -0.7883
vn 0.3720 0.3839 -0.8451
vn 0.3720 0.2796 -0.8851
vn 0.3664 0.1594 -0.9167
vn 0.3486 -0.0146 -0.9372
vn 0.2870 -0.3387 -0.8961
vn 0.0763 -0.8555 -0.5121
vn -0.2081 -0.9588 0.1936
vn -0.3308 -0.7316 0.5961
vn -0.3623 -0.5588 0.7460
vn -0.3720 -0.4365 0.8192
vn -0.2840 -0.3433 0.8952
vn -0.2824 -0.2397 0.9289
vn -0.2757 -0.1061 0.9554
vn -0.2536 0.1160 0.9603
vn -0.1619 0.5634 0.8102
vn 0.0606 0.9823 0.1774
vn 0.2216 0.8481 -0.4813
vn 0.2659 0.6359 -0.7245
vn 0.2783 0.4980 -0.8213
vn 0.2822 0.3925 -0.8754
vn 0.2822 0.2934 -0.9134
vn 0.2783 0.1788 -0.9437
vn 0.2659 0.0116 -0.9639
vn 0.2216 -0.3088 -0.9249
vn 0.0606 -0.8491 -0.5248
vn -0.1619 -0.9606 0.2258
vn -0.2536 -0.7283 0.6366
vn -0.2757 -0.5599 0.7813
vn -0.2824 -0.4428 0.8510
vn -0.1991 -0.3509 0.9150
vn -0.1980 -0.2511 0.9475
vn -0.1937 -0.1221 0.9734
vn -0.1791 0.0947 0.9793
vn -0.1156 0.5483 0.8283
vn 0.0440 0.9850 0.1671
vn 0.1572 0.8452 -0.5108
vn 0.1871 0.6341 -0.7503
vn 0.1952 0.5000 -0.8437
vn 0.1978 0.3982 -0.8957
vn 0.1978 0.3027 -0.9323
vn 0.1952 0.1923 -0.9617
vn 0.1871 0.0301 -0.9819
vn 0.1572 -0.2870 -0.9449
vn 0.0440 -0.8442 -0.5343
vn -0.1156 -0.9615 0.2493
vn -0.1791 -0.7252 0.6649
vn -0.1937 -0.5600 0.8055
vn -0.1980 -0.4467 0.8725
vn -0.1179 -0.3555 0.9272
vn -0.1173 -0.2583 0.9589
vn -0.1149 -0.1323 0.9845
vn -0.1066 0.0809 0.9910
vn -0.0693 0.5383 0.8399
vn 0.0267 0.9867 0.1602
vn 0.0938 0.8430 -0.5296
vn 0.1111 0.6327 -0.7664
vn 0.1157 0.5011 -0.8576
vn 0.1172 0.4017 -0.9083
vn 0.1172 0.3086 -0.9440
vn 0.1157 0.2008 -0.9728
vn 0.1111 0.0419 -0.9929
vn 0.0938 -0.2728 -0.9575
vn 0.0267 -0.8409 -0.5406
vn -0.0693 -0.9618 0.2647
vn -0.1066 -0.7228 0.6828
vn -0.1149 -0.5599 0.8206
vn -0.1173 -0.4491 0.8858
vn -0.0391 -0.3578 0.9330
vn -0.0389 -0.2618 0.9644
vn -0.0381 -0.1373 0.9898
vn -0.0354 0.0741 0.9966
vn -0.0231 0.5332 0.8456
vn 0.0089 0.9876 0.1567
vn 0.0312 0.8418 -0.5388
vn 0.0368 0.6319 -0.7742
vn 0.0383 0.5016 -0.8643
vn 0.0388 0.4033 -0.9142
vn 0.0388 0.3114 -0.9495
vn 0.0383 0.2049 -0.9780
vn 0.0368 0.0477 -0.9982
vn 0.0312 -0.2657 -0.9635
vn 0.0089 -0.8392 -0.5438
vn -0.0231 -0.9619 0.2723
vn -0.0354 -0.7215 0.6915
vn -0.0381 -0.5597 0.8278
vn -0.0389 -0.4501 0.8921
vn 0.0391 -0.3578 0.9330
vn 0.0389 -0.2618 0.9644
vn 0.0381 -0.1373 0.9898
vn 0.0354 0.0741 0.9966
vn 0.0231 0.5332 0.8456
vn -0.0089 0.9876 0.1567
vn -0.0312 0.8418 -0.5388
vn -0.0368 0.6319 -0.7742
vn -0.0383 0.5016 -0.8643
vn -0.0388 0.4033 -0.9142
vn -0.0388 0.3114 -0.9495
vn -0.0383 0.2049 -0.9780
vn -0.0368 0.0477 -0.9982
vn -0.0312 -0.2657 -0.9635
vn -0.0089 -0.8392 -0.5438
vn 0.0231 -0.9619 0.2723
vn 0.0354 -0.7215 0.6915
vn 0.0381 -0.5597 0.8278
vn 0.0389 -0.4501 0.8921
vn 0.1179 -0.3555 0.9272
vn 0.1173 -0.2583 0.9589
vn 0.1149 -0.1323 0.9845
vn 0.1066 0.0809 0.9910
vn 0.0693 0.5383 0.8399
vn -0.0267 0.9867 0.1602
vn -0.0938 0.8430 -0.5296
vn -0.1111 0.6327 -0.7664
vn -0.1157 0.5011 -0.8576
vn -0.1172 0.4017 -0.9083
vn -0.1172 0.3086 -0.9440
vn -0.1157 0.2008 -0.9728
vn -0.1111 0.0419 -0.9929
vn -0.0938 -0.2728 -0.9575
vn -0.0267 -0.8409 -0.5406
vn 0.0693 -0.9618 0.2647
vn 0.1066 -0.7228 0.6828
vn 0.1149 -0.5599 0.8206
vn 0.1173 -0.4491 0.8858
vn 0.1991 -0.3509 0.9150
vn 0.1980 -0.2511 0.9475
vn 0.1937 -0.1221 0.9734
vn 0.1791 0.0947 0.9793
vn 0.1156 0.5483 0.8283
vn -0.0440 0.9850 0.1671
vn -0.1572 0.8452 -0.5108
vn -0.1871 0.6341 -0.7503
vn -0.1952 0.5000 -0.8437
vn -0.1978 0.3982 -0.8957
vn -0.1978 0.3027 -0.9323
vn -0.1952 0.1923 -0.9617
vn -0.1871 0.0301 -0.9819
vn -0.1572 -0.2870 -0.9449
vn -0.0440 -0.8442 -0.5343
vn 0.1156 -0.9615 0.2493
vn 0.1791 -0.7252 0.6649
vn 0.1937 -0.5600 0.8055
vn 0.1980 -0.4467 0.8725
vn 0.2840 -0.3433 0.8952
vn 0.2824 -0.2397 0.9289
vn 0.2757 -0.1061 0.9554
vn 0.2536 0.1160 0.9603
vn 0.1619 0.5634 0.8102
vn -0.0606 0.9823 0.1774
vn -0.2215 0.8481 -0.4813
vn -0.2659 0.6359 -0.7245
vn -0.2783 0.4980 -0.8213
vn -0.2822 0.3925 -0.8754
vn -0.2822 0.2934 -0.9134
vn -0.2783 0.1788 -0.9437
vn -0.2659 0.0116 -0.9639
vn -0.2216 -0.3088 -0.9249
vn -0.0606 -0.8491 -0.5248
vn 0.1619 -0.9606 0.2258
vn 0.2536 -0.7283 0.6366
vn 0.2757 -0.5599 0.7813
vn 0.2824 -0.4428 0.8510
vn 0.3744 -0.3320 0.8658
vn 0.3720 -0.2231 0.9010
vn 0.3623 -0.0832 0.9283
vn 0.3308 0.1454 0.9324
vn 0.2081 0.5835 0.7850
vn -0.0763 0.9786 0.1913
vn -0.2870 0.8510 -0.4399
vn -0.3486 0.6375 -0.6871
vn -0.3664 0.4944 -0.7883
vn -0.3720 0.3839 -0.8451
vn -0.3720 0.2796 -0.8851
vn -0.3664 0.1594 -0.9167
vn -0.3486 -0.0146 -0.9372
vn -0.2870 -0.3387 -0.8961
vn -0.0763 -0.8555 -0.5121
vn 0.2081 -0.9588 0.1936
vn 0.3308 -0.7316 0.5961
vn 0.3623 -0.5588 0.7460
vn 0.3720 -0.4365 0.8192
vn 0.4715 -0.3157 0.8234
vn 0.4680 -0.2000 0.8608
vn 0.4542 -0.0522 0.8894
vn 0.4107 0.1838 0.8931
vn 0.2540 0.6087 0.7517
vn -0.0905 0.9738 0.2085
vn -0.3531 0.8528 -0.3847
vn -0.4356 0.6379 -0.6351
vn -0.4605 0.4882 -0.7414
vn -0.4684 0.3710 -0.8018
vn -0.4684 0.2602 -0.8443
vn -0.4605 0.1326 -0.8777
vn -0.4356 -0.0497 -0.8987
vn -0.3531 -0.3770 -0.8563
vn -0.0906 -0.8635 -0.4961
vn 0.2539 -0.9552 0.1520
vn 0.4107 -0.7338 0.5412
vn 0.4542 -0.5558 0.6963
vn 0.4680 -0.4268 0.7738
vn 0.5758 -0.2927 0.7634
vn 0.5709 -0.1685 0.8035
vn 0.5516 -0.0115 0.8340
vn 0.4927 0.2319 0.8387
vn 0.2988 0.6389 0.7089
vn -0.1030 0.9680 0.2290
vn -0.4187 0.8522 -0.3138
vn -0.5269 0.6355 -0.5643
vn -0.5610 0.4778 -0.6760
vn -0.5721 0.3523 -0.7406
vn -0.5721 0.2332 -0.7863
vn -0.5610 0.0967 -0.8221
vn -0.5269 -0.0953 -0.8446
vn -0.4187 -0.4239 -0.8031
vn -0.1030 -0.8729 -0.4769
vn 0.2988 -0.9491 0.1000
vn 0.4927 -0.7332 0.4686
vn 0.5516 -0.5491 0.6279
vn 0.5709 -0.4119 0.7102
vn 0.6862 -0.2604 0.6792
vn 0.6794 -0.1264 0.7228
vn 0.6527 0.0406 0.7565
vn 0.5750 0.2900 0.7650
vn 0.3416 0.6738 0.6552
vn -0.1131 0.9610 0.2523
vn -0.4817 0.8469 -0.2254
vn -0.6205 0.6278 -0.4700
vn -0.6666 0.4605 -0.5861
vn -0.6820 0.3251 -0.6551
vn -0.6820 0.1962 -0.7045
vn -0.6666 0.0495 -0.7437
vn -0.6205 -0.1526 -0.7693
vn -0.4817 -0.4791 -0.7338
vn -0.1131 -0.8833 -0.4549
vn 0.3416 -0.9391 0.0368
vn 0.5750 -0.7272 0.3750
vn 0.6527 -0.5360 0.5354
vn 0.6794 -0.3892 0.6220
vn 0.7976 -0.2159 0.5632
vn 0.7884 -0.0716 0.6110
vn 0.7527 0.1052 0.6500
vn 0.6531 0.3576 0.6675
vn 0.3804 0.7127 0.5893
vn -0.1204 0.9531 0.2776
vn -0.5385 0.8342 -0.1188
vn -0.7114 0.6109 -0.3474
vn -0.7724 0.4327 -0.4649
vn -0.7932 0.2862 -0.5375
vn -0.7932 0.1465 -0.5911
vn -0.7724 -0.0110 -0.6350
vn -0.7114 -0.2220 -0.6668
vn -0.5385 -0.5409 -0.6461
vn -0.1204 -0.8944 -0.4308
vn 0.3804 -0.9240 -0.0383
vn 0.6531 -0.7122 0.2573
vn 0.7527 -0.5128 0.4130
vn 0.7884 -0.3553 0.5022
vn 0.8990 -0.1568 0.4089
vn 0.8871 -0.0029 0.4617
vn 0.8416 0.1813 0.5088
vn 0.7202 0.4320 0.5429
vn 0.4123 0.7545 0.5105
vn -0.1248 0.9445 0.3038
vn -0.5845 0.8114 0.0044
vn -0.7909 0.5803 -0.1943
vn -0.8679 0.3903 -0.3072
vn -0.8947 0.2324 -0.3814
vn -0.8947 0.0822 -0.4390
vn -0.8679 -0.0849 -0.4894
vn -0.7909 -0.3016 -0.5325
vn -0.5844 -0.6064 -0.5392
vn -0.1248 -0.9055 -0.4056
vn 0.4123 -0.9024 -0.1248
vn 0.7202 -0.6842 0.1148
vn 0.8416 -0.4750 0.2571
vn 0.8871 -0.3065 0.3452
vn 0.9727 -0.0831 0.2168
vn 0.9584 0.0773 0.2747
vn 0.9050 0.2648 0.3331
vn 0.7666 0.5086 0.3920
vn 0.4338 0.7972 0.4199
vn -0.1268 0.9355 0.3298
vn -0.6145 0.7764 0.1397
vn -0.8466 0.5320 -0.0147
vn -0.9368 0.3303 -0.1151
vn -0.9687 0.1626 -0.1874
vn -0.9687 0.0044 -0.2481
vn -0.9368 -0.1686 -0.3064
vn -0.8466 -0.3858 -0.3667
vn -0.6145 -0.6708 -0.4153
vn -0.1268 -0.9162 -0.3802
vn 0.4338 -0.8736 -0.2207
vn 0.7666 -0.6403 -0.0486
vn 0.9050 -0.4196 0.0706
vn 0.9584 -0.2411 0.1526
vt 0.365161 0.879345
vt 0.365162 0.879337
vt 0.365162 0.879336
vt 0.365161 0.879338
vt 0.365162 0.879334
vt 0.365161 0.879335
vt 0.365162 0.879333
vt 0.365162 0.879333
vt 0.365162 0.879332
vt 0.365162 0.879331
vt 0.365162 0.879331
vt 0.365162 0.879330
vt 0.365162 0.879330
vt 0.365162 0.879330
vt 0.365162 0.879329
vt 0.365163 0.879329
vt 0.365162 0.879329
vt 0.365163 0.879328
vt 0.365163 0.879328
vt 0.365163 0.879328
vt 0.365163 0.879328
vt 0.365163 0.879328
vt 0.365163 0.879329
vt 0.365163 0.879328
vt 0.365163 0.879330
vt 0.365163 0.879329
vt 0.365163 0.879330
vt 0.365163 0.879330
vt 0.365163 0.879331
vt 0.365163 0.879331
vt 0.365163 0.879332
vt 0.365163 0.879332
vt 0.365163 0.879333
vt 0.365163 0.879333
vt 0.365163 0.879334
vt 0.365163 0.879335
vt 0.365162 0.879336
vt 0.365163 0.879338
vt 0.365162 0.879335
vt 0.365162 0.879334
vt 0.365162 0.879334
vt 0.365161 0.879333
vt 0.365161 0.879332
vt 0.365161 0.879331
vt 0.365161 0.879331
vt 0.365161 0.879330
vt 0.365162 0.879329
vt 0.365162 0.879328
vt 0.365163 0.879328
vt 0.365164 0.879329
vt 0.365164 0.879330
vt 0.365164 0.879331
vt 0.365164 0.879331
vt 0.365164 0.879332
vt 0.365163 0.879333
vt 0.365163 0.879334
vt 0.365163 0.879334
vt 0.365162 0.879335
vt 0.365161 0.879334
vt 0.365161 0.879334
vt 0.365160 0.879333
vt 0.365160 0.879332
vt 0.365160 0.879331
vt 0.365160 0.879330
vt 0.365160 0.879329
vt 0.365161 0.879328
vt 0.365162 0.879327
vt 0.365164 0.879327
vt 0.365165 0.879328
vt 0.365166 0.879330
vt 0.365166 0.879331
vt 0.365165 0.879332
vt 0.365165 0.879332
vt 0.365164 0.879333
vt 0.365164 0.879334
vt 0.365163 0.879335
vt 0.365162 0.879336
vt 0.365160 0.879336
vt 0.365159 0.879335
vt 0.365158 0.879333
vt 0.365157 0.879332
vt 0.365157 0.879331
vt 0.365156 0.879330
vt 0.365157 0.879327
vt 0.365158 0.879325
vt 0.365161 0.879323
vt 0.365165 0.879323
vt 0.365168 0.879326
vt 0.365169 0.879328
vt 0.365169 0.879331
vt 0.365168 0.879332
vt 0.365167 0.879333
vt 0.365167 0.879334
vt 0.365165 0.879335
vt 0.365164 0.879336
vt 0.365162 0.879341
vt 0.365158 0.879340
vt 0.365155 0.879338
vt 0.365152 0.879335
vt 0.365151 0.879333
vt 0.365149 0.879331
vt 0.365148 0.879328
vt 0.365149 0.879323
vt 0.365153 0.879318
vt 0.365160 0.879314
vt 0.365168 0.879314
vt 0.365175 0.879319
vt 0.365177 0.879325
vt 0.365177 0.879330
vt 0.365176 0.879333
vt 0.365174 0.879335
vt 0.365172 0.879337
vt 0.365169 0.879339
vt 0.365166 0.879341
vt 0.365161 0.879356
vt 0.365151 0.879353
vt 0.365143 0.879347
vt 0.365137 0.879341
vt 0.365133 0.879335
vt 0.365130 0.879330
vt 0.365128 0.879323
vt 0.365129 0.879312
vt 0.365138 0.879298
vt 0.365156 0.879288
vt 0.365176 0.879291
vt 0.365192 0.879303
vt 0.365199 0.879318
vt 0.365198 0.879329
vt 0.365195 0.879335
vt 0.365191 0.879340
vt 0.365186 0.879345
vt 0.365180 0.879350
vt 0.365171 0.879355
vt 0.365157 0.879398
vt 0.365129 0.879390
vt 0.365107 0.879374
vt 0.365092 0.879356
vt 0.365083 0.879340
vt 0.365076 0.879328
vt 0.365070 0.879311
vt 0.365074 0.879281
vt 0.365097 0.879246
vt 0.365144 0.879222
vt 0.365199 0.879226
vt 0.365241 0.879257
vt 0.365258 0.879296
vt 0.365257 0.879326
vt 0.365249 0.879342
vt 0.365240 0.879353
vt 0.365228 0.879367
vt 0.365210 0.879383
vt 0.365186 0.879395
vt 0.365146 0.879533
vt 0.365060 0.879508
vt 0.364995 0.879457
vt 0.364954 0.879401
vt 0.364930 0.879356
vt 0.364913 0.879322
vt 0.364901 0.879276
vt 0.364913 0.879195
vt 0.364979 0.879098
vt 0.365107 0.879034
vt 0.365263 0.879035
vt 0.365384 0.879124
vt 0.365434 0.879235
vt 0.365432 0.879317
vt 0.365412 0.879363
vt 0.365390 0.879393
vt 0.365358 0.879434
vt 0.365308 0.879483
vt 0.365235 0.879522
vt 0.365108 0.879988
vt 0.364826 0.879903
vt 0.364616 0.879732
vt 0.364495 0.879547
vt 0.364432 0.879404
vt 0.364392 0.879305
vt 0.364368 0.879168
vt 0.364413 0.878931
vt 0.364614 0.878642
vt 0.365001 0.878448
vt 0.365462 0.878483
vt 0.365818 0.878736
vt 0.365972 0.879057
vt 0.365977 0.879299
vt 0.365931 0.879431
vt 0.365875 0.879523
vt 0.365789 0.879654
vt 0.365637 0.879817
vt 0.365401 0.879951
vt 0.364969 0.881608
vt 0.363985 0.881296
vt 0.363279 0.880683
vt 0.362902 0.880038
vt 0.362740 0.879558
vt 0.362659 0.879246
vt 0.362631 0.878822
vt 0.362811 0.878097
vt 0.363462 0.877218
vt 0.364673 0.876640
vt 0.366087 0.876765
vt 0.367189 0.877529
vt 0.367692 0.878503
vt 0.367751 0.879251
vt 0.367653 0.879665
vt 0.367521 0.879961
vt 0.367280 0.880409
vt 0.366799 0.880986
vt 0.365995 0.881472
vt 0.364397 0.887698
vt 0.360894 0.886251
vt 0.358436 0.884040
vt 0.357214 0.881730
vt 0.356791 0.880053
vt 0.356669 0.879007
vt 0.356772 0.877632
vt 0.357592 0.875353
vt 0.359732 0.872557
vt 0.363701 0.871090
vt 0.367991 0.871517
vt 0.371538 0.873664
vt 0.373340 0.876660
vt 0.373728 0.879064
vt 0.373579 0.880434
vt 0.373299 0.881443
vt 0.372650 0.883054
vt 0.371136 0.885268
vt 0.368222 0.887126
vt 0.362618 0.909074
vt 0.349419 0.904872
vt 0.341125 0.896080
vt 0.337520 0.887741
vt 0.336645 0.882008
vt 0.336734 0.878578
vt 0.337248 0.874097
vt 0.339624 0.866397
vt 0.347246 0.857531
vt 0.360221 0.850779
vt 0.375340 0.853313
vt 0.386830 0.861381
vt 0.392119 0.871569
vt 0.393175 0.879319
vt 0.392905 0.883728
vt 0.392297 0.887061
vt 0.390263 0.892344
vt 0.385038 0.899346
vt 0.375818 0.906199
vt 0.356747 0.972969
vt 0.315555 0.962228
vt 0.287808 0.935599
vt 0.276806 0.908796
vt 0.275242 0.891075
vt 0.276744 0.881023
vt 0.279039 0.868373
vt 0.284124 0.845306
vt 0.301369 0.811323
vt 0.343730 0.780937
vt 0.404373 0.780937
vt 0.441594 0.822897
vt 0.451300 0.860849
vt 0.451569 0.884588
vt 0.451328 0.897417
vt 0.450845 0.907516
vt 0.445847 0.924411
vt 0.430096 0.948149
vt 0.398659 0.969054
vt 0.365172 0.879217
vt 0.365172 0.879218
vt 0.365172 0.879217
vt 0.365172 0.879217
vt 0.365172 0.879217
vt 0.365172 0.879217
vt 0.365172 0.879217
vt 0.365172 0.879218
vt 0.365172 0.879217
vt 0.365172 0.879217
vt 0.365172 0.879217
vt 0.365172 0.879217
vt 0.365172 0.879217
vt 0.365172 0.879218
vt 0.365172 0.879218
vt 0.365172 0.879217
vt 0.365172 0.879217
vt 0.365172 0.879217
vt 0.365172 0.879217
vt 0.365172 0.879218
vt 0.365172 0.879218
vt 0.365172 0.879218
vt 0.365172 0.879218
vt 0.365172 0.879218
vt 0.365172 0.879218
vt 0.365172 0.879217
vt 0.365173 0.879216
vt 0.365172 0.879216
vt 0.365173 0.879216
vt 0.365172 0.879217
vt 0.365172 0.879217
vt 0.365172 0.879218
vt 0.365172 0.879218
vt 0.365172 0.879218
vt 0.365172 0.879218
vt 0.365172 0.879218
vt 0.365172 0.879218
vt 0.365172 0.879218
vt 0.365172 0.879217
vt 0.365172 0.879217
vt 0.365172 0.879217
vt 0.365172 0.879216
vt 0.365173 0.879214
vt 0.365173 0.879215
vt 0.365173 0.879216
vt 0.365173 0.879216
vt 0.365173 0.879217
vt 0.365173 0.879217
vt 0.365172 0.879218
vt 0.365172 0.879218
vt 0.365172 0.879219
vt 0.365172 0.879219
vt 0.365172 0.879219
vt 0.365172 0.879219
vt 0.365172 0.879218
vt 0.365172 0.879218
vt 0.365172 0.879217
vt 0.365172 0.879217
vt 0.365172 0.879216
vt 0.365172 0.879216
vt 0.365173 0.879215
vt 0.365173 0.879212
vt 0.365173 0.879213
vt 0.365173 0.879215
vt 0.365173 0.879216
vt 0.365173 0.879217
vt 0.365173 0.879218
vt 0.365173 0.879218
vt 0.365173 0.879219
vt 0.365172 0.879220
vt 0.365172 0.879220
vt 0.365172 0.879220
vt 0.365172 0.879220
vt 0.365172 0.879219
vt 0.365172 0.879218
vt 0.365172 0.879218
vt 0.365172 0.879217
vt 0.365172 0.879216
vt 0.365172 0.879215
vt 0.365173 0.879213
vt 0.365174 0.879204
vt 0.365173 0.879211
vt 0.365173 0.879214
vt 0.365173 0.879216
vt 0.365173 0.879218
vt 0.365173 0.879219
vt 0.365173 0.879220
vt 0.365173 0.879220
vt 0.365172 0.879221
vt 0.365172 0.879222
vt 0.365172 0.879221
vt 0.365172 0.879221
vt 0.365172 0.879220
vt 0.365172 0.879219
vt 0.365172 0.879219
vt 0.365172 0.879218
vt 0.365172 0.879216
vt 0.365172 0.879214
vt 0.365172 0.879211
vt 0.365173 0.879215
vt 0.365172 0.879216
vt 0.365172 0.879219
vt 0.365172 0.879220
vt 0.365172 0.879221
vt 0.365173 0.879221
vt 0.365172 0.879222
vt 0.365172 0.879223
vt 0.365172 0.879224
vt 0.365172 0.879223
vt 0.365172 0.879223
vt 0.365171 0.879222
vt 0.365171 0.879221
vt 0.365172 0.879221
vt 0.365172 0.879220
vt 0.365172 0.879218
vt 0.365172 0.879220
vt 0.365172 0.879220
vt 0.365172 0.879221
vt 0.365172 0.879222
vt 0.365172 0.879223
vt 0.365172 0.879223
vt 0.365172 0.879224
vt 0.365172 0.879225
vt 0.365172 0.879225
vt 0.365172 0.879226
vt 0.365172 0.879226
vt 0.365171 0.879225
vt 0.365171 0.879225
vt 0.365171 0.879224
vt 0.365171 0.879223
vt 0.365172 0.879222
vt 0.365172 0.879221
vt 0.365172 0.879220
vt 0.365172 0.879224
vt 0.365172 0.879224
vt 0.365171 0.879225
vt 0.365171 0.879225
vt 0.365172 0.879226
vt 0.365172 0.879227
vt 0.365172 0.879227
vt 0.365172 0.879228
vt 0.365172 0.879228
vt 0.365172 0.879229
vt 0.365171 0.879229
vt 0.365171 0.879229
vt 0.365171 0.879228
vt 0.365171 0.879227
vt 0.365171 0.879226
vt 0.365172 0.879226
vt 0.365172 0.879225
vt 0.365172 0.879225
vt 0.365172 0.879224
vt 0.365171 0.879228
vt 0.365171 0.879228
vt 0.365171 0.879229
vt 0.365171 0.879229
vt 0.365171 0.879230
vt 0.365172 0.879230
vt 0.365172 0.879231
vt 0.365172 0.879232
vt 0.365172 0.879232
vt 0.365171 0.879233
vt 0.365171 0.879233
vt 0.365170 0.879232
vt 0.365170 0.879231
vt 0.365170 0.879231
vt 0.365171 0.879230
vt 0.365171 0.879230
vt 0.365172 0.879229
vt 0.365172 0.879229
vt 0.365172 0.879228
vt 0.365171 0.879232
vt 0.365171 0.879233
vt 0.365171 0.879233
vt 0.365170 0.879233
vt 0.365171 0.879234
vt 0.365172 0.879235
vt 0.365172 0.879235
vt 0.365172 0.879236
vt 0.365172 0.879237
vt 0.365171 0.879237
vt 0.365170 0.879237
vt 0.365170 0.879236
vt 0.365170 0.879236
vt 0.365170 0.879235
vt 0.365170 0.879234
vt 0.365171 0.879234
vt 0.365171 0.879233
vt 0.365171 0.879233
vt 0.365171 0.879233
vt 0.365171 0.879237
vt 0.365170 0.879237
vt 0.365170 0.879238
vt 0.365170 0.879238
vt 0.365170 0.879239
vt 0.365171 0.879239
vt 0.365172 0.879240
vt 0.365172 0.879241
vt 0.365171 0.879241
vt 0.365171 0.879242
vt 0.365170 0.879242
vt 0.365169 0.879241
vt 0.365169 0.879240
vt 0.365169 0.879240
vt 0.365170 0.879239
vt 0.365171 0.879239
vt 0.365171 0.879238
vt 0.365171 0.879238
vt 0.365171 0.879238
vt 0.365170 0.879243
vt 0.365170 0.879243
vt 0.365169 0.879243
vt 0.365169 0.879244
vt 0.365170 0.879244
vt 0.365171 0.879245
vt 0.365171 0.879245
vt 0.365171 0.879246
vt 0.365171 0.879247
vt 0.365170 0.879247
vt 0.365170 0.879247
vt 0.365169 0.879247
vt 0.365168 0.879246
vt 0.365168 0.879245
vt 0.365169 0.879245
vt 0.365170 0.879244
vt 0.365171 0.879244
vt 0.365171 0.879243
vt 0.365170 0.879243
vt 0.365170 0.879249
vt 0.365169 0.879249
vt 0.365169 0.879250
vt 0.365169 0.879250
vt 0.365169 0.879250
vt 0.365170 0.879251
vt 0.365171 0.879251
vt 0.365171 0.879252
vt 0.365171 0.879252
vt 0.365170 0.879253
vt 0.365169 0.879253
vt 0.365168 0.879252
vt 0.365168 0.879252
vt 0.365168 0.879251
vt 0.365169 0.879251
vt 0.365170 0.879250
vt 0.365170 0.879250
vt 0.365170 0.879250
vt 0.365170 0.879249
vt 0.365169 0.879256
vt 0.365169 0.879256
vt 0.365168 0.879256
vt 0.365168 0.879257
vt 0.365169 0.879257
vt 0.365170 0.879257
vt 0.365171 0.879258
vt 0.365171 0.879258
vt 0.365170 0.879259
vt 0.365169 0.879259
vt 0.365168 0.879259
vt 0.365167 0.879258
vt 0.365167 0.879258
vt 0.365167 0.879257
vt 0.365168 0.879257
vt 0.365169 0.879257
vt 0.365170 0.879257
vt 0.365170 0.879256
vt 0.365170 0.879256
vt 0.365168 0.879263
vt 0.365168 0.879263
vt 0.365167 0.879263
vt 0.365167 0.879264
vt 0.365168 0.879264
vt 0.365169 0.879264
vt 0.365170 0.879264
vt 0.365170 0.879265
vt 0.365170 0.879265
vt 0.365169 0.879265
vt 0.365168 0.879265
vt 0.365167 0.879265
vt 0.365166 0.879264
vt 0.365167 0.879264
vt 0.365167 0.879264
vt 0.365169 0.879264
vt 0.365169 0.879264
vt 0.365169 0.879264
vt 0.365169 0.879263
vt 0.365168 0.879270
vt 0.365167 0.879271
vt 0.365167 0.879271
vt 0.365167 0.879271
vt 0.365167 0.879271
vt 0.365169 0.879271
vt 0.365169 0.879271
vt 0.365170 0.879271
vt 0.365169 0.879271
vt 0.365168 0.879271
vt 0.365167 0.879271
vt 0.365167 0.879272
vt 0.365166 0.879272
vt 0.365166 0.879271
vt 0.365167 0.879271
vt 0.365168 0.879272
vt 0.365169 0.879271
vt 0.365169 0.879271
vt 0.365168 0.879271
vt 0.365167 0.879280
vt 0.365166 0.879279
vt 0.365166 0.879279
vt 0.365166 0.879278
vt 0.365167 0.879278
vt 0.365168 0.879278
vt 0.365169 0.879278
vt 0.365169 0.879278
vt 0.365169 0.879278
vt 0.365168 0.879277
vt 0.365167 0.879278
vt 0.365166 0.879278
vt 0.365165 0.879278
vt 0.365165 0.879278
vt 0.365166 0.879278
vt 0.365167 0.879278
vt 0.365168 0.879279
vt 0.365168 0.879279
vt 0.365168 0.879279
vt 0.365166 0.879287
vt 0.365166 0.879286
vt 0.365165 0.879286
vt 0.365165 0.879286
vt 0.365166 0.879286
vt 0.365167 0.879285
vt 0.365168 0.879285
vt 0.365168 0.879285
vt 0.365168 0.879285
vt 0.365167 0.879284
vt 0.365166 0.879284
vt 0.365165 0.879284
vt 0.365165 0.879285
vt 0.365165 0.879285
vt 0.365166 0.879285
vt 0.365167 0.879286
vt 0.365168 0.879286
vt 0.365167 0.879286
vt 0.365167 0.879286
vt 0.365166 0.879294
vt 0.365165 0.879293
vt 0.365165 0.879293
vt 0.365165 0.879293
vt 0.365166 0.879292
vt 0.365167 0.879292
vt 0.365168 0.879292
vt 0.365168 0.879292
vt 0.365167 0.879291
vt 0.365166 0.879291
vt 0.365166 0.879290
vt 0.365165 0.879291
vt 0.365164 0.879291
vt 0.365164 0.879292
vt 0.365165 0.879292
vt 0.365166 0.879292
vt 0.365167 0.879293
vt 0.365167 0.879293
vt 0.365166 0.879294
vt 0.365165 0.879300
vt 0.365165 0.879300
vt 0.365164 0.879300
vt 0.365164 0.879299
vt 0.365165 0.879299
vt 0.365166 0.879299
vt 0.365167 0.879298
vt 0.365167 0.879298
vt 0.365167 0.879297
vt 0.365166 0.879297
vt 0.365165 0.879296
vt 0.365164 0.879297
vt 0.365164 0.879297
vt 0.365164 0.879298
vt 0.365165 0.879299
vt 0.365166 0.879299
vt 0.365166 0.879299
vt 0.365166 0.879300
vt 0.365166 0.879300
vt 0.365165 0.879307
vt 0.365164 0.879306
vt 0.365164 0.879306
vt 0.365164 0.879305
vt 0.365165 0.879305
vt 0.365166 0.879305
vt 0.365166 0.879304
vt 0.365167 0.879304
vt 0.365166 0.879303
vt 0.365166 0.879302
vt 0.365165 0.879303
vt 0.365164 0.879303
vt 0.365163 0.879303
vt 0.365163 0.879304
vt 0.365164 0.879305
vt 0.365165 0.879305
vt 0.365166 0.879306
vt 0.365166 0.879306
vt 0.365165 0.879306
vt 0.365164 0.879312
vt 0.365164 0.879312
vt 0.365164 0.879311
vt 0.365164 0.879311
vt 0.365164 0.879311
vt 0.365165 0.879310
vt 0.365166 0.879310
vt 0.365166 0.879309
vt 0.365166 0.879308
vt 0.365165 0.879308
vt 0.365164 0.879308
vt 0.365163 0.879308
vt 0.365163 0.879309
vt 0.365163 0.879309
vt 0.365164 0.879310
vt 0.365165 0.879311
vt 0.365165 0.879311
vt 0.365165 0.879312
vt 0.365165 0.879312
vt 0.365164 0.879317
vt 0.365164 0.879317
vt 0.365163 0.879316
vt 0.365163 0.879316
vt 0.365164 0.879316
vt 0.365165 0.879315
vt 0.365165 0.879315
vt 0.365165 0.879314
vt 0.365165 0.879313
vt 0.365164 0.879313
vt 0.365164 0.879312
vt 0.365163 0.879313
vt 0.365163 0.879314
vt 0.365163 0.879314
vt 0.365163 0.879315
vt 0.365164 0.879316
vt 0.365164 0.879316
vt 0.365164 0.879317
vt 0.365164 0.879317
vt 0.365163 0.879321
vt 0.365163 0.879321
vt 0.365163 0.879321
vt 0.365163 0.879320
vt 0.365163 0.879320
vt 0.365164 0.879319
vt 0.365165 0.879319
vt 0.365165 0.879318
vt 0.365164 0.879317
vt 0.365164 0.879317
vt 0.365164 0.879317
vt 0.365163 0.879317
vt 0.365163 0.879318
vt 0.365163 0.879319
vt 0.365163 0.879319
vt 0.365164 0.879320
vt 0.365164 0.879320
vt 0.365164 0.879321
vt 0.365164 0.879321
vt 0.365163 0.879325
vt 0.365163 0.879325
vt 0.365163 0.879325
vt 0.365163 0.879324
vt 0.365163 0.879324
vt 0.365164 0.879323
vt 0.365164 0.879322
vt 0.365164 0.879322
vt 0.365164 0.879321
vt 0.365164 0.879320
vt 0.365163 0.879321
vt 0.365163 0.879321
vt 0.365163 0.879321
vt 0.365163 0.879322
vt 0.365163 0.879323
vt 0.365163 0.879324
vt 0.365164 0.879324
vt 0.365164 0.879325
vt 0.365163 0.879325
vt 0.365163 0.879330
vt 0.365163 0.879329
vt 0.365162 0.879328
vt 0.365162 0.879328
vt 0.365163 0.879327
vt 0.365163 0.879326
vt 0.365163 0.879325
vt 0.365164 0.879324
vt 0.365163 0.879324
vt 0.365163 0.879323
vt 0.365163 0.879323
vt 0.365163 0.879324
vt 0.365163 0.879324
vt 0.365163 0.879325
vt 0.365163 0.879326
vt 0.365163 0.879327
vt 0.365163 0.879328
vt 0.365163 0.879328
vt 0.365163 0.879329
vt 0.365162 0.879335
vt 0.365162 0.879333
vt 0.365162 0.879332
vt 0.365162 0.879331
vt 0.365162 0.879329
vt 0.365162 0.879329
vt 0.365163 0.879328
vt 0.365163 0.879327
vt 0.365163 0.879326
vt 0.365163 0.879326
vt 0.365163 0.879326
vt 0.365163 0.879326
vt 0.365163 0.879327
vt 0.365163 0.879328
vt 0.365163 0.879329
vt 0.365163 0.879330
vt 0.365163 0.879331
vt 0.365163 0.879332
vt 0.365163 0.879334
s 1
usemtl Material
f 515/278/515 534/279/534 535/280/535 516/281/516
f 516/281/516 535/280/535 536/282/536 517/283/517
f 517/283/517 536/282/536 537/284/537 518/285/518
f 518/285/518 537/284/537 538/286/538 519/287/519
f 519/287/519 538/286/538 539/288/539 520/289/520
f 520/289/520 539/288/539 540/290/540 521/291/521
f 521/291/521 540/290/540 541/292/541 522/293/522
f 522/293/522 541/292/541 542/294/542 523/295/523
f 523/295/523 542/294/542 543/296/543 524/297/524
f 524/297/524 543/296/543 544/298/544 525/299/525
f 525/299/525 544/298/544 545/300/545 526/301/526
f 526/301/526 545/300/545 546/302/546 527/303/527
f 527/303/527 546/302/546 547/304/547 528/305/528
f 528/305/528 547/304/547 548/306/548 529/307/529
f 529/307/529 548/306/548 549/308/549 530/309/530
f 530/309/530 549/308/549 550/310/550 531/311/531
f 531/311/531 550/310/550 551/312/551 532/313/532
f 532/313/532 551/312/551 552/314/552 533/315/533
f 533/315/533 552/314/552 534/279/534 515/278/515
f 534/279/534 553/316/553 554/317/554 535/280/535
f 535/280/535 554/317/554 555/318/555 536/282/536
f 536/282/536 555/318/555 556/319/556 537/284/537
f 537/284/537 556/319/556 557/320/557 538/286/538
f 538/286/538 557/320/557 558/321/558 539/288/539
f 539/288/539 558/321/558 559/322/559 540/290/540
f 540/290/540 559/322/559 560/323/560 541/292/541
f 541/292/541 560/323/560 561/324/561 542/294/542
f 542/294/542 561/324/561 562/325/562 543/296/543
f 543/296/543 562/325/562 563/326/563 544/298/544
f 544/298/544 563/326/563 564/327/564 545/300/545
f 545/300/545 564/327/564 565/328/565 546/302/546
f 546/302/546 565/328/565 566/329/566 547/304/547
f 547/304/547 566/329/566 567/330/567 548/306/548
f 548/306/548 567/330/567 568/331/568 549/308/549
f 549/308/549 568/331/568 569/332/569 550/310/550
f 550/310/550 569/332/569 570/333/570 551/312/551
f 551/312/551 570/333/570 571/334/571 552/314/552
f 552/314/552 571/334/571 553/316/553 534/279/534
f 553/316/553 572/335/572 573/336/573 554/317/554
f 554/317/554 573/336/573 574/337/574 555/318/555
f 555/318/555 574/337/574 575/338/575 556/319/556
f 556/319/556 575/338/575 576/339/576 557/320/557
f 557/320/557 576/339/576 577/340/577 558/321/558
f 558/321/558 577/340/577 578/341/578 559/322/559
f 559/322/559 578/341/578 579/342/579 560/323/560
f 560/323/560 579/342/579 580/343/580 561/324/561
f 561/324/561 580/343/580 581/344/581 562/325/562
f 562/325/562 581/344/581 582/345/582 563/326/563
f 563/326/563 582/345/582 583/346/583 564/327/564
f 564/327/564 583/346/583 584/347/584 565/328/565
f 565/328/565 584/347/584 585/348/585 566/329/566
f 566/329/566 585/348/585 586/349/586 567/330/567
f 567/330/567 586/349/586 587/350/587 568/331/568
f 568/331/568 587/350/587 588/351/588 569/332/569
f 569/332/569 588/351/588 589/352/589 570/333/570
f 570/333/570 589/352/589 590/353/590 571/334/571
f 571/334/571 590/353/590 572/335/572 553/316/553
f 572/335/572 591/354/591 592/355/592 573/336/573
f 573/336/573 592/355/592 593/356/593 574/337/574
f 574/337/574 593/356/593 594/357/594 575/338/575
f 575/338/575 594/357/594 595/358/595 576/339/576
f 576/339/576 595/358/595 596/359/596 577/340/577
f 577/340/577 596/359/596 597/360/597 578/341/578
f 578/341/578 597/360/597 598/361/598 579/342/579
f 579/342/579 598/361/598 599/362/599 580/343/580
f 580/343/580 599/362/599 600/363/600 581/344/581
f 581/344/581 600/363/600 601/364/601 582/345/582
f 582/345/582 601/364/601 602/365/602 583/346/583
f 583/346/583 602/365/602 603/366/603 584/347/584
f 584/347/584 603/366/603 604/367/604 585/348/585
f 585/348/585 604/367/604 605/368/605 586/349/586
f 586/349/586 605/368/605 606/369/606 587/350/587
f 587/350/587 606/369/606 607/370/607 588/351/588
f 588/351/588 607/370/607 608/371/608 589/352/589
f 589/352/589 608/371/608 609/372/609 590/353/590
f 590/353/590 609/372/609 591/354/591 572/335/572
f 591/354/591 610/373/610 611/374/611 592/355/592
f 592/355/592 611/374/611 612/375/612 593/356/593
f 593/356/593 612/375/612 613/376/613 594/357/594
f 594/357/594 613/376/613 614/377/614 595/358/595
f 595/358/595 614/377/614 615/378/615 596/359/596
f 596/359/596 615/378/615 616/379/616 597/360/597
f 597/360/597 616/379/616 617/380/617 598/361/598
f 598/361/598 617/380/617 618/381/618 599/362/599
f 599/362/599 618/381/618 619/382/619 600/363/600
f 600/363/600 619/382/619 620/383/620 601/364/601
f 601/364/601 620/383/620 621/384/621 602/365/602
f 602/365/602 621/384/621 622/385/622 603/366/603
f 603/366/603 622/385/622 623/386/623 604/367/604
f 604/367/604 623/386/623 624/387/624 605/368/605
f 605/368/605 624/387/624 625/388/625 606/369/606
f 606/369/606 625/388/625 626/389/626 607/370/607
f 607/370/607 626/389/626 627/390/627 608/371/608
f 608/371/608 627/390/627 628/391/628 609/372/609
f 609/372/609 628/391/628 610/373/610 591/354/591
f 610/373/610 629/392/629 630/393/630 611/374/611
f 611/374/611 630/393/630 631/394/631 612/375/612
f 612/375/612 631/394/631 632/395/632 613/376/613
f 613/376/613 632/395/632 633/396/633 614/377/614
f 614/377/614 633/396/633 634/397/634 615/378/615
f 615/378/615 634/397/634 635/398/635 616/379/616
f 616/379/616 635/398/635 636/399/636 617/380/617
f 617/380/617 636/399/636 637/400/637 618/381/618
f 618/381/618 637/400/637 638/401/638 619/382/619
f 619/382/619 638/401/638 639/402/639 620/383/620
f 620/383/620 639/402/639 640/403/640 621/384/621
f 621/384/621 640/403/640 641/404/641 622/385/622
f 622/385/622 641/404/641 642/405/642 623/386/623
f 623/386/623 642/405/642 643/406/643 624/387/624
f 624/387/624 643/406/643 644/407/644 625/388/625
f 625/388/625 644/407/644 645/408/645 626/389/626
f 626/389/626 645/408/645 646/409/646 627/390/627
f 627/390/627 646/409/646 647/410/647 628/391/628
f 628/391/628 647/410/647 629/392/629 610/373/610
f 629/392/629 648/411/648 649/412/649 630/393/630
f 630/393/630 649/412/649 650/413/650 631/394/631
f 631/394/631 650/413/650 651/414/651 632/395/632
f 632/395/632 651/414/651 652/415/652 633/396/633
f 633/396/633 652/415/652 653/416/653 634/397/634
f 634/397/634 653/416/653 654/417/654 635/398/635
f 635/398/635 654/417/654 655/418/655 636/399/636
f 636/399/636 655/418/655 656/419/656 637/400/637
f 637/400/637 656/419/656 657/420/657 638/401/638
f 638/401/638 657/420/657 658/421/658 639/402/639
f 639/402/639 658/421/658 659/422/659 640/403/640
f 640/403/640 659/422/659 660/423/660 641/404/641
f 641/404/641 660/423/660 661/424/661 642/405/642
f 642/405/642 661/424/661 662/425/662 643/406/643
f 643/406/643 662/425/662 663/426/663 644/407/644
f 644/407/644 663/426/663 664/427/664 645/408/645
f 645/408/645 664/427/664 665/428/665 646/409/646
f 646/409/646 665/428/665 666/429/666 647/410/647
f 647/410/647 666/429/666 648/411/648 629/392/629
f 648/411/648 667/430/667 668/431/668 649/412/649
f 649/412/649 668/431/668 669/432/669 650/413/650
f 650/413/650 669/432/669 670/433/670 651/414/651
f 651/414/651 670/433/670 671/434/671 652/415/652
f 652/415/652 671/434/671 672/435/672 653/416/653
f 653/416/653 672/435/672 673/436/673 654/417/654
f 654/417/654 673/436/673 674/437/674 655/418/655
f 655/418/655 674/437/674 675/438/675 656/419/656
f 656/419/656 675/438/675 676/439/676 657/420/657
f 657/420/657 676/439/676 677/440/677 658/421/658
f 658/421/658 677/440/677 678/441/678 659/422/659
f 659/422/659 678/441/678 679/442/679 660/423/660
f 660/423/660 679/442/679 680/443/680 661/424/661
f 661/424/661 680/443/680 681/444/681 662/425/662
f 662/425/662 681/444/681 682/445/682 663/426/663
f 663/426/663 682/445/682 683/446/683 664/427/664
f 664/427/664 683/446/683 684/447/684 665/428/665
f 665/428/665 684/447/684 685/448/685 666/429/666
f 666/429/666 685/448/685 667/430/667 648/411/648
f 667/430/667 686/449/686 687/450/687 668/431/668
f 668/431/668 687/450/687 688/451/688 669/432/669
f 669/432/669 688/451/688 689/452/689 670/433/670
f 670/433/670 689/452/689 690/453/690 671/434/671
f 671/434/671 690/453/690 691/454/691 672/435/672
f 672/435/672 691/454/691 692/455/692 673/436/673
f 673/436/673 692/455/692 693/456/693 674/437/674
f 674/437/674 693/456/693 694/457/694 675/438/675
f 675/438/675 694/457/694 695/458/695 676/439/676
f 676/439/676 695/458/695 696/459/696 677/440/677
f 677/440/677 696/459/696 697/460/697 678/441/678
f 678/441/678 697/460/697 698/461/698 679/442/679
f 679/442/679 698/461/698 699/462/699 680/443/680
f 680/443/680 699/462/699 700/463/700 681/444/681
f 681/444/681 700/463/700 701/464/701 682/445/682
f 682/445/682 701/464/701 702/465/702 683/446/683
f 683/446/683 702/465/702 703/466/703 684/447/684
f 684/447/684 703/466/703 704/467/704 685/448/685
f 685/448/685 704/467/704 686/449/686 667/430/667
f 686/449/686 705/468/705 706/469/706 687/450/687
f 687/450/687 706/469/706 707/470/707 688/451/688
f 688/451/688 707/470/707 708/471/708 689/452/689
f 689/452/689 708/471/708 709/472/709 690/453/690
f 690/453/690 709/472/709 710/473/710 691/454/691
f 691/454/691 710/473/710 711/474/711 692/455/692
f 692/455/692 711/474/711 712/475/712 693/456/693
f 693/456/693 712/475/712 713/476/713 694/457/694
f 694/457/694 713/476/713 714/477/714 695/458/695
f 695/458/695 714/477/714 715/478/715 696/459/696
f 696/459/696 715/478/715 716/479/716 697/460/697
f 697/460/697 716/479/716 717/480/717 698/461/698
f 698/461/698 717/480/717 718/481/718 699/462/699
f 699/462/699 718/481/718 719/482/719 700/463/700
f 700/463/700 719/482/719 720/483/720 701/464/701
f 701/464/701 720/483/720 721/484/721 702/465/702
f 702/465/702 721/484/721 722/485/722 703/466/703
f 703/466/703 722/485/722 723/486/723 704/467/704
f 704/467/704 723/486/723 705/468/705 686/449/686
f 705/468/705 724/487/724 725/488/725 706/469/706
f 706/469/706 725/488/725 726/489/726 707/470/707
f 707/470/707 726/489/726 727/490/727 708/471/708
f 708/471/708 727/490/727 728/491/728 709/472/709
f 709/472/709 728/491/728 729/492/729 710/473/710
f 710/473/710 729/492/729 730/493/730 711/474/711
f 711/474/711 730/493/730 731/494/731 712/475/712
f 712/475/712 731/494/731 732/495/732 713/476/713
f 713/476/713 732/495/732 733/496/733 714/477/714
f 714/477/714 733/496/733 734/497/734 715/478/715
f 715/478/715 734/497/734 735/498/735 716/479/716
f 716/479/716 735/498/735 736/499/736 717/480/717
f 717/480/717 736/499/736 737/500/737 718/481/718
f 718/481/718 737/500/737 738/501/738 719/482/719
f 719/482/719 738/501/738 739/502/739 720/483/720
f 720/483/720 739/502/739 740/503/740 721/484/721
f 721/484/721 740/503/740 741/504/741 722/485/722
f 722/485/722 741/504/741 742/505/742 723/486/723
f 723/486/723 742/505/742 724/487/724 705/468/705
f 724/487/724 743/506/743 744/507/744 725/488/725
f 725/488/725 744/507/744 745/508/745 726/489/726
f 726/489/726 745/508/745 746/509/746 727/490/727
f 727/490/727 746/509/746 747/510/747 728/491/728
f 728/491/728 747/510/747 748/511/748 729/492/729
f 729/492/729 748/511/748 749/512/749 730/493/730
f 730/493/730 749/512/749 750/513/750 731/494/731
f 731/494/731 750/513/750 751/514/751 732/495/732
f 732/495/732 751/514/751 752/515/752 733/496/733
f 733/496/733 752/515/752 753/516/753 734/497/734
f 734/497/734 753/516/753 754/517/754 735/498/735
f 735/498/735 754/517/754 755/518/755 736/499/736
f 736/499/736 755/518/755 756/519/756 737/500/737
f 737/500/737 756/519/756 757/520/757 738/501/738
f 738/501/738 757/520/757 758/521/758 739/502/739
f 739/502/739 758/521/758 759/522/759 740/503/740
f 740/503/740 759/522/759 760/523/760 741/504/741
f 741/504/741 760/523/760 761/524/761 742/505/742
f 742/505/742 761/524/761 743/506/743 724/487/724
f 743/506/743 762/525/762 763/526/763 744/507/744
f 744/507/744 763/526/763 764/527/764 745/508/745
f 745/508/745 764/527/764 765/528/765 746/509/746
f 746/509/746 765/528/765 766/529/766 747/510/747
f 747/510/747 766/529/766 767/530/767 748/511/748
f 748/511/748 767/530/767 768/531/768 749/512/749
f 749/512/749 768/531/768 769/532/769 750/513/750
f 750/513/750 769/532/769 770/533/770 751/514/751
f 751/514/751 770/533/770 771/534/771 752/515/752
f 752/515/752 771/534/771 772/535/772 753/516/753
f 753/516/753 772/535/772 773/536/773 754/517/754
f 754/517/754 773/536/773 774/537/774 755/518/755
f 755/518/755 774/537/774 775/538/775 756/519/756
f 756/519/756 775/538/775 776/539/776 757/520/757
f 757/520/757 776/539/776 777/540/777 758/521/758
f 758/521/758 777/540/777 778/541/778 759/522/759
f 759/522/759 778/541/778 779/542/779 760/523/760
f 760/523/760 779/542/779 780/543/780 761/524/761
f 761/524/761 780/543/780 762/525/762 743/506/743
f 762/544/762 781/544/781 782/544/782 763/544/763
f 763/544/763 782/544/782 783/544/783 764/544/764
f 764/544/764 783/544/783 784/544/784 765/544/765
f 765/544/765 784/544/784 785/544/785 766/544/766
f 766/544/766 785/544/785 786/544/786 767/544/767
f 767/544/767 786/544/786 787/544/787 768/544/768
f 768/544/768 787/544/787 788/544/788 769/544/769
f 769/544/769 788/544/788 789/544/789 770/544/770
f 770/544/770 789/544/789 790/545/790 771/544/771
f 771/544/771 790/545/790 791/545/791 772/544/772
f 772/544/772 791/545/791 792/544/792 773/544/773
f 773/544/773 792/544/792 793/544/793 774/544/774
f 774/544/774 793/544/793 794/544/794 775/544/775
f 775/544/775 794/544/794 795/544/795 776/544/776
f 776/544/776 795/544/795 796/544/796 777/544/777
f 777/544/777 796/544/796 797/544/797 778/544/778
f 778/544/778 797/544/797 798/544/798 779/544/779
f 779/544/779 798/544/798 799/544/799 780/544/780
f 780/544/780 799/544/799 781/544/781 762/544/762
f 781/544/781 800/546/800 801/544/801 782/544/782
f 782/544/782 801/544/801 802/544/802 783/544/783
f 783/544/783 802/544/802 803/544/803 784/544/784
f 784/544/784 803/544/803 804/544/804 785/544/785
f 785/544/785 804/544/804 805/544/805 786/544/786
f 786/544/786 805/544/805 806/545/806 787/544/787
f 787/544/787 806/545/806 807/545/807 788/544/788
f 788/544/788 807/545/807 808/545/808 789/544/789
f 789/544/789 808/545/808 809/545/809 790/545/790
f 790/545/790 809/545/809 810/545/810 791/545/791
f 791/545/791 810/545/810 811/545/811 792/544/792
f 792/544/792 811/545/811 812/545/812 793/544/793
f 793/544/793 812/545/812 813/544/813 794/544/794
f 794/544/794 813/544/813 814/544/814 795/544/795
f 795/544/795 814/544/814 815/544/815 796/544/796
f 796/544/796 815/544/815 816/544/816 797/544/797
f 797/544/797 816/544/816 817/544/817 798/544/798
f 798/544/798 817/544/817 818/544/818 799/544/799
f 799/544/799 818/544/818 800/546/800 781/544/781
f 800/546/800 819/547/819 820/547/820 801/544/801
f 801/544/801 820/547/820 821/546/821 802/544/802
f 802/544/802 821/546/821 822/546/822 803/544/803
f 803/544/803 822/546/822 823/544/823 804/544/804
f 804/544/804 823/544/823 824/544/824 805/544/805
f 805/544/805 824/544/824 825/545/825 806/545/806
f 806/545/806 825/545/825 826/545/826 807/545/807
f 807/545/807 826/545/826 827/545/827 808/545/808
f 808/545/808 827/545/827 828/545/828 809/545/809
f 809/545/809 828/545/828 829/545/829 810/545/810
f 810/545/810 829/545/829 830/545/830 811/545/811
f 811/545/811 830/545/830 831/545/831 812/545/812
f 812/545/812 831/545/831 832/545/832 813/544/813
f 813/544/813 832/545/832 833/544/833 814/544/814
f 814/544/814 833/544/833 834/544/834 815/544/815
f 815/544/815 834/544/834 835/546/835 816/544/816
f 816/544/816 835/546/835 836/546/836 817/544/817
f 817/544/817 836/546/836 837/547/837 818/544/818
f 818/544/818 837/547/837 819/547/819 800/546/800
f 819/547/819 838/548/838 839/549/839 820/547/820
f 820/547/820 839/549/839 840/549/840 821/546/821
f 821/546/821 840/549/840 841/550/841 822/546/822
f 822/546/822 841/550/841 842/544/842 823/544/823
f 823/544/823 842/544/842 843/544/843 824/544/824
f 824/544/824 843/544/843 844/545/844 825/545/825
f 825/545/825 844/545/844 845/551/845 826/545/826
f 826/545/826 845/551/845 846/551/846 827/545/827
f 827/545/827 846/551/846 847/551/847 828/545/828
f 828/545/828 847/551/847 848/551/848 829/545/829
f 829/545/829 848/551/848 849/551/849 830/545/830
f 830/545/830 849/551/849 850/551/850 831/545/831
f 831/545/831 850/551/850 851/545/851 832/545/832
f 832/545/832 851/545/851 852/544/852 833/544/833
f 833/544/833 852/544/852 853/546/853 834/544/834
f 834/544/834 853/546/853 854/547/854 835/546/835
f 835/546/835 854/547/854 855/552/855 836/546/836
f 836/546/836 855/552/855 856/549/856 837/547/837
f 837/547/837 856/549/856 838/548/838 819/547/819
f 838/548/838 857/553/857 858/554/858 839/549/839
f 839/549/839 858/554/858 859/555/859 840/549/840
f 840/549/840 859/555/859 860/549/860 841/550/841
f 841/550/841 860/549/860 861/556/861 842/544/842
f 842/544/842 861/556/861 862/544/862 843/544/843
f 843/544/843 862/544/862 863/551/863 844/545/844
f 844/545/844 863/551/863 864/557/864 845/551/845
f 845/551/845 864/557/864 865/558/865 846/551/846
f 846/551/846 865/558/865 866/558/866 847/551/847
f 847/551/847 866/558/866 867/558/867 848/551/848
f 848/551/848 867/558/867 868/558/868 849/551/849
f 849/551/849 868/558/868 869/557/869 850/551/850
f 850/551/850 869/557/869 870/551/870 851/545/851
f 851/545/851 870/551/870 871/544/871 852/544/852
f 852/544/852 871/544/871 872/547/872 853/546/853
f 853/546/853 872/547/872 873/552/873 854/547/854
f 854/547/854 873/552/873 874/555/874 855/552/855
f 855/552/855 874/555/874 875/554/875 856/549/856
f 856/549/856 875/554/875 857/553/857 838/548/838
f 857/553/857 876/559/876 877/560/877 858/554/858
f 858/554/858 877/560/877 878/561/878 859/555/859
f 859/555/859 878/561/878 879/554/879 860/549/860
f 860/549/860 879/554/879 880/549/880 861/556/861
f 861/556/861 880/549/880 881/562/881 862/544/862
f 862/544/862 881/562/881 882/557/882 863/551/863
f 863/551/863 882/557/882 883/563/883 864/557/864
f 864/557/864 883/563/883 884/564/884 865/558/865
f 865/558/865 884/564/884 885/565/885 866/558/866
f 866/558/866 885/565/885 886/566/886 867/558/867
f 867/558/867 886/566/886 887/567/887 868/558/868
f 868/558/868 887/567/887 888/568/888 869/557/869
f 869/557/869 888/568/888 889/557/889 870/551/870
f 870/551/870 889/557/889 890/544/890 871/544/871
f 871/544/871 890/544/890 891/552/891 872/547/872
f 872/547/872 891/552/891 892/569/892 873/552/873
f 873/552/873 892/569/892 893/561/893 874/555/874
f 874/555/874 893/561/893 894/560/894 875/554/875
f 875/554/875 894/560/894 876/559/876 857/553/857
f 876/559/876 895/570/895 896/571/896 877/560/877
f 877/560/877 896/571/896 897/572/897 878/561/878
f 878/561/878 897/572/897 898/573/898 879/554/879
f 879/554/879 898/573/898 899/574/899 880/549/880
f 880/549/880 899/574/899 900/562/900 881/562/881
f 881/562/881 900/562/900 901/575/901 882/557/882
f 882/557/882 901/575/901 902/576/902 883/563/883
f 883/563/883 902/576/902 903/577/903 884/564/884
f 884/564/884 903/577/903 904/578/904 885/565/885
f 885/565/885 904/578/904 905/578/905 886/566/886
f 886/566/886 905/578/905 906/579/906 887/567/887
f 887/567/887 906/579/906 907/580/907 888/568/888
f 888/568/888 907/580/907 908/581/908 889/557/889
f 889/557/889 908/581/908 909/582/909 890/544/890
f 890/544/890 909/582/909 910/583/910 891/552/891
f 891/552/891 910/583/910 911/584/911 892/569/892
f 892/569/892 911/584/911 912/585/912 893/561/893
f 893/561/893 912/585/912 913/571/913 894/560/894
f 894/560/894 913/571/913 895/570/895 876/559/876
f 895/570/895 914/586/914 915/587/915 896/571/896
f 896/571/896 915/587/915 916/588/916 897/572/897
f 897/572/897 916/588/916 917/589/917 898/573/898
f 898/573/898 917/589/917 918/590/918 899/574/899
f 899/574/899 918/590/918 919/591/919 900/562/900
f 900/562/900 919/591/919 920/592/920 901/575/901
f 901/575/901 920/592/920 921/593/921 902/576/902
f 902/576/902 921/593/921 922/594/922 903/577/903
f 903/577/903 922/594/922 923/595/923 904/578/904
f 904/578/904 923/595/923 924/596/924 905/578/905
f 905/578/905 924/596/924 925/597/925 906/579/906
f 906/579/906 925/597/925 926/598/926 907/580/907
f 907/580/907 926/598/926 927/599/927 908/581/908
f 908/581/908 927/599/927 928/600/928 909/582/909
f 909/582/909 928/600/928 929/601/929 910/583/910
f 910/583/910 929/601/929 930/602/930 911/584/911
f 911/584/911 930/602/930 931/603/931 912/585/912
f 912/585/912 931/603/931 932/604/932 913/571/913
f 913/571/913 932/604/932 914/586/914 895/570/895
f 914/586/914 933/605/933 934/606/934 915/587/915
f 915/587/915 934/606/934 935/607/935 916/588/916
f 916/588/916 935/607/935 936/608/936 917/589/917
f 917/589/917 936/608/936 937/609/937 918/590/918
f 918/590/918 937/609/937 938/610/938 919/591/919
f 919/591/919 938/610/938 939/611/939 920/592/920
f 920/592/920 939/611/939 940/612/940 921/593/921
f 921/593/921 940/612/940 941/613/941 922/594/922
f 922/594/922 941/613/941 942/614/942 923/595/923
f 923/595/923 942/614/942 943/615/943 924/596/924
f 924/596/924 943/615/943 944/616/944 925/597/925
f 925/597/925 944/616/944 945/617/945 926/598/926
f 926/598/926 945/617/945 946/618/946 927/599/927
f 927/599/927 946/618/946 947/619/947 928/600/928
f 928/600/928 947/619/947 948/620/948 929/601/929
f 929/601/929 948/620/948 949/621/949 930/602/930
f 930/602/930 949/621/949 950/622/950 931/603/931
f 931/603/931 950/622/950 951/623/951 932/604/932
f 932/604/932 951/623/951 933/605/933 914/586/914
f 933/605/933 952/624/952 953/625/953 934/606/934
f 934/606/934 953/625/953 954/626/954 935/607/935
f 935/607/935 954/626/954 955/627/955 936/608/936
f 936/608/936 955/627/955 956/628/956 937/609/937
f 937/609/937 956/628/956 957/629/957 938/610/938
f 938/610/938 957/629/957 958/630/958 939/611/939
f 939/611/939 958/630/958 959/631/959 940/612/940
f 940/612/940 959/631/959 960/632/960 941/613/941
f 941/613/941 960/632/960 961/633/961 942/614/942
f 942/614/942 961/633/961 962/634/962 943/615/943
f 943/615/943 962/634/962 963/635/963 944/616/944
f 944/616/944 963/635/963 964/636/964 945/617/945
f 945/617/945 964/636/964 965/637/965 946/618/946
f 946/618/946 965/637/965 966/638/966 947/619/947
f 947/619/947 966/638/966 967/639/967 948/620/948
f 948/620/948 967/639/967 968/640/968 949/621/949
f 949/621/949 968/640/968 969/641/969 950/622/950
f 950/622/950 969/641/969 970/642/970 951/623/951
f 951/623/951 970/642/970 952/624/952 933/605/933
f 952/624/952 971/643/971 972/644/972 953/625/953
f 953/625/953 972/644/972 973/557/973 954/626/954
f 954/626/954 973/557/973 974/645/974 955/627/955
f 955/627/955 974/645/974 975/646/975 956/628/956
f 956/628/956 975/646/975 976/647/976 957/629/957
f 957/629/957 976/647/976 977/648/977 958/630/958
f 958/630/958 977/648/977 978/649/978 959/631/959
f 959/631/959 978/649/978 979/650/979 960/632/960
f 960/632/960 979/650/979 980/651/980 961/633/961
f 961/633/961 980/651/980 981/652/981 962/634/962
f 962/634/962 981/652/981 982/653/982 963/635/963
f 963/635/963 982/653/982 983/654/983 964/636/964
f 964/636/964 983/654/983 984/655/984 965/637/965
f 965/637/965 984/655/984 985/656/985 966/638/966
f 966/638/966 985/656/985 986/657/986 967/639/967
f 967/639/967 986/657/986 987/596/987 968/640/968
f 968/640/968 987/596/987 988/658/988 969/641/969
f 969/641/969 988/658/988 989/644/989 970/642/970
f 970/642/970 989/644/989 971/643/971 952/624/952
f 971/643/971 990/659/990 991/660/991 972/644/972
f 972/644/972 991/660/991 992/661/992 973/557/973
f 973/557/973 992/661/992 993/662/993 974/645/974
f 974/645/974 993/662/993 994/663/994 975/646/975
f 975/646/975 994/663/994 995/664/995 976/647/976
f 976/647/976 995/664/995 996/665/996 977/648/977
f 977/648/977 996/665/996 997/666/997 978/649/978
f 978/649/978 997/666/997 998/667/998 979/650/979
f 979/650/979 998/667/998 999/668/999 980/651/980
f 980/651/980 999/668/999 1000/669/1000 981/652/981
f 981/652/981 1000/669/1000 1001/670/1001 982/653/982
f 982/653/982 1001/670/1001 1002/671/1002 983/654/983
f 983/654/983 1002/671/1002 1003/672/1003 984/655/984
f 984/655/984 1003/672/1003 1004/673/1004 985/656/985
f 985/656/985 1004/673/1004 1005/663/1005 986/657/986
f 986/657/986 1005/663/1005 1006/674/1006 987/596/987
f 987/596/987 1006/674/1006 1007/675/1007 988/658/988
f 988/658/988 1007/675/1007 1008/676/1008 989/644/989
f 989/644/989 1008/676/1008 990/659/990 971/643/971
f 990/659/990 1009/677/1009 1010/678/1010 991/660/991
f 991/660/991 1010/678/1010 1011/679/1011 992/661/992
f 992/661/992 1011/679/1011 1012/680/1012 993/662/993
f 993/662/993 1012/680/1012 1013/681/1013 994/663/994
f 994/663/994 1013/681/1013 1014/682/1014 995/664/995
f 995/664/995 1014/682/1014 1015/683/1015 996/665/996
f 996/665/996 1015/683/1015 1016/684/1016 997/666/997
f 997/666/997 1016/684/1016 1017/685/1017 998/667/998
f 998/667/998 1017/685/1017 1018/686/1018 999/668/999
f 999/668/999 1018/686/1018 1019/687/1019 1000/669/1000
f 1000/669/1000 1019/687/1019 1020/688/1020 1001/670/1001
f 1001/670/1001 1020/688/1020 1021/689/1021 1002/671/1002
f 1002/671/1002 1021/689/1021 1022/690/1022 1003/672/1003
f 1003/672/1003 1022/690/1022 1023/691/1023 1004/673/1004
f 1004/673/1004 1023/691/1023 1024/692/1024 1005/663/1005
f 1005/663/1005 1024/692/1024 1025/693/1025 1006/674/1006
f 1006/674/1006 1025/693/1025 1026/694/1026 1007/675/1007
f 1007/675/1007 1026/694/1026 1027/695/1027 1008/676/1008
f 1008/676/1008 1027/695/1027 1009/677/1009 990/659/990
f 1009/677/1009 1028/696/1028 1029/697/1029 1010/678/1010
f 1010/678/1010 1029/697/1029 1030/698/1030 1011/679/1011
f 1011/679/1011 1030/698/1030 1031/699/1031 1012/680/1012
f 1012/680/1012 1031/699/1031 1032/700/1032 1013/681/1013
f 1013/681/1013 1032/700/1032 1033/701/1033 1014/682/1014
f 1014/682/1014 1033/701/1033 1034/702/1034 1015/683/1015
f 1015/683/1015 1034/702/1034 1035/703/1035 1016/684/1016
f 1016/684/1016 1035/703/1035 1036/704/1036 1017/685/1017
f 1017/685/1017 1036/704/1036 1037/705/1037 1018/686/1018
f 1018/686/1018 1037/705/1037 1038/706/1038 1019/687/1019
f 1019/687/1019 1038/706/1038 1039/707/1039 1020/688/1020
f 1020/688/1020 1039/707/1039 1040/708/1040 1021/689/1021
f 1021/689/1021 1040/708/1040 1041/709/1041 1022/690/1022
f 1022/690/1022 1041/709/1041 1042/710/1042 1023/691/1023
f 1023/691/1023 1042/710/1042 1043/711/1043 1024/692/1024
f 1024/692/1024 1043/711/1043 1044/712/1044 1025/693/1025
f 1025/693/1025 1044/712/1044 1045/713/1045 1026/694/1026
f 1026/694/1026 1045/713/1045 1046/714/1046 1027/695/1027
f 1027/695/1027 1046/714/1046 1028/696/1028 1009/677/1009
f 1028/696/1028 1047/715/1047 1048/716/1048 1029/697/1029
f 1029/697/1029 1048/716/1048 1049/717/1049 1030/698/1030
f 1030/698/1030 1049/717/1049 1050/718/1050 1031/699/1031
f 1031/699/1031 1050/718/1050 1051/719/1051 1032/700/1032
f 1032/700/1032 1051/719/1051 1052/720/1052 1033/701/1033
f 1033/701/1033 1052/720/1052 1053/721/1053 1034/702/1034
f 1034/702/1034 1053/721/1053 1054/722/1054 1035/703/1035
f 1035/703/1035 1054/722/1054 1055/723/1055 1036/704/1036
f 1036/704/1036 1055/723/1055 1056/724/1056 1037/705/1037
f 1037/705/1037 1056/724/1056 1057/725/1057 1038/706/1038
f 1038/706/1038 1057/725/1057 1058/726/1058 1039/707/1039
f 1039/707/1039 1058/726/1058 1059/727/1059 1040/708/1040
f 1040/708/1040 1059/727/1059 1060/728/1060 1041/709/1041
f 1041/709/1041 1060/728/1060 1061/729/1061 1042/710/1042
f 1042/710/1042 1061/729/1061 1062/730/1062 1043/711/1043
f 1043/711/1043 1062/730/1062 1063/731/1063 1044/712/1044
f 1044/712/1044 1063/731/1063 1064/732/1064 1045/713/1045
f 1045/713/1045 1064/732/1064 1065/733/1065 1046/714/1046
f 1046/714/1046 1065/733/1065 1047/715/1047 1028/696/1028
f 1047/715/1047 1066/734/1066 1067/735/1067 1048/716/1048
f 1048/716/1048 1067/735/1067 1068/736/1068 1049/717/1049
f 1049/717/1049 1068/736/1068 1069/737/1069 1050/718/1050
f 1050/718/1050 1069/737/1069 1070/738/1070 1051/719/1051
f 1051/719/1051 1070/738/1070 1071/739/1071 1052/720/1052
f 1052/720/1052 1071/739/1071 1072/740/1072 1053/721/1053
f 1053/721/1053 1072/740/1072 1073/741/1073 1054/722/1054
f 1054/722/1054 1073/741/1073 1074/742/1074 1055/723/1055
f 1055/723/1055 1074/742/1074 1075/743/1075 1056/724/1056
f 1056/724/1056 1075/743/1075 1076/744/1076 1057/725/1057
f 1057/725/1057 1076/744/1076 1077/745/1077 1058/726/1058
f 1058/726/1058 1077/745/1077 1078/746/1078 1059/727/1059
f 1059/727/1059 1078/746/1078 1079/747/1079 1060/728/1060
f 1060/728/1060 1079/747/1079 1080/748/1080 1061/729/1061
f 1061/729/1061 1080/748/1080 1081/749/1081 1062/730/1062
f 1062/730/1062 1081/749/1081 1082/750/1082 1063/731/1063
f 1063/731/1063 1082/750/1082 1083/751/1083 1064/732/1064
f 1064/732/1064 1083/751/1083 1084/752/1084 1065/733/1065
f 1065/733/1065 1084/752/1084 1066/734/1066 1047/715/1047
f 1066/734/1066 1085/753/1085 1086/754/1086 1067/735/1067
f 1067/735/1067 1086/754/1086 1087/755/1087 1068/736/1068
f 1068/736/1068 1087/755/1087 1088/756/1088 1069/737/1069
f 1069/737/1069 1088/756/1088 1089/757/1089 1070/738/1070
f 1070/738/1070 1089/757/1089 1090/758/1090 1071/739/1071
f 1071/739/1071 1090/758/1090 1091/759/1091 1072/740/1072
f 1072/740/1072 1091/759/1091 1092/760/1092 1073/741/1073
f 1073/741/1073 1092/760/1092 1093/761/1093 1074/742/1074
f 1074/742/1074 1093/761/1093 1094/762/1094 1075/743/1075
f 1075/743/1075 1094/762/1094 1095/763/1095 1076/744/1076
f 1076/744/1076 1095/763/1095 1096/764/1096 1077/745/1077
f 1077/745/1077 1096/764/1096 1097/765/1097 1078/746/1078
f 1078/746/1078 1097/765/1097 1098/766/1098 1079/747/1079
f 1079/747/1079 1098/766/1098 1099/767/1099 1080/748/1080
f 1080/748/1080 1099/767/1099 1100/768/1100 1081/749/1081
f 1081/749/1081 1100/768/1100 1101/769/1101 1082/750/1082
f 1082/750/1082 1101/769/1101 1102/770/1102 1083/751/1083
f 1083/751/1083 1102/770/1102 1103/771/1103 1084/752/1084
f 1084/752/1084 1103/771/1103 1085/753/1085 1066/734/1066
f 1085/753/1085 1104/772/1104 1105/773/1105 1086/754/1086
f 1086/754/1086 1105/773/1105 1106/774/1106 1087/755/1087
f 1087/755/1087 1106/774/1106 1107/775/1107 1088/756/1088
f 1088/756/1088 1107/775/1107 1108/776/1108 1089/757/1089
f 1089/757/1089 1108/776/1108 1109/777/1109 1090/758/1090
f 1090/758/1090 1109/777/1109 1110/778/1110 1091/759/1091
f 1091/759/1091 1110/778/1110 1111/779/1111 1092/760/1092
f 1092/760/1092 1111/779/1111 1112/780/1112 1093/761/1093
f 1093/761/1093 1112/780/1112 1113/781/1113 1094/762/1094
f 1094/762/1094 1113/781/1113 1114/782/1114 1095/763/1095
f 1095/763/1095 1114/782/1114 1115/783/1115 1096/764/1096
f 1096/764/1096 1115/783/1115 1116/784/1116 1097/765/1097
f 1097/765/1097 1116/784/1116 1117/785/1117 1098/766/1098
f 1098/766/1098 1117/785/1117 1118/786/1118 1099/767/1099
f 1099/767/1099 1118/786/1118 1119/787/1119 1100/768/1100
f 1100/768/1100 1119/787/1119 1120/788/1120 1101/769/1101
f 1101/769/1101 1120/788/1120 1121/789/1121 1102/770/1102
f 1102/770/1102 1121/789/1121 1122/790/1122 1103/771/1103
f 1103/771/1103 1122/790/1122 1104/772/1104 1085/753/1085
f 1104/772/1104 1123/791/1123 1124/792/1124 1105/773/1105
f 1105/773/1105 1124/792/1124 1125/793/1125 1106/774/1106
f 1106/774/1106 1125/793/1125 1126/794/1126 1107/775/1107
f 1107/775/1107 1126/794/1126 1127/795/1127 1108/776/1108
f 1108/776/1108 1127/795/1127 1128/796/1128 1109/777/1109
f 1109/777/1109 1128/796/1128 1129/797/1129 1110/778/1110
f 1110/778/1110 1129/797/1129 1130/798/1130 1111/779/1111
f 1111/779/1111 1130/798/1130 1131/799/1131 1112/780/1112
f 1112/780/1112 1131/799/1131 1132/800/1132 1113/781/1113
f 1113/781/1113 1132/800/1132 1133/801/1133 1114/782/1114
f 1114/782/1114 1133/801/1133 1134/802/1134 1115/783/1115
f 1115/783/1115 1134/802/1134 1135/803/1135 1116/784/1116
f 1116/784/1116 1135/803/1135 1136/804/1136 1117/785/1117
f 1117/785/1117 1136/804/1136 1137/805/1137 1118/786/1118
f 1118/786/1118 1137/805/1137 1138/806/1138 1119/787/1119
f 1119/787/1119 1138/806/1138 1139/807/1139 1120/788/1120
f 1120/788/1120 1139/807/1139 1140/808/1140 1121/789/1121
f 1121/789/1121 1140/808/1140 1141/809/1141 1122/790/1122
f 1122/790/1122 1141/809/1141 1123/791/1123 1104/772/1104
f 1123/791/1123 1142/810/1142 1143/811/1143 1124/792/1124
f 1124/792/1124 1143/811/1143 1144/812/1144 1125/793/1125
f 1125/793/1125 1144/812/1144 1145/813/1145 1126/794/1126
f 1126/794/1126 1145/813/1145 1146/814/1146 1127/795/1127
f 1127/795/1127 1146/814/1146 1147/815/1147 1128/796/1128
f 1128/796/1128 1147/815/1147 1148/816/1148 1129/797/1129
f 1129/797/1129 1148/816/1148 1149/817/1149 1130/798/1130
f 1130/798/1130 1149/817/1149 1150/818/1150 1131/799/1131
f 1131/799/1131 1150/818/1150 1151/819/1151 1132/800/1132
f 1132/800/1132 1151/819/1151 1152/820/1152 1133/801/1133
f 1133/801/1133 1152/820/1152 1153/821/1153 1134/802/1134
f 1134/802/1134 1153/821/1153 1154/822/1154 1135/803/1135
f 1135/803/1135 1154/822/1154 1155/823/1155 1136/804/1136
f 1136/804/1136 1155/823/1155 1156/824/1156 1137/805/1137
f 1137/805/1137 1156/824/1156 1157/825/1157 1138/806/1138
f 1138/806/1138 1157/825/1157 1158/826/1158 1139/807/1139
f 1139/807/1139 1158/826/1158 1159/827/1159 1140/808/1140
f 1140/808/1140 1159/827/1159 1160/828/1160 1141/809/1141
f 1141/809/1141 1160/828/1160 1142/810/1142 1123/791/1123
f 1142/810/1142 1161/829/1161 1162/830/1162 1143/811/1143
f 1143/811/1143 1162/830/1162 1163/831/1163 1144/812/1144
f 1144/812/1144 1163/831/1163 1164/832/1164 1145/813/1145
f 1145/813/1145 1164/832/1164 1165/833/1165 1146/814/1146
f 1146/814/1146 1165/833/1165 1166/834/1166 1147/815/1147
f 1147/815/1147 1166/834/1166 1167/835/1167 1148/816/1148
f 1148/816/1148 1167/835/1167 1168/836/1168 1149/817/1149
f 1149/817/1149 1168/836/1168 1169/837/1169 1150/818/1150
f 1150/818/1150 1169/837/1169 1170/838/1170 1151/819/1151
f 1151/819/1151 1170/838/1170 1171/839/1171 1152/820/1152
f 1152/820/1152 1171/839/1171 1172/840/1172 1153/821/1153
f 1153/821/1153 1172/840/1172 1173/841/1173 1154/822/1154
f 1154/822/1154 1173/841/1173 1174/842/1174 1155/823/1155
f 1155/823/1155 1174/842/1174 1175/843/1175 1156/824/1156
f 1156/824/1156 1175/843/1175 1176/844/1176 1157/825/1157
f 1157/825/1157 1176/844/1176 1177/845/1177 1158/826/1158
f 1158/826/1158 1177/845/1177 1178/846/1178 1159/827/1159
f 1159/827/1159 1178/846/1178 1179/847/1179 1160/828/1160
f 1160/828/1160 1179/847/1179 1161/829/1161 1142/810/1142
f 1161/829/1161 1180/848/1180 1181/849/1181 1162/830/1162
f 1162/830/1162 1181/849/1181 1182/850/1182 1163/831/1163
f 1163/831/1163 1182/850/1182 1183/851/1183 1164/832/1164
f 1164/832/1164 1183/851/1183 1184/852/1184 1165/833/1165
f 1165/833/1165 1184/852/1184 1185/853/1185 1166/834/1166
f 1166/834/1166 1185/853/1185 1186/854/1186 1167/835/1167
f 1167/835/1167 1186/854/1186 1187/855/1187 1168/836/1168
f 1168/836/1168 1187/855/1187 1188/856/1188 1169/837/1169
f 1169/837/1169 1188/856/1188 1189/857/1189 1170/838/1170
f 1170/838/1170 1189/857/1189 1190/858/1190 1171/839/1171
f 1171/839/1171 1190/858/1190 1191/859/1191 1172/840/1172
f 1172/840/1172 1191/859/1191 1192/860/1192 1173/841/1173
f 1173/841/1173 1192/860/1192 1193/861/1193 1174/842/1174
f 1174/842/1174 1193/861/1193 1194/862/1194 1175/843/1175
f 1175/843/1175 1194/862/1194 1195/863/1195 1176/844/1176
f 1176/844/1176 1195/863/1195 1196/864/1196 1177/845/1177
f 1177/845/1177 1196/864/1196 1197/865/1197 1178/846/1178
f 1178/846/1178 1197/865/1197 1198/866/1198 1179/847/1179
f 1179/847/1179 1198/866/1198 1180/848/1180 1161/829/1161
f 1180/848/1180 1199/867/1199 1200/868/1200 1181/849/1181
f 1181/849/1181 1200/868/1200 1201/869/1201 1182/850/1182
f 1182/850/1182 1201/869/1201 1202/870/1202 1183/851/1183
f 1183/851/1183 1202/870/1202 1203/871/1203 1184/852/1184
f 1184/852/1184 1203/871/1203 1204/872/1204 1185/853/1185
f 1185/853/1185 1204/872/1204 1205/873/1205 1186/854/1186
f 1186/854/1186 1205/873/1205 1206/874/1206 1187/855/1187
f 1187/855/1187 1206/874/1206 1207/875/1207 1188/856/1188
f 1188/856/1188 1207/875/1207 1208/876/1208 1189/857/1189
f 1189/857/1189 1208/876/1208 1209/877/1209 1190/858/1190
f 1190/858/1190 1209/877/1209 1210/878/1210 1191/859/1191
f 1191/859/1191 1210/878/1210 1211/879/1211 1192/860/1192
f 1192/860/1192 1211/879/1211 1212/880/1212 1193/861/1193
f 1193/861/1193 1212/880/1212 1213/881/1213 1194/862/1194
f 1194/862/1194 1213/881/1213 1214/882/1214 1195/863/1195
f 1195/863/1195 1214/882/1214 1215/883/1215 1196/864/1196
f 1196/864/1196 1215/883/1215 1216/884/1216 1197/865/1197
f 1197/865/1197 1216/884/1216 1217/885/1217 1198/866/1198
f 1198/866/1198 1217/885/1217 1199/867/1199 1180/848/1180
f 1199/867/1199 1218/886/1218 1219/887/1219 1200/868/1200
f 1200/868/1200 1219/887/1219 1220/888/1220 1201/869/1201
f 1201/869/1201 1220/888/1220 1221/889/1221 1202/870/1202
f 1202/870/1202 1221/889/1221 1222/890/1222 1203/871/1203
f 1203/871/1203 1222/890/1222 1223/891/1223 1204/872/1204
f 1204/872/1204 1223/891/1223 1224/892/1224 1205/873/1205
f 1205/873/1205 1224/892/1224 1225/893/1225 1206/874/1206
f 1206/874/1206 1225/893/1225 1226/894/1226 1207/875/1207
f 1207/875/1207 1226/894/1226 1227/895/1227 1208/876/1208
f 1208/876/1208 1227/895/1227 1228/896/1228 1209/877/1209
f 1209/877/1209 1228/896/1228 1229/897/1229 1210/878/1210
f 1210/878/1210 1229/897/1229 1230/898/1230 1211/879/1211
f 1211/879/1211 1230/898/1230 1231/899/1231 1212/880/1212
f 1212/880/1212 1231/899/1231 1232/900/1232 1213/881/1213
f 1213/881/1213 1232/900/1232 1233/901/1233 1214/882/1214
f 1214/882/1214 1233/901/1233 1234/902/1234 1215/883/1215
f 1215/883/1215 1234/902/1234 1235/903/1235 1216/884/1216
f 1216/884/1216 1235/903/1235 1236/904/1236 1217/885/1217
f 1217/885/1217 1236/904/1236 1218/886/1218 1199/867/1199
f 1218/886/1218 1237/905/1237 1238/906/1238 1219/887/1219
f 1219/887/1219 1238/906/1238 1239/907/1239 1220/888/1220
f 1220/888/1220 1239/907/1239 1240/908/1240 1221/889/1221
f 1221/889/1221 1240/908/1240 1241/909/1241 1222/890/1222
f 1222/890/1222 1241/909/1241 1242/910/1242 1223/891/1223
f 1223/891/1223 1242/910/1242 1243/911/1243 1224/892/1224
f 1224/892/1224 1243/911/1243 1244/912/1244 1225/893/1225
f 1225/893/1225 1244/912/1244 1245/913/1245 1226/894/1226
f 1226/894/1226 1245/913/1245 1246/914/1246 1227/895/1227
f 1227/895/1227 1246/914/1246 1247/915/1247 1228/896/1228
f 1228/896/1228 1247/915/1247 1248/916/1248 1229/897/1229
f 1229/897/1229 1248/916/1248 1249/917/1249 1230/898/1230
f 1230/898/1230 1249/917/1249 1250/918/1250 1231/899/1231
f 1231/899/1231 1250/918/1250 1251/919/1251 1232/900/1232
f 1232/900/1232 1251/919/1251 1252/920/1252 1233/901/1233
f 1233/901/1233 1252/920/1252 1253/921/1253 1234/902/1234
f 1234/902/1234 1253/921/1253 1254/922/1254 1235/903/1235
f 1235/903/1235 1254/922/1254 1255/923/1255 1236/904/1236
f 1236/904/1236 1255/923/1255 1237/905/1237 1218/886/1218
f 1237/905/1237 1256/924/1256 1257/925/1257 1238/906/1238
f 1238/906/1238 1257/925/1257 1258/926/1258 1239/907/1239
f 1239/907/1239 1258/926/1258 1259/927/1259 1240/908/1240
f 1240/908/1240 1259/927/1259 1260/928/1260 1241/909/1241
f 1241/909/1241 1260/928/1260 1261/929/1261 1242/910/1242
f 1242/910/1242 1261/929/1261 1262/930/1262 1243/911/1243
f 1243/911/1243 1262/930/1262 1263/931/1263 1244/912/1244
f 1244/912/1244 1263/931/1263 1264/932/1264 1245/913/1245
f 1245/913/1245 1264/932/1264 1265/933/1265 1246/914/1246
f 1246/914/1246 1265/933/1265 1266/934/1266 1247/915/1247
f 1247/915/1247 1266/934/1266 1267/935/1267 1248/916/1248
f 1248/916/1248 1267/935/1267 1268/936/1268 1249/917/1249
f 1249/917/1249 1268/936/1268 1269/937/1269 1250/918/1250
f 1250/918/1250 1269/937/1269 1270/938/1270 1251/919/1251
f 1251/919/1251 1270/938/1270 1271/939/1271 1252/920/1252
f 1252/920/1252 1271/939/1271 1272/940/1272 1253/921/1253
f 1253/921/1253 1272/940/1272 1273/941/1273 1254/922/1254
f 1254/922/1254 1273/941/1273 1274/942/1274 1255/923/1255
f 1255/923/1255 1274/942/1274 1256/924/1256 1237/905/1237
f 1256/924/1256 1275/943/1275 1276/944/1276 1257/925/1257
f 1257/925/1257 1276/944/1276 1277/945/1277 1258/926/1258
f 1258/926/1258 1277/945/1277 1278/946/1278 1259/927/1259
f 1259/927/1259 1278/946/1278 1279/947/1279 1260/928/1260
f 1260/928/1260 1279/947/1279 1280/948/1280 1261/929/1261
f 1261/929/1261 1280/948/1280 1281/949/1281 1262/930/1262
f 1262/930/1262 1281/949/1281 1282/950/1282 1263/931/1263
f 1263/931/1263 1282/950/1282 1283/951/1283 1264/932/1264
f 1264/932/1264 1283/951/1283 1284/952/1284 1265/933/1265
f 1265/933/1265 1284/952/1284 1285/953/1285 1266/934/1266
f 1266/934/1266 1285/953/1285 1286/954/1286 1267/935/1267
f 1267/935/1267 1286/954/1286 1287/955/1287 1268/936/1268
f 1268/936/1268 1287/955/1287 1288/956/1288 1269/937/1269
f 1269/937/1269 1288/956/1288 1289/957/1289 1270/938/1270
f 1270/938/1270 1289/957/1289 1290/958/1290 1271/939/1271
f 1271/939/1271 1290/958/1290 1291/959/1291 1272/940/1272
f 1272/940/1272 1291/959/1291 1292/960/1292 1273/941/1273
f 1273/941/1273 1292/960/1292 1293/961/1293 1274/942/1274
f 1274/942/1274 1293/961/1293 1275/943/1275 1256/924/1256
f 1275/943/1275 1294/962/1294 1295/963/1295 1276/944/1276
f 1276/944/1276 1295/963/1295 1296/964/1296 1277/945/1277
f 1277/945/1277 1296/964/1296 1297/965/1297 1278/946/1278
f 1278/946/1278 1297/965/1297 1298/966/1298 1279/947/1279
f 1279/947/1279 1298/966/1298 1299/967/1299 1280/948/1280
f 1280/948/1280 1299/967/1299 1300/968/1300 1281/949/1281
f 1281/949/1281 1300/968/1300 1301/969/1301 1282/950/1282
f 1282/950/1282 1301/969/1301 1302/970/1302 1283/951/1283
f 1283/951/1283 1302/970/1302 1303/971/1303 1284/952/1284
f 1284/952/1284 1303/971/1303 1304/972/1304 1285/953/1285
f 1285/953/1285 1304/972/1304 1305/973/1305 1286/954/1286
f 1286/954/1286 1305/973/1305 1306/974/1306 1287/955/1287
f 1287/955/1287 1306/974/1306 1307/975/1307 1288/956/1288
f 1288/956/1288 1307/975/1307 1308/976/1308 1289/957/1289
f 1289/957/1289 1308/976/1308 1309/977/1309 1290/958/1290
f 1290/958/1290 1309/977/1309 1310/978/1310 1291/959/1291
f 1291/959/1291 1310/978/1310 1311/979/1311 1292/960/1292
f 1292/960/1292 1311/979/1311 1312/980/1312 1293/961/1293
f 1293/961/1293 1312/980/1312 1294/962/1294 1275/943/1275
f 1294/962/1294 1313/981/1313 1314/982/1314 1295/963/1295
f 1295/963/1295 1314/982/1314 1315/983/1315 1296/964/1296
f 1296/964/1296 1315/983/1315 1316/984/1316 1297/965/1297
f 1297/965/1297 1316/984/1316 1317/985/1317 1298/966/1298
f 1298/966/1298 1317/985/1317 1318/986/1318 1299/967/1299
f 1299/967/1299 1318/986/1318 1319/987/1319 1300/968/1300
f 1300/968/1300 1319/987/1319 1320/988/1320 1301/969/1301
f 1301/969/1301 1320/988/1320 1321/989/1321 1302/970/1302
f 1302/970/1302 1321/989/1321 1322/990/1322 1303/971/1303
f 1303/971/1303 1322/990/1322 1323/991/1323 1304/972/1304
f 1304/972/1304 1323/991/1323 1324/992/1324 1305/973/1305
f 1305/973/1305 1324/992/1324 1325/993/1325 1306/974/1306
f 1306/974/1306 1325/993/1325 1326/994/1326 1307/975/1307
f 1307/975/1307 1326/994/1326 1327/995/1327 1308/976/1308
f 1308/976/1308 1327/995/1327 1328/996/1328 1309/977/1309
f 1309/977/1309 1328/996/1328 1329/997/1329 1310/978/1310
f 1310/978/1310 1329/997/1329 1330/998/1330 1311/979/1311
f 1311/979/1311 1330/998/1330 1331/999/1331 1312/980/1312
f 1312/980/1312 1331/999/1331 1313/981/1313 1294/962/1294
f 1313/981/1313 1332/1000/1332 1333/1001/1333 1314/982/1314
f 1314/982/1314 1333/1001/1333 1334/1002/1334 1315/983/1315
f 1315/983/1315 1334/1002/1334 1335/1003/1335 1316/984/1316
f 1316/984/1316 1335/1003/1335 1336/1004/1336 1317/985/1317
f 1317/985/1317 1336/1004/1336 1337/1005/1337 1318/986/1318
f 1318/986/1318 1337/1005/1337 1338/1006/1338 1319/987/1319
f 1319/987/1319 1338/1006/1338 1339/1007/1339 1320/988/1320
f 1320/988/1320 1339/1007/1339 1340/1008/1340 1321/989/1321
f 1321/989/1321 1340/1008/1340 1341/1009/1341 1322/990/1322
f 1322/990/1322 1341/1009/1341 1342/1010/1342 1323/991/1323
f 1323/991/1323 1342/1010/1342 1343/1011/1343 1324/992/1324
f 1324/992/1324 1343/1011/1343 1344/1012/1344 1325/993/1325
f 1325/993/1325 1344/1012/1344 1345/1013/1345 1326/994/1326
f 1326/994/1326 1345/1013/1345 1346/1014/1346 1327/995/1327
f 1327/995/1327 1346/1014/1346 1347/1015/1347 1328/996/1328
f 1328/996/1328 1347/1015/1347 1348/1016/1348 1329/997/1329
f 1329/997/1329 1348/1016/1348 1349/1017/1349 1330/998/1330
f 1330/998/1330 1349/1017/1349 1350/1018/1350 1331/999/1331
f 1331/999/1331 1350/1018/1350 1332/1000/1332 1313/981/1313
f 1332/1000/1332 1351/1019/1351 1352/1020/1352 1333/1001/1333
f 1333/1001/1333 1352/1020/1352 1353/1021/1353 1334/1002/1334
f 1334/1002/1334 1353/1021/1353 1354/1022/1354 1335/1003/1335
f 1335/1003/1335 1354/1022/1354 1355/1023/1355 1336/1004/1336
f 1336/1004/1336 1355/1023/1355 1356/1024/1356 1337/1005/1337
f 1337/1005/1337 1356/1024/1356 1357/1025/1357 1338/1006/1338
f 1338/1006/1338 1357/1025/1357 1358/1026/1358 1339/1007/1339
f 1339/1007/1339 1358/1026/1358 1359/1027/1359 1340/1008/1340
f 1340/1008/1340 1359/1027/1359 1360/1028/1360 1341/1009/1341
f 1341/1009/1341 1360/1028/1360 1361/1029/1361 1342/1010/1342
f 1342/1010/1342 1361/1029/1361 1362/1030/1362 1343/1011/1343
f 1343/1011/1343 1362/1030/1362 1363/1031/1363 1344/1012/1344
f 1344/1012/1344 1363/1031/1363 1364/1032/1364 1345/1013/1345
f 1345/1013/1345 1364/1032/1364 1365/1033/1365 1346/1014/1346
f 1346/1014/1346 1365/1033/1365 1366/1034/1366 1347/1015/1347
f 1347/1015/1347 1366/1034/1366 1367/1035/1367 1348/1016/1348
f 1348/1016/1348 1367/1035/1367 1368/1036/1368 1349/1017/1349
f 1349/1017/1349 1368/1036/1368 1369/1037/1369 1350/1018/1350
f 1350/1018/1350 1369/1037/1369 1351/1019/1351 1332/1000/1332
f 1351/1019/1351 1370/1038/1370 1371/1039/1371 1352/1020/1352
f 1352/1020/1352 1371/1039/1371 1372/1040/1372 1353/1021/1353
f 1353/1021/1353 1372/1040/1372 1373/1041/1373 1354/1022/1354
f 1354/1022/1354 1373/1041/1373 1374/1042/1374 1355/1023/1355
f 1355/1023/1355 1374/1042/1374 1375/1043/1375 1356/1024/1356
f 1356/1024/1356 1375/1043/1375 1376/1044/1376 1357/1025/1357
f 1357/1025/1357 1376/1044/1376 1377/1045/1377 1358/1026/1358
f 1358/1026/1358 1377/1045/1377 1378/1046/1378 1359/1027/1359
f 1359/1027/1359 1378/1046/1378 1379/1047/1379 1360/1028/1360
f 1360/1028/1360 1379/1047/1379 1380/1048/1380 1361/1029/1361
f 1361/1029/1361 1380/1048/1380 1381/1049/1381 1362/1030/1362
f 1362/1030/1362 1381/1049/1381 1382/1050/1382 1363/1031/1363
f 1363/1031/1363 1382/1050/1382 1383/1051/1383 1364/1032/1364
f 1364/1032/1364 1383/1051/1383 1384/1052/1384 1365/1033/1365
f 1365/1033/1365 1384/1052/1384 1385/1053/1385 1366/1034/1366
f 1366/1034/1366 1385/1053/1385 1386/1054/1386 1367/1035/1367
f 1367/1035/1367 1386/1054/1386 1387/1055/1387 1368/1036/1368
f 1368/1036/1368 1387/1055/1387 1388/1056/1388 1369/1037/1369
f 1369/1037/1369 1388/1056/1388 1370/1038/1370 1351/1019/1351
f 1370/1038/1370 515/278/515 516/281/516 1371/1039/1371
f 1371/1039/1371 516/281/516 517/283/517 1372/1040/1372
f 1372/1040/1372 517/283/517 518/285/518 1373/1041/1373
f 1373/1041/1373 518/285/518 519/287/519 1374/1042/1374
f 1374/1042/1374 519/287/519 520/289/520 1375/1043/1375
f 1375/1043/1375 520/289/520 521/291/521 1376/1044/1376
f 1376/1044/1376 521/291/521 522/293/522 1377/1045/1377
f 1377/1045/1377 522/293/522 523/295/523 1378/1046/1378
f 1378/1046/1378 523/295/523 524/297/524 1379/1047/1379
f 1379/1047/1379 524/297/524 525/299/525 1380/1048/1380
f 1380/1048/1380 525/299/525 526/301/526 1381/1049/1381
f 1381/1049/1381 526/301/526 527/303/527 1382/1050/1382
f 1382/1050/1382 527/303/527 528/305/528 1383/1051/1383
f 1383/1051/1383 528/305/528 529/307/529 1384/1052/1384
f 1384/1052/1384 529/307/529 530/309/530 1385/1053/1385
f 1385/1053/1385 530/309/530 531/311/531 1386/1054/1386
f 1386/1054/1386 531/311/531 532/313/532 1387/1055/1387
f 1387/1055/1387 532/313/532 533/315/533 1388/1056/1388
f 1388/1056/1388 533/315/533 515/278/515 1370/1038/1370
o hair_tie.001
v 0.284228 3.195598 0.129007
v 0.283326 3.208961 0.134125
v 0.279957 3.220944 0.138700
v 0.274486 3.230248 0.142237
v 0.267505 3.235868 0.144352
v 0.259771 3.237191 0.144817
v 0.252123 3.234076 0.143580
v 0.245389 3.226860 0.140777
v 0.240298 3.216325 0.136710
v 0.237403 3.203612 0.131820
v 0.237017 3.190099 0.126637
v 0.239182 3.177252 0.121723
v 0.243663 3.166461 0.117611
v 0.249975 3.158895 0.114746
v 0.257434 3.155376 0.113438
v 0.265231 3.156284 0.113829
v 0.272522 3.161521 0.115878
v 0.278516 3.170519 0.119361
v 0.282564 3.182304 0.123901
v 0.281675 3.203607 0.108314
v 0.280784 3.216934 0.113524
v 0.277449 3.228813 0.118368
v 0.272028 3.237958 0.122319
v 0.265111 3.243377 0.124950
v 0.257447 3.244484 0.125976
v 0.249866 3.241158 0.125285
v 0.243190 3.233759 0.122952
v 0.238142 3.223090 0.119231
v 0.235269 3.210307 0.114524
v 0.234883 3.196795 0.109341
v 0.237025 3.184017 0.104245
v 0.241464 3.173360 0.099787
v 0.247718 3.165977 0.096450
v 0.255109 3.162669 0.094597
v 0.262837 3.163794 0.094427
v 0.270065 3.169230 0.095960
v 0.276008 3.178389 0.099028
v 0.280023 3.190278 0.103301
v 0.273834 3.211610 0.088032
v 0.272979 3.224901 0.093333
v 0.269745 3.236677 0.098439
v 0.264481 3.245662 0.102796
v 0.257760 3.250881 0.105932
v 0.250308 3.251770 0.107508
v 0.242934 3.248233 0.107352
v 0.236436 3.240653 0.105481
v 0.231519 3.229850 0.102099
v 0.228716 3.216996 0.097571
v 0.228330 3.203484 0.092389
v 0.230403 3.190777 0.087113
v 0.234710 3.180254 0.082316
v 0.240786 3.173053 0.078517
v 0.247970 3.169956 0.076129
v 0.255486 3.171298 0.075409
v 0.262518 3.176934 0.076437
v 0.268304 3.186253 0.079099
v 0.272217 3.198245 0.083109
v 0.260852 3.219458 0.068538
v 0.260055 3.232713 0.073927
v 0.256989 3.244388 0.079285
v 0.251985 3.253215 0.084032
v 0.245587 3.258239 0.087654
v 0.238487 3.258916 0.089758
v 0.231455 3.255172 0.090116
v 0.225253 3.247412 0.088690
v 0.220553 3.236478 0.085633
v 0.217865 3.223556 0.081277
v 0.217478 3.210043 0.076095
v 0.219437 3.197405 0.070647
v 0.223528 3.187013 0.065524
v 0.229307 3.179991 0.061282
v 0.236150 3.177101 0.058379
v 0.243313 3.178656 0.057131
v 0.250021 3.184487 0.057673
v 0.255548 3.193964 0.059945
v 0.259293 3.206057 0.063703
v 0.242970 3.227004 0.050196
v 0.242253 3.240225 0.055666
v 0.239418 3.251802 0.061262
v 0.234772 3.260478 0.066377
v 0.228820 3.265315 0.070456
v 0.222205 3.265787 0.073057
v 0.215645 3.261844 0.073899
v 0.209850 3.253912 0.072890
v 0.205449 3.242852 0.070140
v 0.202918 3.229862 0.065946
v 0.202532 3.216350 0.060764
v 0.204332 3.203779 0.055154
v 0.208124 3.193513 0.049725
v 0.213497 3.186663 0.045065
v 0.219867 3.183972 0.041678
v 0.226546 3.185731 0.039933
v 0.232809 3.191751 0.040017
v 0.237977 3.201377 0.041923
v 0.241491 3.213569 0.045443
v 0.220521 3.234107 0.033347
v 0.219904 3.247297 0.038893
v 0.217360 3.258781 0.044707
v 0.213164 3.267316 0.050159
v 0.207771 3.271975 0.054657
v 0.201764 3.272255 0.057716
v 0.195796 3.268125 0.059002
v 0.190513 3.260031 0.058377
v 0.186487 3.248853 0.055908
v 0.184154 3.235800 0.051863
v 0.183768 3.222287 0.046681
v 0.185370 3.209780 0.040922
v 0.188787 3.199632 0.035211
v 0.193648 3.192944 0.030167
v 0.199427 3.190440 0.026337
v 0.205497 3.192392 0.024134
v 0.211201 3.198588 0.023799
v 0.215920 3.208357 0.025368
v 0.219143 3.220641 0.028669
v 0.193923 3.240636 0.018305
v 0.193426 3.253797 0.023918
v 0.191226 3.265197 0.029927
v 0.187563 3.273601 0.035680
v 0.182832 3.278097 0.040554
v 0.177547 3.278200 0.044020
v 0.172280 3.273897 0.045703
v 0.167602 3.265656 0.045420
v 0.164021 3.254367 0.043203
v 0.161923 3.241257 0.039291
v 0.161537 3.227744 0.034108
v 0.162904 3.215294 0.028217
v 0.165877 3.205256 0.022255
v 0.170132 3.198716 0.016868
v 0.175209 3.196384 0.012641
v 0.180558 3.198514 0.010031
v 0.185599 3.204873 0.009321
v 0.189786 3.214773 0.010588
v 0.192665 3.227140 0.013695
v 0.163673 3.246469 0.005350
v 0.163311 3.259603 0.011022
v 0.161503 3.270928 0.017198
v 0.158445 3.279215 0.023211
v 0.154468 3.283566 0.028407
v 0.150003 3.283511 0.032224
v 0.145534 3.279054 0.034249
v 0.141545 3.270679 0.034261
v 0.138469 3.259294 0.032260
v 0.136639 3.246132 0.028463
v 0.136253 3.232620 0.023280
v 0.137352 3.220221 0.017275
v 0.139819 3.210280 0.011096
v 0.143386 3.203873 0.005414
v 0.147665 3.201695 0.000845
v 0.152194 3.203983 -0.002116
v 0.156481 3.210487 -0.003149
v 0.160062 3.220504 -0.002141
v 0.162549 3.232947 0.000798
v 0.130333 3.251497 -0.005275
v 0.130120 3.264609 0.000444
v 0.128744 3.275868 0.006758
v 0.126353 3.284054 0.012983
v 0.123206 3.288281 0.018444
v 0.119645 3.288089 0.022549
v 0.116056 3.283500 0.024854
v 0.112826 3.275011 0.025108
v 0.110307 3.263541 0.023285
v 0.108772 3.250335 0.019581
v 0.108386 3.236822 0.014399
v 0.109191 3.224468 0.008299
v 0.111101 3.214611 0.001943
v 0.113908 3.208319 -0.003981
v 0.117308 3.206274 -0.008830
v 0.120933 3.208697 -0.012079
v 0.124389 3.215327 -0.013377
v 0.127303 3.225444 -0.012582
v 0.129359 3.237952 -0.009780
v 0.094524 3.255626 -0.013375
v 0.094472 3.268720 -0.007619
v 0.093559 3.279926 -0.001200
v 0.091885 3.288029 0.005187
v 0.089631 3.292153 0.010849
v 0.087040 3.291849 0.015174
v 0.084395 3.287150 0.017693
v 0.081981 3.278567 0.018132
v 0.080061 3.267029 0.016444
v 0.078841 3.253786 0.012812
v 0.078455 3.240274 0.007629
v 0.078944 3.227956 0.001458
v 0.080256 3.218168 -0.005034
v 0.082247 3.211970 -0.011142
v 0.084703 3.210034 -0.016205
v 0.087357 3.212569 -0.019674
v 0.089921 3.219302 -0.021173
v 0.092119 3.229502 -0.020540
v 0.093710 3.242063 -0.017843
v 0.056914 3.258780 -0.018797
v 0.057030 3.271860 -0.013017
v 0.056604 3.283025 -0.006528
v 0.055683 3.291065 -0.000032
v 0.054366 3.295110 0.005766
v 0.052795 3.294720 0.010238
v 0.051142 3.289939 0.012899
v 0.049585 3.281284 0.013462
v 0.048293 3.269693 0.011864
v 0.047405 3.256423 0.008280
v 0.047019 3.242910 0.003097
v 0.047176 3.230620 -0.003122
v 0.047859 3.220885 -0.009704
v 0.048994 3.214759 -0.015936
v 0.050458 3.212906 -0.021141
v 0.052092 3.215526 -0.024757
v 0.053719 3.222337 -0.026392
v 0.055164 3.232601 -0.025867
v 0.056269 3.245203 -0.023241
v 0.018203 3.260900 -0.021440
v 0.018492 3.273970 -0.015648
v 0.018568 3.285108 -0.009125
v 0.018421 3.293106 -0.002577
v 0.018069 3.297098 0.003287
v 0.017548 3.296651 0.007831
v 0.016915 3.291814 0.010562
v 0.016240 3.283110 0.011185
v 0.015594 3.271484 0.009631
v 0.015049 3.258194 0.006071
v 0.014663 3.244682 0.000888
v 0.014478 3.232411 -0.005355
v 0.014514 3.222711 -0.011981
v 0.014767 3.216633 -0.018273
v 0.015210 3.214836 -0.023548
v 0.015795 3.217514 -0.027236
v 0.016458 3.224378 -0.028936
v 0.017127 3.234684 -0.028464
v 0.017731 3.247313 -0.025872
v -0.020888 3.261946 -0.021256
v -0.020423 3.275012 -0.015465
v -0.019842 3.286135 -0.008944
v -0.019206 3.294113 -0.002399
v -0.018585 3.298079 0.003460
v -0.018046 3.297604 0.007999
v -0.017647 3.292739 0.010725
v -0.017432 3.284011 0.011343
v -0.017424 3.272367 0.009787
v -0.017624 3.259069 0.006225
v -0.018010 3.245557 0.001042
v -0.018541 3.233294 -0.005199
v -0.019158 3.223612 -0.011822
v -0.019795 3.217558 -0.018110
v -0.020383 3.215788 -0.023381
v -0.020858 3.218495 -0.027063
v -0.021169 3.225385 -0.028759
v -0.021282 3.235712 -0.028283
v -0.021185 3.248355 -0.025689
v -0.059630 3.261899 -0.018247
v -0.058992 3.274965 -0.012470
v -0.057909 3.286089 -0.005988
v -0.056498 3.294067 0.000497
v -0.054911 3.298034 0.006281
v -0.053322 3.297560 0.010738
v -0.051902 3.292697 0.013385
v -0.050804 3.283971 0.013935
v -0.050149 3.272328 0.012328
v -0.050007 3.259030 0.008739
v -0.050393 3.245517 0.003557
v -0.051265 3.233255 -0.002658
v -0.052530 3.223571 -0.009231
v -0.054049 3.217516 -0.015450
v -0.055659 3.215745 -0.020641
v -0.057185 3.218451 -0.024242
v -0.058461 3.225339 -0.025863
v -0.059350 3.235665 -0.025327
v -0.059754 3.248308 -0.022694
v -0.097303 3.260760 -0.012470
v -0.096496 3.273830 -0.006719
v -0.094925 3.284970 -0.000312
v -0.092759 3.292971 0.006057
v -0.090234 3.296967 0.011697
v -0.087624 3.296523 0.015998
v -0.085210 3.291690 0.018492
v -0.083254 3.282990 0.018911
v -0.081970 3.271366 0.017208
v -0.081495 3.258077 0.013568
v -0.081881 3.244565 0.008385
v -0.083086 3.232292 0.002222
v -0.084980 3.222590 -0.004255
v -0.087358 3.216509 -0.010342
v -0.089961 3.214708 -0.015381
v -0.092508 3.217383 -0.018826
v -0.094723 3.224243 -0.020302
v -0.096365 3.234546 -0.019651
v -0.097257 3.247174 -0.016943
v -0.133203 3.258549 -0.004033
v -0.132235 3.271630 0.001681
v -0.130199 3.282798 0.007979
v -0.127315 3.290843 0.014179
v -0.123896 3.294894 0.019609
v -0.120312 3.294510 0.023680
v -0.116951 3.289735 0.025952
v -0.114178 3.281085 0.026179
v -0.112294 3.269499 0.024335
v -0.111502 3.256229 0.020620
v -0.111888 3.242717 0.015438
v -0.113410 3.230425 0.009349
v -0.115904 3.220686 0.003013
v -0.119099 3.214555 -0.002882
v -0.122649 3.212695 -0.007699
v -0.126170 3.215311 -0.010914
v -0.129279 3.222116 -0.012181
v -0.131640 3.232374 -0.011361
v -0.132997 3.244974 -0.008543
v -0.166663 3.255309 0.006908
v -0.165545 3.268404 0.012572
v -0.163076 3.279614 0.018729
v -0.159522 3.287724 0.024710
v -0.155269 3.291856 0.029867
v -0.150778 3.291560 0.033642
v -0.146535 3.286871 0.035626
v -0.143000 3.278295 0.035603
v -0.140556 3.266761 0.033576
v -0.139468 3.253521 0.029765
v -0.139854 3.240009 0.024582
v -0.141673 3.227688 0.018590
v -0.144726 3.217895 0.012437
v -0.148683 3.211689 0.006791
v -0.153116 3.209745 0.002263
v -0.157543 3.212272 -0.000656
v -0.161486 3.218997 -0.001650
v -0.164517 3.229190 -0.000611
v -0.166307 3.241748 0.002349
v -0.197058 3.251100 0.020148
v -0.195805 3.264214 0.025754
v -0.192942 3.275478 0.031738
v -0.188780 3.283672 0.037454
v -0.183770 3.287908 0.042282
v -0.178454 3.287727 0.045698
v -0.173410 3.283149 0.047332
v -0.169182 3.274668 0.047008
v -0.166231 3.263206 0.044760
v -0.164874 3.250003 0.040832
v -0.165260 3.236490 0.035649
v -0.167347 3.224133 0.029774
v -0.170908 3.214269 0.023842
v -0.175558 3.207968 0.018498
v -0.180792 3.205912 0.014319
v -0.186044 3.208325 0.011759
v -0.190744 3.214945 0.011095
v -0.194383 3.225054 0.012399
v -0.196567 3.237557 0.015530
v -0.223824 3.245998 0.035442
v -0.222451 3.259136 0.040979
v -0.219241 3.270466 0.046765
v -0.214544 3.278762 0.052175
v -0.208867 3.283125 0.056622
v -0.202825 3.283083 0.059623
v -0.197075 3.278638 0.060854
v -0.192238 3.270275 0.060181
v -0.188839 3.258897 0.057678
v -0.187246 3.245739 0.053614
v -0.187632 3.232227 0.048432
v -0.189955 3.219824 0.042692
v -0.193964 3.209875 0.037016
v -0.199223 3.203458 0.032020
v -0.205163 3.201267 0.028244
v -0.211140 3.203542 0.026099
v -0.216507 3.210035 0.025816
v -0.220682 3.220042 0.027426
v -0.223212 3.232479 0.030755
v -0.246461 3.240102 0.052503
v -0.244986 3.253265 0.057964
v -0.241484 3.264672 0.063530
v -0.236333 3.273086 0.068598
v -0.230092 3.277596 0.072619
v -0.223437 3.277713 0.075158
v -0.217089 3.273425 0.075939
v -0.211737 3.265195 0.074878
v -0.207960 3.253916 0.072089
v -0.206167 3.240811 0.067875
v -0.206553 3.227298 0.062693
v -0.209076 3.214843 0.057103
v -0.213463 3.204796 0.051712
v -0.219237 3.198244 0.047105
v -0.225774 3.195898 0.043779
v -0.232366 3.198013 0.042096
v -0.238297 3.204359 0.042238
v -0.242925 3.214248 0.044190
v -0.245748 3.226608 0.047740
v -0.264548 3.233519 0.071015
v -0.262992 3.246711 0.076393
v -0.259255 3.258204 0.081719
v -0.253742 3.266750 0.086417
v -0.247051 3.271424 0.089977
v -0.239905 3.271719 0.092014
v -0.233081 3.267604 0.092307
v -0.227316 3.259524 0.090824
v -0.223237 3.248356 0.087725
v -0.221284 3.235308 0.083348
v -0.221670 3.221796 0.078165
v -0.224353 3.209283 0.072740
v -0.229042 3.199124 0.067658
v -0.235229 3.192423 0.063472
v -0.242243 3.189904 0.060635
v -0.249324 3.191840 0.059454
v -0.255706 3.198022 0.060057
v -0.260696 3.207779 0.062379
v -0.263754 3.220055 0.066169
v -0.277747 3.226372 0.090632
v -0.276132 3.239596 0.095922
v -0.272224 3.251181 0.100994
v -0.266447 3.259870 0.105299
v -0.259427 3.264723 0.108371
v -0.251924 3.265212 0.109876
v -0.244751 3.261285 0.109651
v -0.238686 3.253368 0.107722
v -0.234386 3.242319 0.104296
v -0.232317 3.229334 0.099745
v -0.232703 3.215822 0.094562
v -0.235502 3.203246 0.089310
v -0.240411 3.192968 0.084556
v -0.246899 3.186104 0.080817
v -0.254261 3.183397 0.078497
v -0.261700 3.185139 0.077848
v -0.268411 3.191143 0.078940
v -0.273665 3.200757 0.081655
v -0.276894 3.212940 0.085698
v -0.285813 3.218795 0.110989
v -0.284162 3.232053 0.116188
v -0.280150 3.243736 0.120997
v -0.274211 3.252577 0.124894
v -0.266990 3.257618 0.127459
v -0.259268 3.258312 0.128412
v -0.251882 3.254586 0.127650
v -0.245634 3.246841 0.125257
v -0.241199 3.235919 0.121491
v -0.239059 3.223001 0.116760
v -0.239445 3.209488 0.111578
v -0.242315 3.196845 0.106505
v -0.247359 3.186441 0.102092
v -0.254030 3.179405 0.098816
v -0.261605 3.176497 0.097033
v -0.269263 3.178034 0.096936
v -0.276175 3.183849 0.098535
v -0.281590 3.193312 0.101657
v -0.284923 3.205397 0.105964
v -0.288595 3.210928 0.131707
v -0.286932 3.224222 0.136813
v -0.282884 3.236006 0.141354
v -0.276889 3.245005 0.144837
v -0.269599 3.250242 0.146885
v -0.261801 3.251150 0.147276
v -0.254343 3.247630 0.145968
v -0.248030 3.240065 0.143103
v -0.243549 3.229274 0.138991
v -0.241384 3.216426 0.134077
v -0.241770 3.202914 0.128895
v -0.244666 3.190201 0.124005
v -0.249756 3.179666 0.119938
v -0.256491 3.172449 0.117134
v -0.264139 3.169334 0.115897
v -0.271872 3.170659 0.116362
v -0.278853 3.176278 0.118477
v -0.284324 3.185582 0.122014
v -0.287693 3.197566 0.126590
v -0.286042 3.202919 0.152400
v -0.284390 3.216248 0.157413
v -0.280375 3.228137 0.161686
v -0.274432 3.237295 0.164755
v -0.267205 3.242732 0.166287
v -0.259477 3.243857 0.166118
v -0.252085 3.240549 0.164264
v -0.245831 3.233166 0.160927
v -0.241393 3.222508 0.156469
v -0.239250 3.209731 0.151373
v -0.239637 3.196219 0.146190
v -0.242509 3.183436 0.141483
v -0.247557 3.172766 0.137762
v -0.254233 3.165368 0.135430
v -0.261814 3.162042 0.134739
v -0.269479 3.163148 0.135764
v -0.276396 3.168568 0.138395
v -0.281816 3.177713 0.142346
v -0.285152 3.189592 0.147190
v -0.278202 3.194916 0.172682
v -0.276585 3.208281 0.177605
v -0.272671 3.220273 0.181615
v -0.266885 3.229592 0.184277
v -0.259853 3.235228 0.185305
v -0.252338 3.236570 0.184585
v -0.245153 3.233473 0.182197
v -0.239078 3.226273 0.178398
v -0.234770 3.215749 0.173601
v -0.232697 3.203043 0.168326
v -0.233083 3.189529 0.163143
v -0.235886 3.176676 0.158615
v -0.240803 3.165873 0.155233
v -0.247301 3.158292 0.153362
v -0.254675 3.154755 0.153206
v -0.262127 3.155644 0.154782
v -0.268849 3.160864 0.157918
v -0.274112 3.169849 0.162275
v -0.277347 3.181625 0.167381
v -0.265219 3.187068 0.192176
v -0.263661 3.200469 0.197011
v -0.259915 3.212562 0.200769
v -0.254389 3.222038 0.203041
v -0.247681 3.227870 0.203583
v -0.240517 3.229425 0.202335
v -0.233675 3.226535 0.199432
v -0.227895 3.219513 0.195190
v -0.223804 3.209120 0.190067
v -0.221846 3.196483 0.184619
v -0.222232 3.182970 0.179437
v -0.224921 3.170047 0.175081
v -0.229621 3.159113 0.172024
v -0.235823 3.151354 0.170598
v -0.242855 3.147609 0.170956
v -0.249954 3.148286 0.173060
v -0.256353 3.153311 0.176682
v -0.261356 3.162138 0.181429
v -0.264422 3.173812 0.186788
v -0.247337 3.179523 0.210519
v -0.245859 3.192957 0.215271
v -0.242345 3.205148 0.218791
v -0.237176 3.214775 0.220697
v -0.230914 3.220795 0.220781
v -0.224235 3.222554 0.219036
v -0.217864 3.219863 0.215650
v -0.212492 3.213013 0.210989
v -0.208700 3.202746 0.205560
v -0.206899 3.190176 0.199950
v -0.207285 3.176663 0.194768
v -0.209816 3.163673 0.190574
v -0.214217 3.152613 0.187824
v -0.220012 3.144682 0.186815
v -0.226572 3.140739 0.187657
v -0.233187 3.141211 0.190258
v -0.239140 3.146047 0.194337
v -0.243786 3.154724 0.199452
v -0.246620 3.166300 0.205048
v -0.224889 3.172419 0.227367
v -0.223510 3.185885 0.232045
v -0.220287 3.198168 0.235347
v -0.215568 3.207937 0.236915
v -0.209865 3.214134 0.236580
v -0.203794 3.216086 0.234378
v -0.198016 3.213583 0.230547
v -0.193155 3.206894 0.225503
v -0.189738 3.196746 0.219792
v -0.188136 3.184238 0.214033
v -0.188522 3.170726 0.208851
v -0.190854 3.157673 0.204806
v -0.194880 3.146494 0.202337
v -0.200164 3.138402 0.201712
v -0.206132 3.134271 0.202999
v -0.212138 3.134550 0.206057
v -0.217532 3.139210 0.210555
v -0.221728 3.147744 0.216007
v -0.224272 3.159228 0.221821
v -0.198291 3.165890 0.242409
v -0.197032 3.179386 0.247019
v -0.194153 3.191753 0.250126
v -0.189967 3.201653 0.251394
v -0.184926 3.208012 0.250684
v -0.179577 3.210141 0.248073
v -0.174500 3.207810 0.243846
v -0.170244 3.201271 0.238459
v -0.167272 3.191231 0.232497
v -0.165905 3.178781 0.226606
v -0.166291 3.165269 0.221423
v -0.168388 3.152158 0.217511
v -0.171970 3.140871 0.215294
v -0.176647 3.132629 0.215012
v -0.181914 3.128326 0.216695
v -0.187199 3.128428 0.220161
v -0.191930 3.132926 0.225034
v -0.195594 3.141329 0.230787
v -0.197794 3.152729 0.236796
v -0.168040 3.160057 0.255364
v -0.166917 3.173579 0.259916
v -0.164430 3.186022 0.262855
v -0.160849 3.196038 0.263863
v -0.156561 3.202543 0.262830
v -0.152033 3.204830 0.259869
v -0.147753 3.202652 0.255300
v -0.144187 3.196246 0.249618
v -0.141720 3.186304 0.243440
v -0.140620 3.173906 0.237434
v -0.141006 3.160393 0.232251
v -0.142836 3.147232 0.228454
v -0.145912 3.135846 0.226453
v -0.149901 3.127472 0.226465
v -0.154370 3.123015 0.228490
v -0.158835 3.122960 0.232307
v -0.162812 3.127311 0.237504
v -0.165870 3.135598 0.243516
v -0.167679 3.146922 0.249692
v -0.134700 3.155029 0.265990
v -0.133726 3.168573 0.270494
v -0.131671 3.181082 0.273296
v -0.128757 3.191199 0.274091
v -0.125300 3.197829 0.272794
v -0.121675 3.200252 0.269544
v -0.118275 3.198207 0.264695
v -0.115468 3.191915 0.258771
v -0.113559 3.182058 0.252415
v -0.112753 3.169703 0.246315
v -0.113139 3.156191 0.241133
v -0.114675 3.142985 0.237429
v -0.117194 3.131515 0.235606
v -0.120423 3.123026 0.235860
v -0.124013 3.118437 0.238165
v -0.127574 3.118245 0.242271
v -0.130720 3.122471 0.247732
v -0.133111 3.130658 0.253956
v -0.134488 3.141917 0.260271
v -0.098892 3.150900 0.274089
v -0.098078 3.164463 0.278557
v -0.096486 3.177024 0.281254
v -0.094289 3.187224 0.281887
v -0.091724 3.193957 0.280388
v -0.089070 3.196492 0.276919
v -0.086615 3.194556 0.271856
v -0.084623 3.188358 0.265748
v -0.083312 3.178569 0.259256
v -0.082823 3.166252 0.253085
v -0.083209 3.152739 0.247903
v -0.084428 3.139497 0.244270
v -0.086349 3.127958 0.242582
v -0.088763 3.119375 0.243021
v -0.091408 3.114677 0.245540
v -0.093998 3.114373 0.249865
v -0.096252 3.118496 0.255528
v -0.097927 3.126600 0.261915
v -0.098839 3.137806 0.268333
v -0.061281 3.147746 0.279511
v -0.060636 3.161322 0.283955
v -0.059531 3.173925 0.286581
v -0.058087 3.184188 0.287106
v -0.056459 3.191000 0.285472
v -0.054825 3.193620 0.281856
v -0.053361 3.191767 0.276650
v -0.052227 3.185641 0.270418
v -0.051544 3.175906 0.263836
v -0.051387 3.163616 0.257617
v -0.051773 3.150103 0.252434
v -0.052660 3.136833 0.248850
v -0.053952 3.125242 0.247253
v -0.055509 3.116587 0.247815
v -0.057163 3.111805 0.250477
v -0.058733 3.111416 0.254949
v -0.060050 3.115461 0.260746
v -0.060972 3.123501 0.267242
v -0.061398 3.134666 0.273731
v -0.022570 3.145626 0.282154
v -0.022098 3.159212 0.286586
v -0.021495 3.171842 0.289179
v -0.020825 3.182148 0.289650
v -0.020162 3.189012 0.287950
v -0.019578 3.191690 0.284262
v -0.019135 3.189893 0.278987
v -0.018882 3.183815 0.272695
v -0.018846 3.174115 0.266069
v -0.019031 3.161844 0.259826
v -0.019417 3.148331 0.254644
v -0.019962 3.135041 0.251083
v -0.020607 3.123415 0.249530
v -0.021283 3.114712 0.250152
v -0.021915 3.109875 0.252884
v -0.022436 3.109428 0.257427
v -0.022789 3.113420 0.263291
v -0.022935 3.121418 0.269839
v -0.022860 3.132556 0.276363
v 0.016520 3.144580 0.281970
v 0.016817 3.158170 0.286403
v 0.016915 3.170815 0.288998
v 0.016802 3.181141 0.289473
v 0.016491 3.188030 0.287777
v 0.016016 3.190738 0.284095
v 0.015428 3.188968 0.278824
v 0.014791 3.182914 0.272536
v 0.014173 3.173232 0.265913
v 0.013643 3.160969 0.259672
v 0.013257 3.147457 0.254490
v 0.013057 3.134158 0.250927
v 0.013065 3.122515 0.249371
v 0.013280 3.113787 0.249989
v 0.013678 3.108922 0.252716
v 0.014217 3.108448 0.257254
v 0.014838 3.112413 0.263113
v 0.015474 3.120390 0.269658
v 0.016056 3.131514 0.276179
v 0.055263 3.144627 0.278961
v 0.055386 3.158217 0.283408
v 0.054982 3.170861 0.286041
v 0.054094 3.181186 0.286577
v 0.052817 3.188074 0.284956
v 0.051292 3.190781 0.281355
v 0.049682 3.189010 0.276164
v 0.048162 3.182955 0.269945
v 0.046898 3.173271 0.263372
v 0.046025 3.161009 0.257157
v 0.045639 3.147496 0.251975
v 0.045782 3.134198 0.248386
v 0.046437 3.122555 0.246779
v 0.047534 3.113829 0.247329
v 0.048954 3.108965 0.249976
v 0.050544 3.108491 0.254433
v 0.052130 3.112458 0.260218
v 0.053541 3.120436 0.266702
v 0.054625 3.131561 0.273184
v 0.092935 3.145766 0.273185
v 0.092890 3.159352 0.277657
v 0.091998 3.171980 0.280365
v 0.090355 3.182282 0.281017
v 0.088141 3.189143 0.279540
v 0.085594 3.191818 0.276095
v 0.082990 3.190017 0.271056
v 0.080613 3.183936 0.264969
v 0.078719 3.174233 0.258492
v 0.077513 3.161961 0.252329
v 0.077127 3.148448 0.247147
v 0.077602 3.135160 0.243506
v 0.078887 3.123536 0.241803
v 0.080842 3.114836 0.242222
v 0.083256 3.110003 0.244716
v 0.085867 3.109560 0.249017
v 0.088392 3.113555 0.254657
v 0.090557 3.121556 0.261026
v 0.092128 3.132695 0.267433
v 0.128835 3.147976 0.264747
v 0.128630 3.161552 0.269257
v 0.127273 3.174152 0.272075
v 0.124912 3.184410 0.272895
v 0.121802 3.191215 0.271629
v 0.118282 3.193830 0.268413
v 0.114732 3.191971 0.263596
v 0.111537 3.185840 0.257701
v 0.109043 3.176100 0.251366
v 0.107520 3.163809 0.245277
v 0.107134 3.150296 0.240094
v 0.107926 3.137027 0.236380
v 0.109811 3.125440 0.234536
v 0.112584 3.116790 0.234762
v 0.115944 3.112015 0.237034
v 0.119529 3.111632 0.241106
v 0.122948 3.115683 0.246536
v 0.125832 3.123728 0.252736
v 0.127868 3.134896 0.259034
v 0.162295 3.151217 0.253806
v 0.161939 3.164778 0.258365
v 0.160149 3.177336 0.261325
v 0.157118 3.187529 0.262364
v 0.153176 3.194253 0.261370
v 0.148748 3.196780 0.258451
v 0.144316 3.194837 0.253923
v 0.140358 3.188631 0.248277
v 0.137305 3.178837 0.242124
v 0.135487 3.166517 0.236132
v 0.135101 3.153004 0.230949
v 0.136189 3.139764 0.227138
v 0.138633 3.128231 0.225111
v 0.142168 3.119655 0.225088
v 0.146411 3.114966 0.227072
v 0.150902 3.114670 0.230847
v 0.155155 3.118802 0.236004
v 0.158709 3.126912 0.241985
v 0.161178 3.138121 0.248142
v 0.192691 3.155427 0.240566
v 0.192199 3.168968 0.245184
v 0.190015 3.181472 0.248315
v 0.186376 3.191581 0.249619
v 0.181676 3.198201 0.248955
v 0.176424 3.200614 0.246395
v 0.171190 3.198558 0.242216
v 0.166541 3.192257 0.236872
v 0.162980 3.182393 0.230940
v 0.160893 3.170035 0.225065
v 0.160507 3.156523 0.219883
v 0.161863 3.143320 0.215954
v 0.164815 3.131857 0.213706
v 0.169042 3.123377 0.213382
v 0.174087 3.118798 0.215016
v 0.179402 3.118618 0.218432
v 0.184413 3.122854 0.223260
v 0.188575 3.131048 0.228976
v 0.191438 3.142312 0.234961
v 0.219457 3.160527 0.225273
v 0.218845 3.174047 0.229959
v 0.216315 3.186484 0.233288
v 0.212140 3.196491 0.234898
v 0.206773 3.202983 0.234615
v 0.200795 3.205258 0.232470
v 0.194855 3.203068 0.228694
v 0.189596 3.196651 0.223698
v 0.185588 3.186701 0.218022
v 0.183265 3.174299 0.212282
v 0.182879 3.160786 0.207100
v 0.184471 3.147629 0.203036
v 0.187870 3.136251 0.200533
v 0.192707 3.127887 0.199860
v 0.198458 3.123443 0.201091
v 0.204499 3.123400 0.204092
v 0.210176 3.127763 0.208539
v 0.214874 3.136060 0.213949
v 0.218083 3.147390 0.219736
v 0.242094 3.166424 0.208211
v 0.241380 3.179917 0.212974
v 0.238557 3.192278 0.216524
v 0.233929 3.202167 0.218476
v 0.227998 3.208513 0.218618
v 0.221407 3.210628 0.216935
v 0.214870 3.208282 0.213609
v 0.209095 3.201730 0.209002
v 0.204709 3.191683 0.203611
v 0.202186 3.179228 0.198022
v 0.201799 3.165715 0.192839
v 0.203592 3.152609 0.188625
v 0.207369 3.141331 0.185836
v 0.212722 3.133101 0.184775
v 0.219069 3.128812 0.185556
v 0.225724 3.128930 0.188095
v 0.231965 3.133440 0.192116
v 0.237116 3.141854 0.197185
v 0.240619 3.153261 0.202750
v 0.260180 3.173007 0.189699
v 0.259386 3.186471 0.194545
v 0.256328 3.198747 0.198335
v 0.251338 3.208504 0.200657
v 0.244957 3.214685 0.201260
v 0.237875 3.216622 0.200079
v 0.230861 3.214103 0.197242
v 0.224674 3.207401 0.193056
v 0.219986 3.197243 0.187975
v 0.217303 3.184730 0.182549
v 0.216917 3.171218 0.177366
v 0.218869 3.158170 0.172989
v 0.222949 3.147001 0.169891
v 0.228713 3.138922 0.168408
v 0.235538 3.134806 0.168700
v 0.242683 3.135102 0.170737
v 0.249375 3.139777 0.174298
v 0.254888 3.148322 0.178995
v 0.258624 3.159814 0.184322
v 0.273379 3.180154 0.170082
v 0.272526 3.193585 0.175016
v 0.269297 3.205769 0.179059
v 0.264043 3.215383 0.181774
v 0.257333 3.221387 0.182866
v 0.249894 3.223129 0.182217
v 0.242531 3.220421 0.179897
v 0.236044 3.213557 0.176158
v 0.231135 3.203280 0.171405
v 0.228335 3.190704 0.166152
v 0.227949 3.177191 0.160969
v 0.230018 3.164207 0.156419
v 0.234318 3.153158 0.152993
v 0.240383 3.145240 0.151063
v 0.247556 3.141314 0.150838
v 0.255059 3.141803 0.152343
v 0.262080 3.146656 0.155415
v 0.267857 3.155344 0.159720
v 0.271764 3.166929 0.164792
v 0.281445 3.187731 0.149725
v 0.280556 3.201129 0.154750
v 0.277223 3.213214 0.159057
v 0.271807 3.222677 0.162179
v 0.264896 3.228491 0.163779
v 0.257238 3.230029 0.163681
v 0.249663 3.227121 0.161898
v 0.242992 3.220084 0.158623
v 0.237948 3.209681 0.154209
v 0.235077 3.197037 0.149137
v 0.234691 3.183525 0.143954
v 0.236831 3.170607 0.139223
v 0.241266 3.159684 0.135457
v 0.247515 3.151940 0.133064
v 0.254900 3.148213 0.132302
v 0.262622 3.148908 0.133256
v 0.269844 3.153949 0.135820
v 0.275782 3.162790 0.139718
v 0.279794 3.174473 0.144526
vn 0.9996 -0.0268 -0.0047
vn 0.9874 0.1456 0.0613
vn 0.9301 0.3412 0.1360
vn 0.7820 0.5805 0.2269
vn 0.4465 0.8346 0.3225
vn -0.0945 0.9297 0.3559
vn -0.5815 0.7607 0.2884
vn -0.8389 0.5098 0.1908
vn -0.9496 0.2944 0.1076
vn -0.9930 0.1124 0.0376
vn -0.9979 -0.0591 -0.0282
vn -0.9650 -0.2432 -0.0986
vn -0.8667 -0.4641 -0.1827
vn -0.6240 -0.7285 -0.2827
vn -0.1475 -0.9232 -0.3548
vn 0.3982 -0.8573 -0.3264
vn 0.7477 -0.6214 -0.2341
vn 0.9092 -0.3904 -0.1446
vn 0.9776 -0.1982 -0.0706
vn 0.9736 0.0570 -0.2212
vn 0.9623 0.2251 -0.1528
vn 0.9083 0.4132 -0.0660
vn 0.7668 0.6394 0.0569
vn 0.4398 0.8691 0.2262
vn -0.0942 0.9203 0.3798
vn -0.5726 0.7045 0.4193
vn -0.8206 0.4306 0.3758
vn -0.9257 0.2087 0.3154
vn -0.9667 0.0266 0.2544
vn -0.9715 -0.1417 0.1899
vn -0.9408 -0.3196 0.1128
vn -0.8480 -0.5299 0.0074
vn -0.6148 -0.7747 -0.1481
vn -0.1472 -0.9322 -0.3307
vn 0.3916 -0.8182 -0.4210
vn 0.7328 -0.5508 -0.3996
vn 0.8877 -0.3078 -0.3425
vn 0.9526 -0.1129 -0.2824
vn 0.9011 0.1326 -0.4129
vn 0.8921 0.2918 -0.3449
vn 0.8466 0.4693 -0.2510
vn 0.7226 0.6835 -0.1031
vn 0.4200 0.8975 0.1342
vn -0.0926 0.9101 0.4040
vn -0.5455 0.6417 0.5391
vn -0.7682 0.3456 0.5389
vn -0.8589 0.1228 0.4971
vn -0.8940 -0.0533 0.4449
vn -0.8986 -0.2132 0.3836
vn -0.8733 -0.3806 0.3040
vn -0.7946 -0.5784 0.1845
vn -0.5870 -0.8094 -0.0175
vn -0.1454 -0.9409 -0.3059
vn 0.3722 -0.7768 -0.5080
vn 0.6896 -0.4745 -0.5472
vn 0.8269 -0.2228 -0.5164
vn 0.8829 -0.0306 -0.4685
vn 0.8007 0.1945 -0.5667
vn 0.7945 0.3426 -0.5014
vn 0.7594 0.5084 -0.4060
vn 0.6582 0.7125 -0.2430
vn 0.3902 0.9193 0.0510
vn -0.0887 0.8994 0.4281
vn -0.5035 0.5772 0.6429
vn -0.6924 0.2640 0.6714
vn -0.7656 0.0458 0.6416
vn -0.7937 -0.1207 0.5963
vn -0.7979 -0.2693 0.5392
vn -0.7791 -0.4246 0.4612
vn -0.7174 -0.6102 0.3361
vn -0.5438 -0.8330 0.1021
vn -0.1416 -0.9492 -0.2809
vn 0.3429 -0.7359 -0.5839
vn 0.6264 -0.3993 -0.6694
vn 0.7408 -0.1439 -0.6562
vn 0.7859 0.0412 -0.6170
vn 0.6900 0.2419 -0.6822
vn 0.6862 0.3789 -0.6210
vn 0.6609 0.5334 -0.5280
vn 0.5825 0.7292 -0.3591
vn 0.3536 0.9352 -0.0215
vn -0.0822 0.8886 0.4512
vn -0.4508 0.5156 0.7287
vn -0.6050 0.1918 0.7727
vn -0.6618 -0.0183 0.7495
vn -0.6834 -0.1737 0.7090
vn -0.6874 -0.3109 0.6564
vn -0.6742 -0.4543 0.5822
vn -0.6285 -0.6286 0.4581
vn -0.4897 -0.8472 0.2060
vn -0.1349 -0.9571 -0.2566
vn 0.3069 -0.6974 -0.6476
vn 0.5522 -0.3303 -0.7655
vn 0.6434 -0.0760 -0.7617
vn 0.6782 0.0996 -0.7281
vn 0.5801 0.2772 -0.7659
vn 0.5782 0.4039 -0.7089
vn 0.5607 0.5483 -0.6204
vn 0.5024 0.7371 -0.4520
vn 0.3129 0.9462 -0.0827
vn -0.0730 0.8783 0.4725
vn -0.3917 0.4600 0.7969
vn -0.5145 0.1314 0.8474
vn -0.5577 -0.0691 0.8271
vn -0.5743 -0.2139 0.7902
vn -0.5779 -0.3407 0.7416
vn -0.5693 -0.4736 0.6720
vn -0.5365 -0.6381 0.5522
vn -0.4292 -0.8544 0.2928
vn -0.1256 -0.9641 -0.2341
vn 0.2669 -0.6626 -0.6998
vn 0.4736 -0.2701 -0.8383
vn 0.5445 -0.0204 -0.8385
vn 0.5708 0.1451 -0.8082
vn 0.4761 0.3030 -0.8255
vn 0.4756 0.4211 -0.7723
vn 0.4641 0.5570 -0.6888
vn 0.4220 0.7397 -0.5242
vn 0.2700 0.9536 -0.1332
vn -0.0614 0.8689 0.4911
vn -0.3295 0.4121 0.8495
vn -0.4256 0.0826 0.9011
vn -0.4584 -0.1085 0.8821
vn -0.4711 -0.2439 0.8477
vn -0.4745 -0.3619 0.8024
vn -0.4691 -0.4861 0.7373
vn -0.4463 -0.6423 0.6231
vn -0.3657 -0.8571 0.3627
vn -0.1139 -0.9701 -0.2142
vn 0.2247 -0.6322 -0.7415
vn 0.3946 -0.2198 -0.8922
vn 0.4488 0.0237 -0.8933
vn 0.4687 0.1798 -0.8649
vn 0.3793 0.3219 -0.8675
vn 0.3798 0.4330 -0.8175
vn 0.3726 0.5619 -0.7386
vn 0.3434 0.7394 -0.5791
vn 0.2259 0.9585 -0.1738
vn -0.0480 0.8607 0.5068
vn -0.2663 0.3725 0.8890
vn -0.3404 0.0445 0.9392
vn -0.3652 -0.1384 0.9206
vn -0.3751 -0.2661 0.8880
vn -0.3783 -0.3771 0.8454
vn -0.3753 -0.4943 0.7841
vn -0.3601 -0.6437 0.6753
vn -0.3015 -0.8573 0.4174
vn -0.1004 -0.9752 -0.1974
vn 0.1812 -0.6066 -0.7741
vn 0.3172 -0.1790 -0.9313
vn 0.3582 0.0579 -0.9318
vn 0.3733 0.2059 -0.9046
vn 0.2891 0.3356 -0.8966
vn 0.2903 0.4414 -0.8491
vn 0.2864 0.5648 -0.7739
vn 0.2673 0.7380 -0.6195
vn 0.1813 0.9618 -0.2052
vn -0.0332 0.8540 0.5193
vn -0.2034 0.3411 0.9178
vn -0.2592 0.0155 0.9657
vn -0.2778 -0.1606 0.9471
vn -0.2856 -0.2825 0.9158
vn -0.2886 -0.3881 0.8753
vn -0.2875 -0.4998 0.8170
vn -0.2780 -0.6439 0.7128
vn -0.2376 -0.8564 0.4585
vn -0.0855 -0.9792 -0.1838
vn 0.1371 -0.5859 -0.7987
vn 0.2421 -0.1472 -0.9590
vn 0.2726 0.0837 -0.9585
vn 0.2841 0.2253 -0.9320
vn 0.2042 0.3455 -0.9160
vn 0.2059 0.4474 -0.8703
vn 0.2045 0.5668 -0.7981
vn 0.1937 0.7367 -0.6479
vn 0.1366 0.9640 -0.2280
vn -0.0173 0.8487 0.5286
vn -0.1411 0.3177 0.9376
vn -0.1814 -0.0056 0.9834
vn -0.1952 -0.1767 0.9647
vn -0.2014 -0.2942 0.9343
vn -0.2043 -0.3959 0.8953
vn -0.2045 -0.5038 0.8393
vn -0.1997 -0.6439 0.7386
vn -0.1746 -0.8554 0.4877
vn -0.0696 -0.9823 -0.1736
vn 0.0927 -0.5700 -0.8164
vn 0.1691 -0.1236 -0.9778
vn 0.1913 0.1024 -0.9762
vn 0.2000 0.2392 -0.9501
vn 0.1231 0.3523 -0.9278
vn 0.1253 0.4517 -0.8833
vn 0.1260 0.5685 -0.8130
vn 0.1220 0.7361 -0.6657
vn 0.0918 0.9657 -0.2429
vn -0.0007 0.8449 0.5349
vn -0.0794 0.3019 0.9500
vn -0.1063 -0.0198 0.9941
vn -0.1160 -0.1875 0.9754
vn -0.1209 -0.3023 0.9455
vn -0.1237 -0.4014 0.9075
vn -0.1251 -0.5068 0.8529
vn -0.1241 -0.6443 0.7546
vn -0.1125 -0.8550 0.5064
vn -0.0529 -0.9846 -0.1668
vn 0.0482 -0.5590 -0.8277
vn 0.0979 -0.1076 -0.9894
vn 0.1130 0.1150 -0.9869
vn 0.1195 0.2487 -0.9612
vn 0.0442 0.3566 -0.9332
vn 0.0468 0.4548 -0.8894
vn 0.0494 0.5703 -0.8200
vn 0.0515 0.7367 -0.6743
vn 0.0471 0.9670 -0.2502
vn 0.0164 0.8428 0.5379
vn -0.0182 0.2932 0.9559
vn -0.0326 -0.0277 0.9991
vn -0.0389 -0.1938 0.9803
vn -0.0426 -0.3072 0.9507
vn -0.0454 -0.4051 0.9131
vn -0.0479 -0.5092 0.8593
vn -0.0503 -0.6454 0.7622
vn -0.0511 -0.8555 0.5153
vn -0.0358 -0.9859 -0.1635
vn 0.0036 -0.5530 -0.8332
vn 0.0277 -0.0988 -0.9947
vn 0.0366 0.1221 -0.9918
vn 0.0411 0.2544 -0.9662
vn -0.0339 0.3587 -0.9328
vn -0.0308 0.4569 -0.8890
vn -0.0265 0.5723 -0.8196
vn -0.0184 0.7386 -0.6739
vn 0.0024 0.9682 -0.2500
vn 0.0337 0.8424 0.5378
vn 0.0429 0.2916 0.9556
vn 0.0405 -0.0297 0.9987
vn 0.0377 -0.1959 0.9799
vn 0.0350 -0.3093 0.9503
vn 0.0322 -0.4072 0.9128
vn 0.0287 -0.5113 0.8589
vn 0.0229 -0.6474 0.7618
vn 0.0101 -0.8571 0.5150
vn -0.0185 -0.9864 -0.1635
vn -0.0411 -0.5518 -0.8330
vn -0.0423 -0.0970 -0.9944
vn -0.0393 0.1242 -0.9915
vn -0.0366 0.2564 -0.9659
vn -0.1128 0.3586 -0.9266
vn -0.1093 0.4580 -0.8822
vn -0.1030 0.5746 -0.8119
vn -0.0887 0.7418 -0.6647
vn -0.0423 0.9693 -0.2423
vn 0.0509 0.8436 0.5346
vn 0.1044 0.2969 0.9492
vn 0.1144 -0.0257 0.9931
vn 0.1150 -0.1937 0.9743
vn 0.1134 -0.3085 0.9444
vn 0.1106 -0.4077 0.9064
vn 0.1059 -0.5130 0.8518
vn 0.0966 -0.6502 0.7536
vn 0.0714 -0.8599 0.5055
vn -0.0014 -0.9859 -0.1671
vn -0.0859 -0.5554 -0.8271
vn -0.1128 -0.1020 -0.9884
vn -0.1160 0.1211 -0.9858
vn -0.1151 0.2550 -0.9601
vn -0.1940 0.3561 -0.9141
vn -0.1899 0.4580 -0.8684
vn -0.1814 0.5771 -0.7962
vn -0.1601 0.7462 -0.6462
vn -0.0869 0.9700 -0.2270
vn 0.0676 0.8464 0.5282
vn 0.1667 0.3095 0.9362
vn 0.1901 -0.0156 0.9816
vn 0.1946 -0.1871 0.9629
vn 0.1941 -0.3048 0.9324
vn 0.1912 -0.4065 0.8934
vn 0.1852 -0.5142 0.8374
vn 0.1719 -0.6539 0.7368
vn 0.1332 -0.8636 0.4863
vn 0.0153 -0.9846 -0.1740
vn -0.1308 -0.5640 -0.8154
vn -0.1847 -0.1141 -0.9761
vn -0.1947 0.1127 -0.9744
vn -0.1958 0.2498 -0.9483
vn -0.2791 0.3508 -0.8939
vn -0.2742 0.4565 -0.8464
vn -0.2630 0.5795 -0.7714
vn -0.2333 0.7514 -0.6172
vn -0.1315 0.9702 -0.2037
vn 0.0837 0.8508 0.5187
vn 0.2300 0.3295 0.9157
vn 0.2687 0.0013 0.9632
vn 0.2777 -0.1755 0.9445
vn 0.2787 -0.2976 0.9131
vn 0.2757 -0.4032 0.8726
vn 0.2680 -0.5147 0.8144
vn 0.2499 -0.6580 0.7103
vn 0.1957 -0.8680 0.4564
vn 0.0313 -0.9824 -0.1844
vn -0.1757 -0.5775 -0.7973
vn -0.2586 -0.1338 -0.9567
vn -0.2768 0.0984 -0.9559
vn -0.2804 0.2404 -0.9293
vn -0.3697 0.3419 -0.8640
vn -0.3638 0.4529 -0.8140
vn -0.3490 0.5812 -0.7352
vn -0.3088 0.7569 -0.5760
vn -0.1759 0.9693 -0.1719
vn 0.0987 0.8568 0.5061
vn 0.2942 0.3575 0.8864
vn 0.3511 0.0260 0.9360
vn 0.3659 -0.1579 0.9172
vn 0.3687 -0.2861 0.8844
vn 0.3655 -0.3970 0.8419
vn 0.3557 -0.5139 0.7806
vn 0.3315 -0.6622 0.6720
vn 0.2591 -0.8723 0.4147
vn 0.0463 -0.9791 -0.1981
vn -0.2206 -0.5959 -0.7722
vn -0.3351 -0.1615 -0.9282
vn -0.3634 0.0772 -0.9284
vn -0.3702 0.2258 -0.9011
vn -0.4670 0.3283 -0.8211
vn -0.4597 0.4461 -0.7679
vn -0.4401 0.5812 -0.6845
vn -0.3868 0.7613 -0.5204
vn -0.2198 0.9667 -0.1310
vn 0.1124 0.8643 0.4903
vn 0.3590 0.3936 0.8463
vn 0.4379 0.0595 0.8970
vn 0.4602 -0.1331 0.8778
vn 0.4654 -0.2690 0.8433
vn 0.4620 -0.3870 0.7980
vn 0.4494 -0.5107 0.7330
vn 0.4172 -0.6654 0.6190
vn 0.3228 -0.8756 0.3595
vn 0.0599 -0.9748 -0.2150
vn -0.2651 -0.6191 -0.7392
vn -0.4142 -0.1981 -0.8884
vn -0.4553 0.0479 -0.8890
vn -0.4666 0.2048 -0.8604
vn -0.5716 0.3080 -0.7605
vn -0.5624 0.4344 -0.7035
vn -0.5364 0.5777 -0.6152
vn -0.4665 0.7630 -0.4474
vn -0.2626 0.9616 -0.0800
vn 0.1243 0.8730 0.4716
vn 0.4232 0.4381 0.7931
vn 0.5288 0.1034 0.8425
vn 0.5610 -0.0991 0.8219
vn 0.5695 -0.2445 0.7848
vn 0.5658 -0.3713 0.7362
vn 0.5494 -0.5036 0.6667
vn 0.5068 -0.6661 0.5473
vn 0.3856 -0.8762 0.2890
vn 0.0716 -0.9693 -0.2350
vn -0.3086 -0.6472 -0.6971
vn -0.4953 -0.2442 -0.8337
vn -0.5527 0.0090 -0.8333
vn -0.5698 0.1756 -0.8028
vn -0.6824 0.2787 -0.6758
vn -0.6708 0.4152 -0.6146
vn -0.6363 0.5681 -0.5219
vn -0.5460 0.7594 -0.3538
vn -0.3032 0.9527 -0.0184
vn 0.1339 0.8828 0.4502
vn 0.4845 0.4905 0.7243
vn 0.6217 0.1590 0.7670
vn 0.6669 -0.0538 0.7432
vn 0.6798 -0.2102 0.7026
vn 0.6759 -0.3474 0.6500
vn 0.6544 -0.4899 0.5760
vn 0.5983 -0.6614 0.4523
vn 0.4456 -0.8722 0.2016
vn 0.0811 -0.9628 -0.2576
vn -0.3499 -0.6798 -0.6445
vn -0.5763 -0.3001 -0.7602
vn -0.6537 -0.0413 -0.7556
vn -0.6787 0.1359 -0.7217
vn -0.7944 0.2372 -0.5592
vn -0.7797 0.3848 -0.4940
vn -0.7349 0.5484 -0.3989
vn -0.6214 0.7468 -0.2370
vn -0.3399 0.9389 0.0544
vn 0.1408 0.8932 0.4270
vn 0.5397 0.5493 0.6380
vn 0.7119 0.2264 0.6648
vn 0.7730 0.0046 0.6344
vn 0.7917 -0.1631 0.5888
vn 0.7874 -0.3118 0.5318
vn 0.7596 -0.4658 0.4540
vn 0.6869 -0.6478 0.3295
vn 0.4994 -0.8609 0.0972
vn 0.0879 -0.9554 -0.2820
vn -0.3872 -0.7164 -0.5804
vn -0.6532 -0.3650 -0.6634
vn -0.7536 -0.1039 -0.6491
vn -0.7883 0.0833 -0.6096
vn -0.8966 0.1807 -0.4044
vn -0.8785 0.3392 -0.3365
vn -0.8226 0.5139 -0.2431
vn -0.6860 0.7212 -0.0964
vn -0.3702 0.9187 0.1379
vn 0.1449 0.9037 0.4028
vn 0.5841 0.6115 0.5338
vn 0.7906 0.3039 0.5316
vn 0.8689 0.0766 0.4890
vn 0.8940 -0.1012 0.4364
vn 0.8895 -0.2610 0.3751
vn 0.8545 -0.4269 0.2959
vn 0.7642 -0.6202 0.1772
vn 0.5427 -0.8396 -0.0228
vn 0.0921 -0.9472 -0.3071
vn -0.4180 -0.7557 -0.5042
vn -0.7191 -0.4367 -0.5405
vn -0.8424 -0.1781 -0.5085
vn -0.8877 0.0168 -0.4602
vn -0.9712 0.1091 -0.2120
vn -0.9503 0.2763 -0.1438
vn -0.8854 0.4612 -0.0575
vn -0.7309 0.6795 0.0639
vn -0.3906 0.8913 0.2301
vn 0.1469 0.9138 0.3787
vn 0.6134 0.6728 0.4137
vn 0.8460 0.3859 0.3679
vn 0.9385 0.1588 0.3066
vn 0.9691 -0.0252 0.2453
vn 0.9643 -0.1935 0.1808
vn 0.9234 -0.3695 0.1040
vn 0.8185 -0.5745 -0.0004
vn 0.5711 -0.8064 -0.1536
vn 0.0939 -0.9387 -0.3318
vn -0.4388 -0.7959 -0.4171
vn -0.7649 -0.5107 -0.3925
vn -0.9060 -0.2598 -0.3341
vn -0.9599 -0.0617 -0.2734
vn -0.9996 0.0268 0.0047
vn -0.9776 0.1982 0.0706
vn -0.9092 0.3904 0.1446
vn -0.7477 0.6214 0.2341
vn -0.3982 0.8573 0.3264
vn 0.1475 0.9232 0.3548
vn 0.6240 0.7285 0.2827
vn 0.8667 0.4641 0.1827
vn 0.9650 0.2432 0.0986
vn 0.9979 0.0591 0.0282
vn 0.9930 -0.1124 -0.0376
vn 0.9496 -0.2944 -0.1076
vn 0.8389 -0.5098 -0.1908
vn 0.5815 -0.7607 -0.2884
vn 0.0945 -0.9297 -0.3559
vn -0.4465 -0.8346 -0.3225
vn -0.7820 -0.5805 -0.2269
vn -0.9301 -0.3412 -0.1360
vn -0.9874 -0.1456 -0.0613
vn -0.9736 -0.0570 0.2212
vn -0.9526 0.1129 0.2824
vn -0.8877 0.3078 0.3425
vn -0.7328 0.5508 0.3996
vn -0.3916 0.8182 0.4210
vn 0.1472 0.9322 0.3307
vn 0.6148 0.7746 0.1480
vn 0.8480 0.5299 -0.0074
vn 0.9408 0.3196 -0.1128
vn 0.9715 0.1417 -0.1899
vn 0.9667 -0.0266 -0.2544
vn 0.9257 -0.2087 -0.3154
vn 0.8206 -0.4306 -0.3758
vn 0.5726 -0.7045 -0.4193
vn 0.0942 -0.9203 -0.3798
vn -0.4399 -0.8691 -0.2262
vn -0.7668 -0.6394 -0.0569
vn -0.9083 -0.4132 0.0660
vn -0.9623 -0.2251 0.1528
vn -0.9011 -0.1326 0.4129
vn -0.8829 0.0306 0.4685
vn -0.8269 0.2228 0.5164
vn -0.6896 0.4744 0.5472
vn -0.3722 0.7768 0.5080
vn 0.1455 0.9409 0.3059
vn 0.5870 0.8094 0.0175
vn 0.7946 0.5784 -0.1845
vn 0.8733 0.3806 -0.3040
vn 0.8986 0.2132 -0.3835
vn 0.8940 0.0533 -0.4449
vn 0.8589 -0.1228 -0.4971
vn 0.7682 -0.3456 -0.5390
vn 0.5455 -0.6417 -0.5391
vn 0.0926 -0.9101 -0.4040
vn -0.4200 -0.8975 -0.1342
vn -0.7227 -0.6835 0.1031
vn -0.8466 -0.4693 0.2510
vn -0.8921 -0.2918 0.3449
vn -0.8007 -0.1945 0.5667
vn -0.7859 -0.0412 0.6170
vn -0.7408 0.1439 0.6562
vn -0.6264 0.3993 0.6694
vn -0.3429 0.7359 0.5839
vn 0.1416 0.9492 0.2809
vn 0.5438 0.8330 -0.1021
vn 0.7174 0.6102 -0.3361
vn 0.7791 0.4246 -0.4612
vn 0.7979 0.2694 -0.5392
vn 0.7937 0.1207 -0.5963
vn 0.7656 -0.0458 -0.6416
vn 0.6924 -0.2640 -0.6714
vn 0.5035 -0.5772 -0.6429
vn 0.0888 -0.8994 -0.4281
vn -0.3902 -0.9193 -0.0510
vn -0.6582 -0.7125 0.2430
vn -0.7594 -0.5084 0.4060
vn -0.7945 -0.3426 0.5014
vn -0.6900 -0.2419 0.6822
vn -0.6782 -0.0996 0.7281
vn -0.6434 0.0760 0.7617
vn -0.5522 0.3303 0.7655
vn -0.3069 0.6974 0.6476
vn 0.1350 0.9570 0.2566
vn 0.4897 0.8472 -0.2060
vn 0.6285 0.6286 -0.4581
vn 0.6742 0.4543 -0.5822
vn 0.6874 0.3109 -0.6564
vn 0.6834 0.1737 -0.7090
vn 0.6618 0.0183 -0.7495
vn 0.6050 -0.1918 -0.7727
vn 0.4508 -0.5156 -0.7287
vn 0.0822 -0.8886 -0.4513
vn -0.3536 -0.9352 0.0215
vn -0.5825 -0.7292 0.3591
vn -0.6609 -0.5334 0.5280
vn -0.6862 -0.3789 0.6210
vn -0.5801 -0.2772 0.7659
vn -0.5708 -0.1451 0.8081
vn -0.5445 0.0204 0.8385
vn -0.4736 0.2701 0.8383
vn -0.2669 0.6626 0.6998
vn 0.1256 0.9641 0.2341
vn 0.4292 0.8544 -0.2928
vn 0.5365 0.6381 -0.5522
vn 0.5693 0.4736 -0.6720
vn 0.5779 0.3407 -0.7416
vn 0.5743 0.2139 -0.7902
vn 0.5577 0.0691 -0.8271
vn 0.5145 -0.1314 -0.8474
vn 0.3917 -0.4600 -0.7969
vn 0.0730 -0.8783 -0.4725
vn -0.3129 -0.9462 0.0827
vn -0.5024 -0.7371 0.4520
vn -0.5607 -0.5484 0.6204
vn -0.5782 -0.4039 0.7089
vn -0.4761 -0.3030 0.8255
vn -0.4687 -0.1798 0.8649
vn -0.4488 -0.0237 0.8933
vn -0.3946 0.2198 0.8922
vn -0.2246 0.6322 0.7415
vn 0.1139 0.9701 0.2142
vn 0.3657 0.8571 -0.3627
vn 0.4463 0.6423 -0.6231
vn 0.4691 0.4861 -0.7373
vn 0.4745 0.3619 -0.8024
vn 0.4711 0.2439 -0.8477
vn 0.4584 0.1085 -0.8821
vn 0.4256 -0.0826 -0.9011
vn 0.3295 -0.4121 -0.8495
vn 0.0614 -0.8689 -0.4911
vn -0.2699 -0.9536 0.1333
vn -0.4220 -0.7397 0.5242
vn -0.4641 -0.5570 0.6888
vn -0.4756 -0.4211 0.7723
vn -0.3793 -0.3219 0.8675
vn -0.3733 -0.2059 0.9046
vn -0.3582 -0.0579 0.9318
vn -0.3172 0.1790 0.9313
vn -0.1812 0.6066 0.7741
vn 0.1004 0.9752 0.1974
vn 0.3015 0.8573 -0.4174
vn 0.3601 0.6437 -0.6753
vn 0.3753 0.4943 -0.7841
vn 0.3783 0.3771 -0.8454
vn 0.3751 0.2662 -0.8880
vn 0.3652 0.1384 -0.9206
vn 0.3404 -0.0445 -0.9392
vn 0.2663 -0.3725 -0.8890
vn 0.0480 -0.8607 -0.5068
vn -0.2259 -0.9585 0.1738
vn -0.3434 -0.7394 0.5791
vn -0.3726 -0.5619 0.7386
vn -0.3798 -0.4330 0.8175
vn -0.2891 -0.3356 0.8966
vn -0.2841 -0.2253 0.9320
vn -0.2726 -0.0837 0.9585
vn -0.2421 0.1472 0.9590
vn -0.1371 0.5859 0.7987
vn 0.0855 0.9792 0.1838
vn 0.2376 0.8564 -0.4585
vn 0.2780 0.6439 -0.7128
vn 0.2875 0.4998 -0.8170
vn 0.2886 0.3880 -0.8753
vn 0.2856 0.2825 -0.9158
vn 0.2778 0.1606 -0.9471
vn 0.2592 -0.0155 -0.9657
vn 0.2034 -0.3411 -0.9178
vn 0.0332 -0.8540 -0.5193
vn -0.1813 -0.9618 0.2052
vn -0.2674 -0.7380 0.6195
vn -0.2864 -0.5648 0.7739
vn -0.2903 -0.4414 0.8491
vn -0.2042 -0.3455 0.9160
vn -0.2000 -0.2392 0.9501
vn -0.1913 -0.1024 0.9762
vn -0.1691 0.1236 0.9778
vn -0.0927 0.5700 0.8164
vn 0.0696 0.9823 0.1736
vn 0.1746 0.8554 -0.4877
vn 0.1997 0.6439 -0.7386
vn 0.2045 0.5038 -0.8393
vn 0.2043 0.3959 -0.8953
vn 0.2014 0.2942 -0.9343
vn 0.1952 0.1767 -0.9647
vn 0.1814 0.0056 -0.9834
vn 0.1411 -0.3177 -0.9376
vn 0.0173 -0.8487 -0.5286
vn -0.1366 -0.9640 0.2281
vn -0.1937 -0.7367 0.6479
vn -0.2045 -0.5668 0.7981
vn -0.2059 -0.4474 0.8703
vn -0.1231 -0.3523 0.9278
vn -0.1195 -0.2487 0.9612
vn -0.1130 -0.1150 0.9869
vn -0.0979 0.1076 0.9894
vn -0.0482 0.5590 0.8277
vn 0.0529 0.9846 0.1668
vn 0.1125 0.8550 -0.5064
vn 0.1241 0.6443 -0.7546
vn 0.1251 0.5068 -0.8529
vn 0.1237 0.4014 -0.9075
vn 0.1209 0.3023 -0.9455
vn 0.1160 0.1875 -0.9754
vn 0.1063 0.0198 -0.9941
vn 0.0794 -0.3018 -0.9500
vn 0.0007 -0.8450 -0.5348
vn -0.0918 -0.9657 0.2430
vn -0.1220 -0.7361 0.6657
vn -0.1260 -0.5685 0.8130
vn -0.1253 -0.4517 0.8833
vn -0.0442 -0.3566 0.9332
vn -0.0411 -0.2544 0.9662
vn -0.0366 -0.1221 0.9918
vn -0.0277 0.0989 0.9947
vn -0.0036 0.5529 0.8332
vn 0.0358 0.9859 0.1635
vn 0.0511 0.8555 -0.5153
vn 0.0503 0.6454 -0.7622
vn 0.0479 0.5092 -0.8593
vn 0.0454 0.4051 -0.9131
vn 0.0426 0.3072 -0.9507
vn 0.0389 0.1938 -0.9803
vn 0.0326 0.0277 -0.9991
vn 0.0182 -0.2932 -0.9559
vn -0.0164 -0.8429 -0.5379
vn -0.0471 -0.9670 0.2503
vn -0.0516 -0.7367 0.6743
vn -0.0494 -0.5703 0.8200
vn -0.0468 -0.4548 0.8894
vn 0.0339 -0.3587 0.9328
vn 0.0366 -0.2564 0.9659
vn 0.0393 -0.1242 0.9915
vn 0.0423 0.0970 0.9944
vn 0.0411 0.5517 0.8330
vn 0.0185 0.9864 0.1636
vn -0.0101 0.8571 -0.5150
vn -0.0229 0.6474 -0.7618
vn -0.0287 0.5113 -0.8589
vn -0.0322 0.4072 -0.9128
vn -0.0350 0.3093 -0.9503
vn -0.0377 0.1959 -0.9799
vn -0.0405 0.0297 -0.9987
vn -0.0429 -0.2915 -0.9556
vn -0.0337 -0.8424 -0.5378
vn -0.0024 -0.9682 0.2501
vn 0.0184 -0.7386 0.6739
vn 0.0265 -0.5723 0.8196
vn 0.0308 -0.4569 0.8890
vn 0.1128 -0.3586 0.9266
vn 0.1151 -0.2550 0.9601
vn 0.1160 -0.1211 0.9858
vn 0.1128 0.1020 0.9884
vn 0.0859 0.5554 0.8271
vn 0.0014 0.9859 0.1671
vn -0.0714 0.8599 -0.5055
vn -0.0966 0.6502 -0.7536
vn -0.1059 0.5130 -0.8518
vn -0.1106 0.4077 -0.9064
vn -0.1134 0.3085 -0.9444
vn -0.1150 0.1937 -0.9743
vn -0.1144 0.0257 -0.9931
vn -0.1044 -0.2969 -0.9492
vn -0.0509 -0.8436 -0.5346
vn 0.0423 -0.9693 0.2423
vn 0.0887 -0.7418 0.6647
vn 0.1030 -0.5746 0.8119
vn 0.1093 -0.4580 0.8822
vn 0.1940 -0.3561 0.9141
vn 0.1958 -0.2498 0.9483
vn 0.1947 -0.1127 0.9744
vn 0.1847 0.1141 0.9761
vn 0.1308 0.5640 0.8153
vn -0.0153 0.9846 0.1741
vn -0.1332 0.8636 -0.4862
vn -0.1719 0.6539 -0.7368
vn -0.1852 0.5142 -0.8374
vn -0.1912 0.4065 -0.8934
vn -0.1941 0.3048 -0.9324
vn -0.1946 0.1871 -0.9629
vn -0.1901 0.0156 -0.9816
vn -0.1667 -0.3095 -0.9362
vn -0.0676 -0.8464 -0.5282
vn 0.0869 -0.9700 0.2270
vn 0.1601 -0.7462 0.6462
vn 0.1814 -0.5771 0.7962
vn 0.1899 -0.4580 0.8684
vn 0.2791 -0.3508 0.8939
vn 0.2804 -0.2404 0.9293
vn 0.2768 -0.0984 0.9559
vn 0.2586 0.1338 0.9567
vn 0.1757 0.5775 0.7973
vn -0.0313 0.9824 0.1844
vn -0.1957 0.8680 -0.4564
vn -0.2499 0.6580 -0.7103
vn -0.2680 0.5147 -0.8144
vn -0.2757 0.4032 -0.8726
vn -0.2787 0.2976 -0.9131
vn -0.2777 0.1755 -0.9445
vn -0.2687 -0.0013 -0.9632
vn -0.2300 -0.3295 -0.9157
vn -0.0837 -0.8509 -0.5187
vn 0.1315 -0.9702 0.2037
vn 0.2333 -0.7514 0.6172
vn 0.2630 -0.5795 0.7714
vn 0.2742 -0.4565 0.8464
vn 0.3697 -0.3419 0.8640
vn 0.3702 -0.2258 0.9011
vn 0.3634 -0.0772 0.9284
vn 0.3351 0.1615 0.9282
vn 0.2206 0.5959 0.7722
vn -0.0463 0.9791 0.1981
vn -0.2591 0.8723 -0.4147
vn -0.3315 0.6622 -0.6720
vn -0.3557 0.5139 -0.7806
vn -0.3655 0.3970 -0.8419
vn -0.3687 0.2861 -0.8844
vn -0.3659 0.1579 -0.9172
vn -0.3511 -0.0260 -0.9360
vn -0.2942 -0.3575 -0.8864
vn -0.0987 -0.8568 -0.5061
vn 0.1759 -0.9693 0.1719
vn 0.3088 -0.7568 0.5760
vn 0.3489 -0.5812 0.7352
vn 0.3637 -0.4529 0.8140
vn 0.4670 -0.3283 0.8211
vn 0.4666 -0.2048 0.8604
vn 0.4553 -0.0479 0.8890
vn 0.4142 0.1981 0.8884
vn 0.2651 0.6191 0.7392
vn -0.0599 0.9748 0.2150
vn -0.3228 0.8756 -0.3595
vn -0.4172 0.6654 -0.6190
vn -0.4494 0.5107 -0.7330
vn -0.4620 0.3870 -0.7980
vn -0.4654 0.2690 -0.8433
vn -0.4602 0.1331 -0.8778
vn -0.4379 -0.0595 -0.8970
vn -0.3590 -0.3936 -0.8463
vn -0.1124 -0.8643 -0.4903
vn 0.2198 -0.9667 0.1310
vn 0.3867 -0.7613 0.5204
vn 0.4401 -0.5812 0.6845
vn 0.4597 -0.4461 0.7679
vn 0.5716 -0.3080 0.7605
vn 0.5698 -0.1756 0.8028
vn 0.5527 -0.0090 0.8334
vn 0.4952 0.2442 0.8337
vn 0.3086 0.6472 0.6971
vn -0.0716 0.9693 0.2350
vn -0.3856 0.8762 -0.2889
vn -0.5068 0.6660 -0.5473
vn -0.5494 0.5036 -0.6667
vn -0.5658 0.3713 -0.7362
vn -0.5695 0.2445 -0.7848
vn -0.5610 0.0991 -0.8219
vn -0.5288 -0.1034 -0.8424
vn -0.4232 -0.4381 -0.7931
vn -0.1243 -0.8730 -0.4716
vn 0.2626 -0.9616 0.0800
vn 0.4665 -0.7630 0.4474
vn 0.5364 -0.5777 0.6152
vn 0.5624 -0.4344 0.7035
vn 0.6824 -0.2787 0.6758
vn 0.6788 -0.1359 0.7217
vn 0.6537 0.0413 0.7556
vn 0.5763 0.3001 0.7602
vn 0.3499 0.6798 0.6445
vn -0.0811 0.9628 0.2576
vn -0.4456 0.8722 -0.2016
vn -0.5983 0.6614 -0.4523
vn -0.6544 0.4899 -0.5760
vn -0.6759 0.3474 -0.6500
vn -0.6798 0.2102 -0.7026
vn -0.6669 0.0538 -0.7432
vn -0.6217 -0.1590 -0.7670
vn -0.4845 -0.4905 -0.7243
vn -0.1338 -0.8828 -0.4502
vn 0.3032 -0.9527 0.0184
vn 0.5460 -0.7594 0.3538
vn 0.6363 -0.5681 0.5219
vn 0.6708 -0.4152 0.6146
vn 0.7944 -0.2372 0.5592
vn 0.7883 -0.0833 0.6096
vn 0.7536 0.1039 0.6491
vn 0.6532 0.3650 0.6634
vn 0.3872 0.7163 0.5804
vn -0.0880 0.9554 0.2820
vn -0.4994 0.8609 -0.0972
vn -0.6869 0.6478 -0.3295
vn -0.7596 0.4658 -0.4540
vn -0.7874 0.3118 -0.5318
vn -0.7917 0.1631 -0.5888
vn -0.7730 -0.0046 -0.6344
vn -0.7119 -0.2264 -0.6648
vn -0.5397 -0.5493 -0.6380
vn -0.1407 -0.8932 -0.4270
vn 0.3399 -0.9389 -0.0544
vn 0.6214 -0.7468 0.2370
vn 0.7349 -0.5484 0.3989
vn 0.7797 -0.3848 0.4940
vn 0.8966 -0.1807 0.4044
vn 0.8877 -0.0168 0.4602
vn 0.8424 0.1781 0.5085
vn 0.7191 0.4367 0.5405
vn 0.4180 0.7557 0.5042
vn -0.0920 0.9472 0.3071
vn -0.5427 0.8396 0.0228
vn -0.7642 0.6202 -0.1772
vn -0.8545 0.4269 -0.2959
vn -0.8895 0.2610 -0.3751
vn -0.8940 0.1012 -0.4364
vn -0.8689 -0.0766 -0.4890
vn -0.7906 -0.3039 -0.5316
vn -0.5841 -0.6115 -0.5338
vn -0.1449 -0.9037 -0.4028
vn 0.3702 -0.9187 -0.1379
vn 0.6860 -0.7212 0.0964
vn 0.8226 -0.5140 0.2431
vn 0.8785 -0.3392 0.3365
vn 0.9712 -0.1091 0.2120
vn 0.9599 0.0617 0.2734
vn 0.9060 0.2598 0.3341
vn 0.7649 0.5107 0.3925
vn 0.4388 0.7959 0.4171
vn -0.0939 0.9387 0.3318
vn -0.5711 0.8064 0.1536
vn -0.8185 0.5745 0.0004
vn -0.9234 0.3695 -0.1040
vn -0.9643 0.1935 -0.1808
vn -0.9691 0.0252 -0.2453
vn -0.9385 -0.1588 -0.3066
vn -0.8460 -0.3860 -0.3679
vn -0.6134 -0.6728 -0.4137
vn -0.1469 -0.9138 -0.3787
vn 0.3906 -0.8914 -0.2301
vn 0.7309 -0.6795 -0.0639
vn 0.8854 -0.4612 0.0575
vn 0.9503 -0.2763 0.1438
vt 0.117919 0.868538
vt 0.117915 0.868479
vt 0.117914 0.868473
vt 0.117911 0.868493
vt 0.117912 0.868465
vt 0.117910 0.868471
vt 0.117912 0.868457
vt 0.117909 0.868458
vt 0.117912 0.868452
vt 0.117910 0.868449
vt 0.117912 0.868446
vt 0.117911 0.868442
vt 0.117912 0.868442
vt 0.117912 0.868436
vt 0.117912 0.868438
vt 0.117912 0.868431
vt 0.117911 0.868435
vt 0.117912 0.868427
vt 0.117911 0.868433
vt 0.117911 0.868425
vt 0.117911 0.868433
vt 0.117910 0.868425
vt 0.117911 0.868435
vt 0.117909 0.868427
vt 0.117911 0.868438
vt 0.117910 0.868431
vt 0.117911 0.868442
vt 0.117911 0.868436
vt 0.117912 0.868446
vt 0.117912 0.868442
vt 0.117913 0.868451
vt 0.117914 0.868448
vt 0.117914 0.868457
vt 0.117916 0.868457
vt 0.117914 0.868464
vt 0.117918 0.868470
vt 0.117915 0.868473
vt 0.117920 0.868493
vt 0.117913 0.868463
vt 0.117913 0.868461
vt 0.117913 0.868458
vt 0.117912 0.868454
vt 0.117912 0.868451
vt 0.117912 0.868447
vt 0.117912 0.868444
vt 0.117911 0.868441
vt 0.117911 0.868439
vt 0.117911 0.868438
vt 0.117912 0.868438
vt 0.117912 0.868439
vt 0.117912 0.868441
vt 0.117912 0.868444
vt 0.117912 0.868447
vt 0.117913 0.868450
vt 0.117913 0.868454
vt 0.117913 0.868458
vt 0.117913 0.868461
vt 0.117913 0.868456
vt 0.117913 0.868455
vt 0.117912 0.868454
vt 0.117912 0.868451
vt 0.117911 0.868449
vt 0.117911 0.868447
vt 0.117911 0.868445
vt 0.117910 0.868443
vt 0.117910 0.868441
vt 0.117911 0.868440
vt 0.117912 0.868440
vt 0.117913 0.868441
vt 0.117913 0.868443
vt 0.117913 0.868445
vt 0.117913 0.868447
vt 0.117913 0.868449
vt 0.117913 0.868451
vt 0.117913 0.868454
vt 0.117913 0.868455
vt 0.117913 0.868454
vt 0.117912 0.868453
vt 0.117911 0.868452
vt 0.117910 0.868450
vt 0.117910 0.868448
vt 0.117909 0.868447
vt 0.117908 0.868445
vt 0.117908 0.868443
vt 0.117909 0.868441
vt 0.117910 0.868439
vt 0.117913 0.868439
vt 0.117914 0.868441
vt 0.117915 0.868443
vt 0.117915 0.868445
vt 0.117915 0.868446
vt 0.117915 0.868448
vt 0.117914 0.868450
vt 0.117914 0.868452
vt 0.117913 0.868453
vt 0.117913 0.868455
vt 0.117910 0.868455
vt 0.117908 0.868453
vt 0.117906 0.868451
vt 0.117905 0.868449
vt 0.117904 0.868447
vt 0.117903 0.868445
vt 0.117902 0.868442
vt 0.117904 0.868437
vt 0.117908 0.868434
vt 0.117914 0.868433
vt 0.117918 0.868436
vt 0.117921 0.868440
vt 0.117921 0.868444
vt 0.117920 0.868446
vt 0.117919 0.868448
vt 0.117918 0.868450
vt 0.117917 0.868452
vt 0.117915 0.868454
vt 0.117913 0.868464
vt 0.117907 0.868463
vt 0.117901 0.868460
vt 0.117896 0.868456
vt 0.117893 0.868452
vt 0.117890 0.868449
vt 0.117887 0.868444
vt 0.117887 0.868436
vt 0.117891 0.868425
vt 0.117902 0.868416
vt 0.117917 0.868416
vt 0.117929 0.868423
vt 0.117935 0.868432
vt 0.117936 0.868440
vt 0.117934 0.868446
vt 0.117932 0.868449
vt 0.117929 0.868454
vt 0.117925 0.868458
vt 0.117920 0.868462
vt 0.117916 0.868495
vt 0.117895 0.868493
vt 0.117877 0.868484
vt 0.117865 0.868473
vt 0.117856 0.868463
vt 0.117849 0.868454
vt 0.117842 0.868442
vt 0.117841 0.868419
vt 0.117854 0.868391
vt 0.117885 0.868368
vt 0.117926 0.868363
vt 0.117961 0.868381
vt 0.117978 0.868408
vt 0.117980 0.868431
vt 0.117976 0.868444
vt 0.117970 0.868454
vt 0.117963 0.868465
vt 0.117952 0.868478
vt 0.117936 0.868490
vt 0.117924 0.868604
vt 0.117856 0.868596
vt 0.117799 0.868566
vt 0.117759 0.868528
vt 0.117734 0.868496
vt 0.117715 0.868471
vt 0.117698 0.868434
vt 0.117697 0.868368
vt 0.117736 0.868280
vt 0.117831 0.868209
vt 0.117956 0.868208
vt 0.118059 0.868259
vt 0.118111 0.868337
vt 0.118120 0.868402
vt 0.118110 0.868440
vt 0.118095 0.868467
vt 0.118075 0.868503
vt 0.118042 0.868547
vt 0.117991 0.868585
vt 0.117956 0.869002
vt 0.117711 0.868971
vt 0.117512 0.868859
vt 0.117383 0.868723
vt 0.117308 0.868612
vt 0.117259 0.868531
vt 0.117218 0.868415
vt 0.117223 0.868209
vt 0.117354 0.867939
vt 0.117656 0.867729
vt 0.118050 0.867671
vt 0.118388 0.867847
vt 0.118559 0.868100
vt 0.118595 0.868306
vt 0.118572 0.868427
vt 0.118535 0.868515
vt 0.118478 0.868637
vt 0.118372 0.868792
vt 0.118193 0.868933
vt 0.118080 0.870545
vt 0.117142 0.870422
vt 0.116403 0.869981
vt 0.115953 0.869455
vt 0.115723 0.869038
vt 0.115592 0.868750
vt 0.115496 0.868353
vt 0.115548 0.867648
vt 0.116018 0.866726
vt 0.117062 0.865990
vt 0.118392 0.865993
vt 0.119496 0.866516
vt 0.120092 0.867321
vt 0.120253 0.867990
vt 0.120223 0.868389
vt 0.120142 0.868688
vt 0.119984 0.869129
vt 0.119630 0.869714
vt 0.118980 0.870266
vt 0.118639 0.876915
vt 0.114813 0.876321
vt 0.111909 0.874453
vt 0.110415 0.872236
vt 0.109699 0.870635
vt 0.109384 0.869572
vt 0.109201 0.868149
vt 0.109506 0.865660
vt 0.111420 0.862593
vt 0.115103 0.860432
vt 0.119526 0.860031
vt 0.123286 0.861843
vt 0.125596 0.864446
vt 0.126415 0.866764
vt 0.126459 0.868190
vt 0.126318 0.869282
vt 0.125938 0.870991
vt 0.124667 0.873302
vt 0.122165 0.875491
vt 0.120372 0.901753
vt 0.105696 0.898439
vt 0.095450 0.890731
vt 0.089623 0.882844
vt 0.087640 0.876780
vt 0.087103 0.872905
vt 0.087069 0.867928
vt 0.088836 0.859584
vt 0.094660 0.848674
vt 0.107131 0.840113
vt 0.123432 0.837523
vt 0.138391 0.843606
vt 0.146227 0.854314
vt 0.148887 0.862839
vt 0.149649 0.867906
vt 0.149725 0.871927
vt 0.148404 0.878317
vt 0.144335 0.887514
vt 0.135065 0.897191
vt 0.126576 0.982511
vt 0.075784 0.977263
vt 0.037802 0.951457
vt 0.019000 0.922182
vt 0.013283 0.901158
vt 0.012959 0.888184
vt 0.013244 0.872109
vt 0.014923 0.843461
vt 0.028248 0.799134
vt 0.072951 0.750802
vt 0.144309 0.750802
vt 0.195214 0.786792
vt 0.216110 0.827641
vt 0.222491 0.855702
vt 0.225349 0.871626
vt 0.227093 0.884579
vt 0.224797 0.906404
vt 0.210743 0.938688
vt 0.176562 0.970252
vt 0.117847 0.867633
vt 0.117847 0.867633
vt 0.117847 0.867633
vt 0.117847 0.867634
vt 0.117847 0.867634
vt 0.117847 0.867633
vt 0.117847 0.867633
vt 0.117847 0.867633
vt 0.117847 0.867633
vt 0.117847 0.867633
vt 0.117847 0.867634
vt 0.117847 0.867634
vt 0.117847 0.867634
vt 0.117847 0.867634
vt 0.117847 0.867634
vt 0.117847 0.867634
vt 0.117847 0.867633
vt 0.117847 0.867633
vt 0.117847 0.867633
vt 0.117847 0.867633
vt 0.117847 0.867633
vt 0.117847 0.867633
vt 0.117847 0.867634
vt 0.117847 0.867634
vt 0.117847 0.867634
vt 0.117847 0.867634
vt 0.117847 0.867633
vt 0.117847 0.867633
vt 0.117846 0.867632
vt 0.117846 0.867632
vt 0.117847 0.867632
vt 0.117847 0.867633
vt 0.117847 0.867633
vt 0.117847 0.867634
vt 0.117847 0.867634
vt 0.117847 0.867634
vt 0.117847 0.867634
vt 0.117847 0.867634
vt 0.117847 0.867634
vt 0.117847 0.867634
vt 0.117847 0.867633
vt 0.117846 0.867633
vt 0.117846 0.867632
vt 0.117846 0.867630
vt 0.117846 0.867631
vt 0.117846 0.867631
vt 0.117847 0.867632
vt 0.117847 0.867633
vt 0.117847 0.867634
vt 0.117847 0.867635
vt 0.117847 0.867635
vt 0.117847 0.867635
vt 0.117847 0.867635
vt 0.117847 0.867634
vt 0.117846 0.867632
vt 0.117846 0.867631
vt 0.117846 0.867631
vt 0.117846 0.867628
vt 0.117846 0.867628
vt 0.117846 0.867629
vt 0.117847 0.867631
vt 0.117847 0.867632
vt 0.117847 0.867633
vt 0.117847 0.867634
vt 0.117847 0.867635
vt 0.117847 0.867636
vt 0.117847 0.867636
vt 0.117847 0.867636
vt 0.117847 0.867636
vt 0.117847 0.867635
vt 0.117847 0.867634
vt 0.117846 0.867633
vt 0.117846 0.867632
vt 0.117846 0.867631
vt 0.117846 0.867629
vt 0.117846 0.867628
vt 0.117846 0.867623
vt 0.117846 0.867624
vt 0.117846 0.867626
vt 0.117847 0.867629
vt 0.117847 0.867631
vt 0.117847 0.867633
vt 0.117847 0.867635
vt 0.117847 0.867637
vt 0.117847 0.867638
vt 0.117847 0.867638
vt 0.117847 0.867638
vt 0.117847 0.867638
vt 0.117846 0.867637
vt 0.117846 0.867635
vt 0.117846 0.867633
vt 0.117846 0.867631
vt 0.117846 0.867629
vt 0.117846 0.867626
vt 0.117846 0.867624
vt 0.117845 0.867614
vt 0.117845 0.867617
vt 0.117846 0.867621
vt 0.117847 0.867626
vt 0.117847 0.867630
vt 0.117848 0.867633
vt 0.117848 0.867636
vt 0.117848 0.867639
vt 0.117848 0.867642
vt 0.117848 0.867643
vt 0.117847 0.867642
vt 0.117846 0.867641
vt 0.117846 0.867639
vt 0.117846 0.867636
vt 0.117846 0.867633
vt 0.117845 0.867630
vt 0.117845 0.867626
vt 0.117845 0.867621
vt 0.117845 0.867617
vt 0.117843 0.867595
vt 0.117845 0.867604
vt 0.117847 0.867614
vt 0.117848 0.867623
vt 0.117849 0.867629
vt 0.117849 0.867635
vt 0.117849 0.867639
vt 0.117849 0.867644
vt 0.117849 0.867648
vt 0.117848 0.867650
vt 0.117847 0.867649
vt 0.117847 0.867648
vt 0.117845 0.867644
vt 0.117845 0.867640
vt 0.117844 0.867635
vt 0.117844 0.867630
vt 0.117844 0.867623
vt 0.117843 0.867615
vt 0.117843 0.867604
vt 0.117839 0.867542
vt 0.117847 0.867588
vt 0.117848 0.867612
vt 0.117849 0.867625
vt 0.117849 0.867634
vt 0.117850 0.867641
vt 0.117851 0.867647
vt 0.117851 0.867652
vt 0.117850 0.867657
vt 0.117849 0.867661
vt 0.117848 0.867663
vt 0.117847 0.867659
vt 0.117845 0.867653
vt 0.117844 0.867648
vt 0.117844 0.867641
vt 0.117844 0.867635
vt 0.117843 0.867626
vt 0.117841 0.867612
vt 0.117839 0.867589
vt 0.117845 0.867619
vt 0.117846 0.867626
vt 0.117847 0.867635
vt 0.117848 0.867643
vt 0.117849 0.867649
vt 0.117851 0.867655
vt 0.117852 0.867661
vt 0.117853 0.867666
vt 0.117852 0.867671
vt 0.117851 0.867675
vt 0.117849 0.867676
vt 0.117847 0.867672
vt 0.117846 0.867667
vt 0.117845 0.867662
vt 0.117846 0.867656
vt 0.117847 0.867650
vt 0.117847 0.867643
vt 0.117847 0.867635
vt 0.117846 0.867626
vt 0.117848 0.867653
vt 0.117848 0.867656
vt 0.117848 0.867660
vt 0.117848 0.867665
vt 0.117850 0.867670
vt 0.117853 0.867674
vt 0.117855 0.867679
vt 0.117855 0.867684
vt 0.117854 0.867689
vt 0.117852 0.867692
vt 0.117851 0.867694
vt 0.117848 0.867690
vt 0.117846 0.867685
vt 0.117846 0.867680
vt 0.117847 0.867675
vt 0.117849 0.867670
vt 0.117850 0.867665
vt 0.117850 0.867660
vt 0.117849 0.867656
vt 0.117850 0.867681
vt 0.117850 0.867683
vt 0.117849 0.867686
vt 0.117849 0.867689
vt 0.117851 0.867693
vt 0.117855 0.867697
vt 0.117858 0.867701
vt 0.117858 0.867706
vt 0.117857 0.867711
vt 0.117854 0.867714
vt 0.117852 0.867716
vt 0.117849 0.867712
vt 0.117847 0.867708
vt 0.117847 0.867703
vt 0.117849 0.867698
vt 0.117851 0.867693
vt 0.117853 0.867689
vt 0.117852 0.867686
vt 0.117851 0.867683
vt 0.117853 0.867709
vt 0.117852 0.867710
vt 0.117851 0.867713
vt 0.117851 0.867716
vt 0.117853 0.867719
vt 0.117858 0.867723
vt 0.117861 0.867727
vt 0.117862 0.867732
vt 0.117860 0.867737
vt 0.117856 0.867741
vt 0.117854 0.867742
vt 0.117850 0.867738
vt 0.117847 0.867734
vt 0.117847 0.867729
vt 0.117850 0.867724
vt 0.117854 0.867720
vt 0.117856 0.867716
vt 0.117855 0.867713
vt 0.117854 0.867710
vt 0.117855 0.867739
vt 0.117854 0.867741
vt 0.117852 0.867744
vt 0.117853 0.867747
vt 0.117856 0.867750
vt 0.117861 0.867754
vt 0.117865 0.867758
vt 0.117866 0.867763
vt 0.117863 0.867768
vt 0.117859 0.867773
vt 0.117856 0.867771
vt 0.117852 0.867768
vt 0.117848 0.867764
vt 0.117848 0.867759
vt 0.117852 0.867755
vt 0.117856 0.867750
vt 0.117859 0.867746
vt 0.117859 0.867743
vt 0.117857 0.867741
vt 0.117858 0.867774
vt 0.117856 0.867777
vt 0.117854 0.867779
vt 0.117855 0.867782
vt 0.117858 0.867785
vt 0.117864 0.867789
vt 0.117869 0.867793
vt 0.117870 0.867797
vt 0.117867 0.867802
vt 0.117863 0.867805
vt 0.117859 0.867808
vt 0.117853 0.867804
vt 0.117849 0.867799
vt 0.117850 0.867795
vt 0.117854 0.867790
vt 0.117859 0.867785
vt 0.117862 0.867782
vt 0.117862 0.867779
vt 0.117860 0.867776
vt 0.117861 0.867814
vt 0.117859 0.867816
vt 0.117857 0.867819
vt 0.117857 0.867822
vt 0.117861 0.867825
vt 0.117868 0.867828
vt 0.117873 0.867832
vt 0.117874 0.867836
vt 0.117871 0.867841
vt 0.117865 0.867847
vt 0.117861 0.867844
vt 0.117856 0.867841
vt 0.117852 0.867837
vt 0.117852 0.867833
vt 0.117857 0.867829
vt 0.117863 0.867825
vt 0.117866 0.867822
vt 0.117866 0.867819
vt 0.117864 0.867816
vt 0.117865 0.867858
vt 0.117862 0.867861
vt 0.117860 0.867864
vt 0.117860 0.867866
vt 0.117864 0.867869
vt 0.117871 0.867871
vt 0.117877 0.867874
vt 0.117878 0.867877
vt 0.117875 0.867881
vt 0.117870 0.867884
vt 0.117865 0.867888
vt 0.117858 0.867884
vt 0.117854 0.867880
vt 0.117854 0.867876
vt 0.117860 0.867872
vt 0.117866 0.867869
vt 0.117870 0.867866
vt 0.117871 0.867863
vt 0.117868 0.867860
vt 0.117869 0.867906
vt 0.117865 0.867909
vt 0.117863 0.867912
vt 0.117864 0.867914
vt 0.117868 0.867916
vt 0.117876 0.867917
vt 0.117882 0.867919
vt 0.117883 0.867922
vt 0.117879 0.867927
vt 0.117873 0.867931
vt 0.117866 0.867928
vt 0.117861 0.867926
vt 0.117857 0.867923
vt 0.117858 0.867921
vt 0.117863 0.867918
vt 0.117871 0.867916
vt 0.117875 0.867913
vt 0.117875 0.867911
vt 0.117872 0.867909
vt 0.117873 0.867958
vt 0.117870 0.867961
vt 0.117867 0.867963
vt 0.117867 0.867965
vt 0.117871 0.867966
vt 0.117879 0.867966
vt 0.117885 0.867967
vt 0.117886 0.867968
vt 0.117883 0.867971
vt 0.117877 0.867973
vt 0.117870 0.867972
vt 0.117864 0.867971
vt 0.117861 0.867970
vt 0.117862 0.867969
vt 0.117867 0.867967
vt 0.117875 0.867966
vt 0.117879 0.867965
vt 0.117879 0.867963
vt 0.117876 0.867961
vt 0.117876 0.868020
vt 0.117871 0.868016
vt 0.117869 0.868013
vt 0.117871 0.868016
vt 0.117875 0.868018
vt 0.117883 0.868019
vt 0.117888 0.868019
vt 0.117889 0.868018
vt 0.117885 0.868016
vt 0.117881 0.868011
vt 0.117877 0.868016
vt 0.117870 0.868020
vt 0.117866 0.868023
vt 0.117866 0.868021
vt 0.117872 0.868020
vt 0.117880 0.868020
vt 0.117884 0.868020
vt 0.117884 0.868019
vt 0.117881 0.868019
vt 0.117883 0.868078
vt 0.117877 0.868075
vt 0.117873 0.868074
vt 0.117873 0.868071
vt 0.117878 0.868069
vt 0.117887 0.868068
vt 0.117893 0.868068
vt 0.117894 0.868067
vt 0.117890 0.868066
vt 0.117883 0.868065
vt 0.117877 0.868060
vt 0.117872 0.868064
vt 0.117869 0.868066
vt 0.117871 0.868068
vt 0.117877 0.868069
vt 0.117884 0.868068
vt 0.117889 0.868069
vt 0.117890 0.868071
vt 0.117888 0.868074
vt 0.117887 0.868129
vt 0.117882 0.868127
vt 0.117879 0.868124
vt 0.117879 0.868123
vt 0.117883 0.868121
vt 0.117891 0.868119
vt 0.117897 0.868117
vt 0.117898 0.868115
vt 0.117894 0.868112
vt 0.117887 0.868110
vt 0.117881 0.868108
vt 0.117876 0.868112
vt 0.117872 0.868116
vt 0.117874 0.868118
vt 0.117880 0.868119
vt 0.117888 0.868120
vt 0.117893 0.868121
vt 0.117894 0.868123
vt 0.117891 0.868126
vt 0.117891 0.868180
vt 0.117886 0.868177
vt 0.117883 0.868175
vt 0.117883 0.868172
vt 0.117888 0.868170
vt 0.117895 0.868167
vt 0.117901 0.868164
vt 0.117902 0.868161
vt 0.117898 0.868157
vt 0.117892 0.868152
vt 0.117887 0.868157
vt 0.117880 0.868160
vt 0.117876 0.868164
vt 0.117877 0.868166
vt 0.117884 0.868168
vt 0.117892 0.868170
vt 0.117896 0.868172
vt 0.117897 0.868174
vt 0.117894 0.868177
vt 0.117894 0.868227
vt 0.117891 0.868225
vt 0.117888 0.868223
vt 0.117888 0.868220
vt 0.117892 0.868217
vt 0.117899 0.868214
vt 0.117905 0.868210
vt 0.117905 0.868206
vt 0.117901 0.868203
vt 0.117894 0.868201
vt 0.117889 0.868197
vt 0.117884 0.868203
vt 0.117880 0.868208
vt 0.117882 0.868211
vt 0.117888 0.868214
vt 0.117895 0.868217
vt 0.117900 0.868219
vt 0.117900 0.868222
vt 0.117898 0.868225
vt 0.117898 0.868271
vt 0.117895 0.868270
vt 0.117892 0.868267
vt 0.117892 0.868264
vt 0.117896 0.868261
vt 0.117902 0.868257
vt 0.117907 0.868252
vt 0.117908 0.868248
vt 0.117904 0.868243
vt 0.117898 0.868239
vt 0.117894 0.868243
vt 0.117888 0.868246
vt 0.117884 0.868250
vt 0.117885 0.868254
vt 0.117891 0.868258
vt 0.117898 0.868261
vt 0.117903 0.868263
vt 0.117903 0.868266
vt 0.117901 0.868269
vt 0.117901 0.868311
vt 0.117898 0.868309
vt 0.117896 0.868307
vt 0.117896 0.868304
vt 0.117899 0.868301
vt 0.117905 0.868296
vt 0.117910 0.868292
vt 0.117910 0.868287
vt 0.117906 0.868283
vt 0.117900 0.868281
vt 0.117896 0.868278
vt 0.117892 0.868283
vt 0.117889 0.868289
vt 0.117890 0.868293
vt 0.117895 0.868297
vt 0.117901 0.868300
vt 0.117905 0.868304
vt 0.117906 0.868306
vt 0.117903 0.868309
vt 0.117904 0.868346
vt 0.117902 0.868344
vt 0.117900 0.868343
vt 0.117899 0.868340
vt 0.117902 0.868336
vt 0.117907 0.868332
vt 0.117911 0.868327
vt 0.117911 0.868322
vt 0.117908 0.868317
vt 0.117903 0.868312
vt 0.117900 0.868316
vt 0.117895 0.868319
vt 0.117893 0.868324
vt 0.117893 0.868328
vt 0.117898 0.868332
vt 0.117904 0.868336
vt 0.117907 0.868339
vt 0.117907 0.868342
vt 0.117906 0.868344
vt 0.117906 0.868377
vt 0.117905 0.868376
vt 0.117903 0.868374
vt 0.117903 0.868371
vt 0.117905 0.868367
vt 0.117909 0.868362
vt 0.117912 0.868358
vt 0.117912 0.868353
vt 0.117909 0.868348
vt 0.117905 0.868346
vt 0.117902 0.868343
vt 0.117899 0.868348
vt 0.117897 0.868353
vt 0.117898 0.868358
vt 0.117902 0.868363
vt 0.117906 0.868367
vt 0.117909 0.868370
vt 0.117909 0.868373
vt 0.117908 0.868375
vt 0.117909 0.868405
vt 0.117908 0.868404
vt 0.117906 0.868401
vt 0.117905 0.868397
vt 0.117907 0.868393
vt 0.117910 0.868389
vt 0.117912 0.868384
vt 0.117912 0.868379
vt 0.117910 0.868374
vt 0.117907 0.868370
vt 0.117905 0.868372
vt 0.117903 0.868375
vt 0.117901 0.868379
vt 0.117901 0.868384
vt 0.117905 0.868389
vt 0.117908 0.868393
vt 0.117911 0.868397
vt 0.117910 0.868400
vt 0.117909 0.868403
vt 0.117911 0.868434
vt 0.117910 0.868431
vt 0.117908 0.868426
vt 0.117907 0.868421
vt 0.117908 0.868416
vt 0.117910 0.868411
vt 0.117912 0.868406
vt 0.117912 0.868401
vt 0.117910 0.868396
vt 0.117908 0.868394
vt 0.117907 0.868392
vt 0.117905 0.868396
vt 0.117905 0.868401
vt 0.117905 0.868406
vt 0.117908 0.868411
vt 0.117911 0.868416
vt 0.117912 0.868420
vt 0.117912 0.868426
vt 0.117912 0.868431
vt 0.117914 0.868470
vt 0.117911 0.868461
vt 0.117909 0.868451
vt 0.117908 0.868442
vt 0.117909 0.868435
vt 0.117910 0.868429
vt 0.117911 0.868423
vt 0.117911 0.868418
vt 0.117911 0.868414
vt 0.117910 0.868411
vt 0.117908 0.868410
vt 0.117908 0.868413
vt 0.117908 0.868418
vt 0.117909 0.868423
vt 0.117911 0.868429
vt 0.117913 0.868434
vt 0.117915 0.868441
vt 0.117915 0.868450
vt 0.117915 0.868461
s 1
usemtl Material
f 1389/1057/1389 1408/1058/1408 1409/1059/1409 1390/1060/1390
f 1390/1060/1390 1409/1059/1409 1410/1061/1410 1391/1062/1391
f 1391/1062/1391 1410/1061/1410 1411/1063/1411 1392/1064/1392
f 1392/1064/1392 1411/1063/1411 1412/1065/1412 1393/1066/1393
f 1393/1066/1393 1412/1065/1412 1413/1067/1413 1394/1068/1394
f 1394/1068/1394 1413/1067/1413 1414/1069/1414 1395/1070/1395
f 1395/1070/1395 1414/1069/1414 1415/1071/1415 1396/1072/1396
f 1396/1072/1396 1415/1071/1415 1416/1073/1416 1397/1074/1397
f 1397/1074/1397 1416/1073/1416 1417/1075/1417 1398/1076/1398
f 1398/1076/1398 1417/1075/1417 1418/1077/1418 1399/1078/1399
f 1399/1078/1399 1418/1077/1418 1419/1079/1419 1400/1080/1400
f 1400/1080/1400 1419/1079/1419 1420/1081/1420 1401/1082/1401
f 1401/1082/1401 1420/1081/1420 1421/1083/1421 1402/1084/1402
f 1402/1084/1402 1421/1083/1421 1422/1085/1422 1403/1086/1403
f 1403/1086/1403 1422/1085/1422 1423/1087/1423 1404/1088/1404
f 1404/1088/1404 1423/1087/1423 1424/1089/1424 1405/1090/1405
f 1405/1090/1405 1424/1089/1424 1425/1091/1425 1406/1092/1406
f 1406/1092/1406 1425/1091/1425 1426/1093/1426 1407/1094/1407
f 1407/1094/1407 1426/1093/1426 1408/1058/1408 1389/1057/1389
f 1408/1058/1408 1427/1095/1427 1428/1096/1428 1409/1059/1409
f 1409/1059/1409 1428/1096/1428 1429/1097/1429 1410/1061/1410
f 1410/1061/1410 1429/1097/1429 1430/1098/1430 1411/1063/1411
f 1411/1063/1411 1430/1098/1430 1431/1099/1431 1412/1065/1412
f 1412/1065/1412 1431/1099/1431 1432/1100/1432 1413/1067/1413
f 1413/1067/1413 1432/1100/1432 1433/1101/1433 1414/1069/1414
f 1414/1069/1414 1433/1101/1433 1434/1102/1434 1415/1071/1415
f 1415/1071/1415 1434/1102/1434 1435/1103/1435 1416/1073/1416
f 1416/1073/1416 1435/1103/1435 1436/1104/1436 1417/1075/1417
f 1417/1075/1417 1436/1104/1436 1437/1105/1437 1418/1077/1418
f 1418/1077/1418 1437/1105/1437 1438/1106/1438 1419/1079/1419
f 1419/1079/1419 1438/1106/1438 1439/1107/1439 1420/1081/1420
f 1420/1081/1420 1439/1107/1439 1440/1108/1440 1421/1083/1421
f 1421/1083/1421 1440/1108/1440 1441/1109/1441 1422/1085/1422
f 1422/1085/1422 1441/1109/1441 1442/1110/1442 1423/1087/1423
f 1423/1087/1423 1442/1110/1442 1443/1111/1443 1424/1089/1424
f 1424/1089/1424 1443/1111/1443 1444/1112/1444 1425/1091/1425
f 1425/1091/1425 1444/1112/1444 1445/1113/1445 1426/1093/1426
f 1426/1093/1426 1445/1113/1445 1427/1095/1427 1408/1058/1408
f 1427/1095/1427 1446/1114/1446 1447/1115/1447 1428/1096/1428
f 1428/1096/1428 1447/1115/1447 1448/1116/1448 1429/1097/1429
f 1429/1097/1429 1448/1116/1448 1449/1117/1449 1430/1098/1430
f 1430/1098/1430 1449/1117/1449 1450/1118/1450 1431/1099/1431
f 1431/1099/1431 1450/1118/1450 1451/1119/1451 1432/1100/1432
f 1432/1100/1432 1451/1119/1451 1452/1120/1452 1433/1101/1433
f 1433/1101/1433 1452/1120/1452 1453/1121/1453 1434/1102/1434
f 1434/1102/1434 1453/1121/1453 1454/1122/1454 1435/1103/1435
f 1435/1103/1435 1454/1122/1454 1455/1123/1455 1436/1104/1436
f 1436/1104/1436 1455/1123/1455 1456/1124/1456 1437/1105/1437
f 1437/1105/1437 1456/1124/1456 1457/1125/1457 1438/1106/1438
f 1438/1106/1438 1457/1125/1457 1458/1126/1458 1439/1107/1439
f 1439/1107/1439 1458/1126/1458 1459/1127/1459 1440/1108/1440
f 1440/1108/1440 1459/1127/1459 1460/1128/1460 1441/1109/1441
f 1441/1109/1441 1460/1128/1460 1461/1129/1461 1442/1110/1442
f 1442/1110/1442 1461/1129/1461 1462/1130/1462 1443/1111/1443
f 1443/1111/1443 1462/1130/1462 1463/1131/1463 1444/1112/1444
f 1444/1112/1444 1463/1131/1463 1464/1132/1464 1445/1113/1445
f 1445/1113/1445 1464/1132/1464 1446/1114/1446 1427/1095/1427
f 1446/1114/1446 1465/1133/1465 1466/1134/1466 1447/1115/1447
f 1447/1115/1447 1466/1134/1466 1467/1135/1467 1448/1116/1448
f 1448/1116/1448 1467/1135/1467 1468/1136/1468 1449/1117/1449
f 1449/1117/1449 1468/1136/1468 1469/1137/1469 1450/1118/1450
f 1450/1118/1450 1469/1137/1469 1470/1138/1470 1451/1119/1451
f 1451/1119/1451 1470/1138/1470 1471/1139/1471 1452/1120/1452
f 1452/1120/1452 1471/1139/1471 1472/1140/1472 1453/1121/1453
f 1453/1121/1453 1472/1140/1472 1473/1141/1473 1454/1122/1454
f 1454/1122/1454 1473/1141/1473 1474/1142/1474 1455/1123/1455
f 1455/1123/1455 1474/1142/1474 1475/1143/1475 1456/1124/1456
f 1456/1124/1456 1475/1143/1475 1476/1144/1476 1457/1125/1457
f 1457/1125/1457 1476/1144/1476 1477/1145/1477 1458/1126/1458
f 1458/1126/1458 1477/1145/1477 1478/1146/1478 1459/1127/1459
f 1459/1127/1459 1478/1146/1478 1479/1147/1479 1460/1128/1460
f 1460/1128/1460 1479/1147/1479 1480/1148/1480 1461/1129/1461
f 1461/1129/1461 1480/1148/1480 1481/1149/1481 1462/1130/1462
f 1462/1130/1462 1481/1149/1481 1482/1150/1482 1463/1131/1463
f 1463/1131/1463 1482/1150/1482 1483/1151/1483 1464/1132/1464
f 1464/1132/1464 1483/1151/1483 1465/1133/1465 1446/1114/1446
f 1465/1133/1465 1484/1152/1484 1485/1153/1485 1466/1134/1466
f 1466/1134/1466 1485/1153/1485 1486/1154/1486 1467/1135/1467
f 1467/1135/1467 1486/1154/1486 1487/1155/1487 1468/1136/1468
f 1468/1136/1468 1487/1155/1487 1488/1156/1488 1469/1137/1469
f 1469/1137/1469 1488/1156/1488 1489/1157/1489 1470/1138/1470
f 1470/1138/1470 1489/1157/1489 1490/1158/1490 1471/1139/1471
f 1471/1139/1471 1490/1158/1490 1491/1159/1491 1472/1140/1472
f 1472/1140/1472 1491/1159/1491 1492/1160/1492 1473/1141/1473
f 1473/1141/1473 1492/1160/1492 1493/1161/1493 1474/1142/1474
f 1474/1142/1474 1493/1161/1493 1494/1162/1494 1475/1143/1475
f 1475/1143/1475 1494/1162/1494 1495/1163/1495 1476/1144/1476
f 1476/1144/1476 1495/1163/1495 1496/1164/1496 1477/1145/1477
f 1477/1145/1477 1496/1164/1496 1497/1165/1497 1478/1146/1478
f 1478/1146/1478 1497/1165/1497 1498/1166/1498 1479/1147/1479
f 1479/1147/1479 1498/1166/1498 1499/1167/1499 1480/1148/1480
f 1480/1148/1480 1499/1167/1499 1500/1168/1500 1481/1149/1481
f 1481/1149/1481 1500/1168/1500 1501/1169/1501 1482/1150/1482
f 1482/1150/1482 1501/1169/1501 1502/1170/1502 1483/1151/1483
f 1483/1151/1483 1502/1170/1502 1484/1152/1484 1465/1133/1465
f 1484/1152/1484 1503/1171/1503 1504/1172/1504 1485/1153/1485
f 1485/1153/1485 1504/1172/1504 1505/1173/1505 1486/1154/1486
f 1486/1154/1486 1505/1173/1505 1506/1174/1506 1487/1155/1487
f 1487/1155/1487 1506/1174/1506 1507/1175/1507 1488/1156/1488
f 1488/1156/1488 1507/1175/1507 1508/1176/1508 1489/1157/1489
f 1489/1157/1489 1508/1176/1508 1509/1177/1509 1490/1158/1490
f 1490/1158/1490 1509/1177/1509 1510/1178/1510 1491/1159/1491
f 1491/1159/1491 1510/1178/1510 1511/1179/1511 1492/1160/1492
f 1492/1160/1492 1511/1179/1511 1512/1180/1512 1493/1161/1493
f 1493/1161/1493 1512/1180/1512 1513/1181/1513 1494/1162/1494
f 1494/1162/1494 1513/1181/1513 1514/1182/1514 1495/1163/1495
f 1495/1163/1495 1514/1182/1514 1515/1183/1515 1496/1164/1496
f 1496/1164/1496 1515/1183/1515 1516/1184/1516 1497/1165/1497
f 1497/1165/1497 1516/1184/1516 1517/1185/1517 1498/1166/1498
f 1498/1166/1498 1517/1185/1517 1518/1186/1518 1499/1167/1499
f 1499/1167/1499 1518/1186/1518 1519/1187/1519 1500/1168/1500
f 1500/1168/1500 1519/1187/1519 1520/1188/1520 1501/1169/1501
f 1501/1169/1501 1520/1188/1520 1521/1189/1521 1502/1170/1502
f 1502/1170/1502 1521/1189/1521 1503/1171/1503 1484/1152/1484
f 1503/1171/1503 1522/1190/1522 1523/1191/1523 1504/1172/1504
f 1504/1172/1504 1523/1191/1523 1524/1192/1524 1505/1173/1505
f 1505/1173/1505 1524/1192/1524 1525/1193/1525 1506/1174/1506
f 1506/1174/1506 1525/1193/1525 1526/1194/1526 1507/1175/1507
f 1507/1175/1507 1526/1194/1526 1527/1195/1527 1508/1176/1508
f 1508/1176/1508 1527/1195/1527 1528/1196/1528 1509/1177/1509
f 1509/1177/1509 1528/1196/1528 1529/1197/1529 1510/1178/1510
f 1510/1178/1510 1529/1197/1529 1530/1198/1530 1511/1179/1511
f 1511/1179/1511 1530/1198/1530 1531/1199/1531 1512/1180/1512
f 1512/1180/1512 1531/1199/1531 1532/1200/1532 1513/1181/1513
f 1513/1181/1513 1532/1200/1532 1533/1201/1533 1514/1182/1514
f 1514/1182/1514 1533/1201/1533 1534/1202/1534 1515/1183/1515
f 1515/1183/1515 1534/1202/1534 1535/1203/1535 1516/1184/1516
f 1516/1184/1516 1535/1203/1535 1536/1204/1536 1517/1185/1517
f 1517/1185/1517 1536/1204/1536 1537/1205/1537 1518/1186/1518
f 1518/1186/1518 1537/1205/1537 1538/1206/1538 1519/1187/1519
f 1519/1187/1519 1538/1206/1538 1539/1207/1539 1520/1188/1520
f 1520/1188/1520 1539/1207/1539 1540/1208/1540 1521/1189/1521
f 1521/1189/1521 1540/1208/1540 1522/1190/1522 1503/1171/1503
f 1522/1190/1522 1541/1209/1541 1542/1210/1542 1523/1191/1523
f 1523/1191/1523 1542/1210/1542 1543/1211/1543 1524/1192/1524
f 1524/1192/1524 1543/1211/1543 1544/1212/1544 1525/1193/1525
f 1525/1193/1525 1544/1212/1544 1545/1213/1545 1526/1194/1526
f 1526/1194/1526 1545/1213/1545 1546/1214/1546 1527/1195/1527
f 1527/1195/1527 1546/1214/1546 1547/1215/1547 1528/1196/1528
f 1528/1196/1528 1547/1215/1547 1548/1216/1548 1529/1197/1529
f 1529/1197/1529 1548/1216/1548 1549/1217/1549 1530/1198/1530
f 1530/1198/1530 1549/1217/1549 1550/1218/1550 1531/1199/1531
f 1531/1199/1531 1550/1218/1550 1551/1219/1551 1532/1200/1532
f 1532/1200/1532 1551/1219/1551 1552/1220/1552 1533/1201/1533
f 1533/1201/1533 1552/1220/1552 1553/1221/1553 1534/1202/1534
f 1534/1202/1534 1553/1221/1553 1554/1222/1554 1535/1203/1535
f 1535/1203/1535 1554/1222/1554 1555/1223/1555 1536/1204/1536
f 1536/1204/1536 1555/1223/1555 1556/1224/1556 1537/1205/1537
f 1537/1205/1537 1556/1224/1556 1557/1225/1557 1538/1206/1538
f 1538/1206/1538 1557/1225/1557 1558/1226/1558 1539/1207/1539
f 1539/1207/1539 1558/1226/1558 1559/1227/1559 1540/1208/1540
f 1540/1208/1540 1559/1227/1559 1541/1209/1541 1522/1190/1522
f 1541/1209/1541 1560/1228/1560 1561/1229/1561 1542/1210/1542
f 1542/1210/1542 1561/1229/1561 1562/1230/1562 1543/1211/1543
f 1543/1211/1543 1562/1230/1562 1563/1231/1563 1544/1212/1544
f 1544/1212/1544 1563/1231/1563 1564/1232/1564 1545/1213/1545
f 1545/1213/1545 1564/1232/1564 1565/1233/1565 1546/1214/1546
f 1546/1214/1546 1565/1233/1565 1566/1234/1566 1547/1215/1547
f 1547/1215/1547 1566/1234/1566 1567/1235/1567 1548/1216/1548
f 1548/1216/1548 1567/1235/1567 1568/1236/1568 1549/1217/1549
f 1549/1217/1549 1568/1236/1568 1569/1237/1569 1550/1218/1550
f 1550/1218/1550 1569/1237/1569 1570/1238/1570 1551/1219/1551
f 1551/1219/1551 1570/1238/1570 1571/1239/1571 1552/1220/1552
f 1552/1220/1552 1571/1239/1571 1572/1240/1572 1553/1221/1553
f 1553/1221/1553 1572/1240/1572 1573/1241/1573 1554/1222/1554
f 1554/1222/1554 1573/1241/1573 1574/1242/1574 1555/1223/1555
f 1555/1223/1555 1574/1242/1574 1575/1243/1575 1556/1224/1556
f 1556/1224/1556 1575/1243/1575 1576/1244/1576 1557/1225/1557
f 1557/1225/1557 1576/1244/1576 1577/1245/1577 1558/1226/1558
f 1558/1226/1558 1577/1245/1577 1578/1246/1578 1559/1227/1559
f 1559/1227/1559 1578/1246/1578 1560/1228/1560 1541/1209/1541
f 1560/1228/1560 1579/1247/1579 1580/1248/1580 1561/1229/1561
f 1561/1229/1561 1580/1248/1580 1581/1249/1581 1562/1230/1562
f 1562/1230/1562 1581/1249/1581 1582/1250/1582 1563/1231/1563
f 1563/1231/1563 1582/1250/1582 1583/1251/1583 1564/1232/1564
f 1564/1232/1564 1583/1251/1583 1584/1252/1584 1565/1233/1565
f 1565/1233/1565 1584/1252/1584 1585/1253/1585 1566/1234/1566
f 1566/1234/1566 1585/1253/1585 1586/1254/1586 1567/1235/1567
f 1567/1235/1567 1586/1254/1586 1587/1255/1587 1568/1236/1568
f 1568/1236/1568 1587/1255/1587 1588/1256/1588 1569/1237/1569
f 1569/1237/1569 1588/1256/1588 1589/1257/1589 1570/1238/1570
f 1570/1238/1570 1589/1257/1589 1590/1258/1590 1571/1239/1571
f 1571/1239/1571 1590/1258/1590 1591/1259/1591 1572/1240/1572
f 1572/1240/1572 1591/1259/1591 1592/1260/1592 1573/1241/1573
f 1573/1241/1573 1592/1260/1592 1593/1261/1593 1574/1242/1574
f 1574/1242/1574 1593/1261/1593 1594/1262/1594 1575/1243/1575
f 1575/1243/1575 1594/1262/1594 1595/1263/1595 1576/1244/1576
f 1576/1244/1576 1595/1263/1595 1596/1264/1596 1577/1245/1577
f 1577/1245/1577 1596/1264/1596 1597/1265/1597 1578/1246/1578
f 1578/1246/1578 1597/1265/1597 1579/1247/1579 1560/1228/1560
f 1579/1247/1579 1598/1266/1598 1599/1267/1599 1580/1248/1580
f 1580/1248/1580 1599/1267/1599 1600/1268/1600 1581/1249/1581
f 1581/1249/1581 1600/1268/1600 1601/1269/1601 1582/1250/1582
f 1582/1250/1582 1601/1269/1601 1602/1270/1602 1583/1251/1583
f 1583/1251/1583 1602/1270/1602 1603/1271/1603 1584/1252/1584
f 1584/1252/1584 1603/1271/1603 1604/1272/1604 1585/1253/1585
f 1585/1253/1585 1604/1272/1604 1605/1273/1605 1586/1254/1586
f 1586/1254/1586 1605/1273/1605 1606/1274/1606 1587/1255/1587
f 1587/1255/1587 1606/1274/1606 1607/1275/1607 1588/1256/1588
f 1588/1256/1588 1607/1275/1607 1608/1276/1608 1589/1257/1589
f 1589/1257/1589 1608/1276/1608 1609/1277/1609 1590/1258/1590
f 1590/1258/1590 1609/1277/1609 1610/1278/1610 1591/1259/1591
f 1591/1259/1591 1610/1278/1610 1611/1279/1611 1592/1260/1592
f 1592/1260/1592 1611/1279/1611 1612/1280/1612 1593/1261/1593
f 1593/1261/1593 1612/1280/1612 1613/1281/1613 1594/1262/1594
f 1594/1262/1594 1613/1281/1613 1614/1282/1614 1595/1263/1595
f 1595/1263/1595 1614/1282/1614 1615/1283/1615 1596/1264/1596
f 1596/1264/1596 1615/1283/1615 1616/1284/1616 1597/1265/1597
f 1597/1265/1597 1616/1284/1616 1598/1266/1598 1579/1247/1579
f 1598/1266/1598 1617/1285/1617 1618/1286/1618 1599/1267/1599
f 1599/1267/1599 1618/1286/1618 1619/1287/1619 1600/1268/1600
f 1600/1268/1600 1619/1287/1619 1620/1288/1620 1601/1269/1601
f 1601/1269/1601 1620/1288/1620 1621/1289/1621 1602/1270/1602
f 1602/1270/1602 1621/1289/1621 1622/1290/1622 1603/1271/1603
f 1603/1271/1603 1622/1290/1622 1623/1291/1623 1604/1272/1604
f 1604/1272/1604 1623/1291/1623 1624/1292/1624 1605/1273/1605
f 1605/1273/1605 1624/1292/1624 1625/1293/1625 1606/1274/1606
f 1606/1274/1606 1625/1293/1625 1626/1294/1626 1607/1275/1607
f 1607/1275/1607 1626/1294/1626 1627/1295/1627 1608/1276/1608
f 1608/1276/1608 1627/1295/1627 1628/1296/1628 1609/1277/1609
f 1609/1277/1609 1628/1296/1628 1629/1297/1629 1610/1278/1610
f 1610/1278/1610 1629/1297/1629 1630/1298/1630 1611/1279/1611
f 1611/1279/1611 1630/1298/1630 1631/1299/1631 1612/1280/1612
f 1612/1280/1612 1631/1299/1631 1632/1300/1632 1613/1281/1613
f 1613/1281/1613 1632/1300/1632 1633/1301/1633 1614/1282/1614
f 1614/1282/1614 1633/1301/1633 1634/1302/1634 1615/1283/1615
f 1615/1283/1615 1634/1302/1634 1635/1303/1635 1616/1284/1616
f 1616/1284/1616 1635/1303/1635 1617/1285/1617 1598/1266/1598
f 1617/1285/1617 1636/1304/1636 1637/1305/1637 1618/1286/1618
f 1618/1286/1618 1637/1305/1637 1638/1306/1638 1619/1287/1619
f 1619/1287/1619 1638/1306/1638 1639/1307/1639 1620/1288/1620
f 1620/1288/1620 1639/1307/1639 1640/1308/1640 1621/1289/1621
f 1621/1289/1621 1640/1308/1640 1641/1309/1641 1622/1290/1622
f 1622/1290/1622 1641/1309/1641 1642/1310/1642 1623/1291/1623
f 1623/1291/1623 1642/1310/1642 1643/1311/1643 1624/1292/1624
f 1624/1292/1624 1643/1311/1643 1644/1312/1644 1625/1293/1625
f 1625/1293/1625 1644/1312/1644 1645/1313/1645 1626/1294/1626
f 1626/1294/1626 1645/1313/1645 1646/1314/1646 1627/1295/1627
f 1627/1295/1627 1646/1314/1646 1647/1315/1647 1628/1296/1628
f 1628/1296/1628 1647/1315/1647 1648/1316/1648 1629/1297/1629
f 1629/1297/1629 1648/1316/1648 1649/1317/1649 1630/1298/1630
f 1630/1298/1630 1649/1317/1649 1650/1318/1650 1631/1299/1631
f 1631/1299/1631 1650/1318/1650 1651/1319/1651 1632/1300/1632
f 1632/1300/1632 1651/1319/1651 1652/1320/1652 1633/1301/1633
f 1633/1301/1633 1652/1320/1652 1653/1321/1653 1634/1302/1634
f 1634/1302/1634 1653/1321/1653 1654/1322/1654 1635/1303/1635
f 1635/1303/1635 1654/1322/1654 1636/1304/1636 1617/1285/1617
f 1636/1323/1636 1655/1324/1655 1656/1324/1656 1637/1323/1637
f 1637/1323/1637 1656/1324/1656 1657/1325/1657 1638/1323/1638
f 1638/1323/1638 1657/1325/1657 1658/1323/1658 1639/1323/1639
f 1639/1323/1639 1658/1323/1658 1659/1323/1659 1640/1326/1640
f 1640/1326/1640 1659/1323/1659 1660/1326/1660 1641/1326/1641
f 1641/1326/1641 1660/1326/1660 1661/1326/1661 1642/1326/1642
f 1642/1326/1642 1661/1326/1661 1662/1327/1662 1643/1326/1643
f 1643/1326/1643 1662/1327/1662 1663/1327/1663 1644/1326/1644
f 1644/1326/1644 1663/1327/1663 1664/1327/1664 1645/1326/1645
f 1645/1326/1645 1664/1327/1664 1665/1327/1665 1646/1326/1646
f 1646/1326/1646 1665/1327/1665 1666/1327/1666 1647/1326/1647
f 1647/1326/1647 1666/1327/1666 1667/1327/1667 1648/1326/1648
f 1648/1326/1648 1667/1327/1667 1668/1326/1668 1649/1326/1649
f 1649/1326/1649 1668/1326/1668 1669/1326/1669 1650/1326/1650
f 1650/1326/1650 1669/1326/1669 1670/1323/1670 1651/1326/1651
f 1651/1326/1651 1670/1323/1670 1671/1328/1671 1652/1323/1652
f 1652/1323/1652 1671/1328/1671 1672/1329/1672 1653/1323/1653
f 1653/1323/1653 1672/1329/1672 1673/1324/1673 1654/1323/1654
f 1654/1323/1654 1673/1324/1673 1655/1324/1655 1636/1323/1636
f 1655/1324/1655 1674/1330/1674 1675/1331/1675 1656/1324/1656
f 1656/1324/1656 1675/1331/1675 1676/1332/1676 1657/1325/1657
f 1657/1325/1657 1676/1332/1676 1677/1324/1677 1658/1323/1658
f 1658/1323/1658 1677/1324/1677 1678/1325/1678 1659/1323/1659
f 1659/1323/1659 1678/1325/1678 1679/1326/1679 1660/1326/1660
f 1660/1326/1660 1679/1326/1679 1680/1333/1680 1661/1326/1661
f 1661/1326/1661 1680/1333/1680 1681/1334/1681 1662/1327/1662
f 1662/1327/1662 1681/1334/1681 1682/1335/1682 1663/1327/1663
f 1663/1327/1663 1682/1335/1682 1683/1335/1683 1664/1327/1664
f 1664/1327/1664 1683/1335/1683 1684/1336/1684 1665/1327/1665
f 1665/1327/1665 1684/1336/1684 1685/1336/1685 1666/1327/1666
f 1666/1327/1666 1685/1336/1685 1686/1337/1686 1667/1327/1667
f 1667/1327/1667 1686/1337/1686 1687/1327/1687 1668/1326/1668
f 1668/1326/1668 1687/1327/1687 1688/1338/1688 1669/1326/1669
f 1669/1326/1669 1688/1338/1688 1689/1329/1689 1670/1323/1670
f 1670/1323/1670 1689/1329/1689 1690/1339/1690 1671/1328/1671
f 1671/1328/1671 1690/1339/1690 1691/1340/1691 1672/1329/1672
f 1672/1329/1672 1691/1340/1691 1692/1331/1692 1673/1324/1673
f 1673/1324/1673 1692/1331/1692 1674/1330/1674 1655/1324/1655
f 1674/1330/1674 1693/1341/1693 1694/1342/1694 1675/1331/1675
f 1675/1331/1675 1694/1342/1694 1695/1343/1695 1676/1332/1676
f 1676/1332/1676 1695/1343/1695 1696/1344/1696 1677/1324/1677
f 1677/1324/1677 1696/1344/1696 1697/1324/1697 1678/1325/1678
f 1678/1325/1678 1697/1324/1697 1698/1345/1698 1679/1326/1679
f 1679/1326/1679 1698/1345/1698 1699/1335/1699 1680/1333/1680
f 1680/1333/1680 1699/1335/1699 1700/1335/1700 1681/1334/1681
f 1681/1334/1681 1700/1335/1700 1701/1346/1701 1682/1335/1682
f 1682/1335/1682 1701/1346/1701 1702/1347/1702 1683/1335/1683
f 1683/1335/1683 1702/1347/1702 1703/1348/1703 1684/1336/1684
f 1684/1336/1684 1703/1348/1703 1704/1348/1704 1685/1336/1685
f 1685/1336/1685 1704/1348/1704 1705/1336/1705 1686/1337/1686
f 1686/1337/1686 1705/1336/1705 1706/1337/1706 1687/1327/1687
f 1687/1327/1687 1706/1337/1706 1707/1338/1707 1688/1338/1688
f 1688/1338/1688 1707/1338/1707 1708/1339/1708 1689/1329/1689
f 1689/1329/1689 1708/1339/1708 1709/1349/1709 1690/1339/1690
f 1690/1339/1690 1709/1349/1709 1710/1350/1710 1691/1340/1691
f 1691/1340/1691 1710/1350/1710 1711/1342/1711 1692/1331/1692
f 1692/1331/1692 1711/1342/1711 1693/1341/1693 1674/1330/1674
f 1693/1341/1693 1712/1351/1712 1713/1352/1713 1694/1342/1694
f 1694/1342/1694 1713/1352/1713 1714/1353/1714 1695/1343/1695
f 1695/1343/1695 1714/1353/1714 1715/1354/1715 1696/1344/1696
f 1696/1344/1696 1715/1354/1715 1716/1355/1716 1697/1324/1697
f 1697/1324/1697 1716/1355/1716 1717/1345/1717 1698/1345/1698
f 1698/1345/1698 1717/1345/1717 1718/1356/1718 1699/1335/1699
f 1699/1335/1699 1718/1356/1718 1719/1357/1719 1700/1335/1700
f 1700/1335/1700 1719/1357/1719 1720/1358/1720 1701/1346/1701
f 1701/1346/1701 1720/1358/1720 1721/1359/1721 1702/1347/1702
f 1702/1347/1702 1721/1359/1721 1722/1360/1722 1703/1348/1703
f 1703/1348/1703 1722/1360/1722 1723/1360/1723 1704/1348/1704
f 1704/1348/1704 1723/1360/1723 1724/1361/1724 1705/1336/1705
f 1705/1336/1705 1724/1361/1724 1725/1362/1725 1706/1337/1706
f 1706/1337/1706 1725/1362/1725 1726/1328/1726 1707/1338/1707
f 1707/1338/1707 1726/1328/1726 1727/1363/1727 1708/1339/1708
f 1708/1339/1708 1727/1363/1727 1728/1364/1728 1709/1349/1709
f 1709/1349/1709 1728/1364/1728 1729/1365/1729 1710/1350/1710
f 1710/1350/1710 1729/1365/1729 1730/1352/1730 1711/1342/1711
f 1711/1342/1711 1730/1352/1730 1712/1351/1712 1693/1341/1693
f 1712/1351/1712 1731/1366/1731 1732/1367/1732 1713/1352/1713
f 1713/1352/1713 1732/1367/1732 1733/1368/1733 1714/1353/1714
f 1714/1353/1714 1733/1368/1733 1734/1369/1734 1715/1354/1715
f 1715/1354/1715 1734/1369/1734 1735/1370/1735 1716/1355/1716
f 1716/1355/1716 1735/1370/1735 1736/1325/1736 1717/1345/1717
f 1717/1345/1717 1736/1325/1736 1737/1357/1737 1718/1356/1718
f 1718/1356/1718 1737/1357/1737 1738/1371/1738 1719/1357/1719
f 1719/1357/1719 1738/1371/1738 1739/1372/1739 1720/1358/1720
f 1720/1358/1720 1739/1372/1739 1740/1373/1740 1721/1359/1721
f 1721/1359/1721 1740/1373/1740 1741/1374/1741 1722/1360/1722
f 1722/1360/1722 1741/1374/1741 1742/1375/1742 1723/1360/1723
f 1723/1360/1723 1742/1375/1742 1743/1376/1743 1724/1361/1724
f 1724/1361/1724 1743/1376/1743 1744/1361/1744 1725/1362/1725
f 1725/1362/1725 1744/1361/1744 1745/1328/1745 1726/1328/1726
f 1726/1328/1726 1745/1328/1745 1746/1364/1746 1727/1363/1727
f 1727/1363/1727 1746/1364/1746 1747/1377/1747 1728/1364/1728
f 1728/1364/1728 1747/1377/1747 1748/1378/1748 1729/1365/1729
f 1729/1365/1729 1748/1378/1748 1749/1379/1749 1730/1352/1730
f 1730/1352/1730 1749/1379/1749 1731/1366/1731 1712/1351/1712
f 1731/1366/1731 1750/1380/1750 1751/1381/1751 1732/1367/1732
f 1732/1367/1732 1751/1381/1751 1752/1382/1752 1733/1368/1733
f 1733/1368/1733 1752/1382/1752 1753/1383/1753 1734/1369/1734
f 1734/1369/1734 1753/1383/1753 1754/1384/1754 1735/1370/1735
f 1735/1370/1735 1754/1384/1754 1755/1385/1755 1736/1325/1736
f 1736/1325/1736 1755/1385/1755 1756/1386/1756 1737/1357/1737
f 1737/1357/1737 1756/1386/1756 1757/1387/1757 1738/1371/1738
f 1738/1371/1738 1757/1387/1757 1758/1388/1758 1739/1372/1739
f 1739/1372/1739 1758/1388/1758 1759/1389/1759 1740/1373/1740
f 1740/1373/1740 1759/1389/1759 1760/1390/1760 1741/1374/1741
f 1741/1374/1741 1760/1390/1760 1761/1391/1761 1742/1375/1742
f 1742/1375/1742 1761/1391/1761 1762/1392/1762 1743/1376/1743
f 1743/1376/1743 1762/1392/1762 1763/1393/1763 1744/1361/1744
f 1744/1361/1744 1763/1393/1763 1764/1394/1764 1745/1328/1745
f 1745/1328/1745 1764/1394/1764 1765/1395/1765 1746/1364/1746
f 1746/1364/1746 1765/1395/1765 1766/1396/1766 1747/1377/1747
f 1747/1377/1747 1766/1396/1766 1767/1397/1767 1748/1378/1748
f 1748/1378/1748 1767/1397/1767 1768/1398/1768 1749/1379/1749
f 1749/1379/1749 1768/1398/1768 1750/1380/1750 1731/1366/1731
f 1750/1380/1750 1769/1399/1769 1770/1400/1770 1751/1381/1751
f 1751/1381/1751 1770/1400/1770 1771/1401/1771 1752/1382/1752
f 1752/1382/1752 1771/1401/1771 1772/1402/1772 1753/1383/1753
f 1753/1383/1753 1772/1402/1772 1773/1403/1773 1754/1384/1754
f 1754/1384/1754 1773/1403/1773 1774/1404/1774 1755/1385/1755
f 1755/1385/1755 1774/1404/1774 1775/1405/1775 1756/1386/1756
f 1756/1386/1756 1775/1405/1775 1776/1406/1776 1757/1387/1757
f 1757/1387/1757 1776/1406/1776 1777/1407/1777 1758/1388/1758
f 1758/1388/1758 1777/1407/1777 1778/1408/1778 1759/1389/1759
f 1759/1389/1759 1778/1408/1778 1779/1409/1779 1760/1390/1760
f 1760/1390/1760 1779/1409/1779 1780/1410/1780 1761/1391/1761
f 1761/1391/1761 1780/1410/1780 1781/1411/1781 1762/1392/1762
f 1762/1392/1762 1781/1411/1781 1782/1412/1782 1763/1393/1763
f 1763/1393/1763 1782/1412/1782 1783/1413/1783 1764/1394/1764
f 1764/1394/1764 1783/1413/1783 1784/1414/1784 1765/1395/1765
f 1765/1395/1765 1784/1414/1784 1785/1415/1785 1766/1396/1766
f 1766/1396/1766 1785/1415/1785 1786/1416/1786 1767/1397/1767
f 1767/1397/1767 1786/1416/1786 1787/1417/1787 1768/1398/1768
f 1768/1398/1768 1787/1417/1787 1769/1399/1769 1750/1380/1750
f 1769/1399/1769 1788/1418/1788 1789/1419/1789 1770/1400/1770
f 1770/1400/1770 1789/1419/1789 1790/1420/1790 1771/1401/1771
f 1771/1401/1771 1790/1420/1790 1791/1421/1791 1772/1402/1772
f 1772/1402/1772 1791/1421/1791 1792/1422/1792 1773/1403/1773
f 1773/1403/1773 1792/1422/1792 1793/1423/1793 1774/1404/1774
f 1774/1404/1774 1793/1423/1793 1794/1424/1794 1775/1405/1775
f 1775/1405/1775 1794/1424/1794 1795/1425/1795 1776/1406/1776
f 1776/1406/1776 1795/1425/1795 1796/1426/1796 1777/1407/1777
f 1777/1407/1777 1796/1426/1796 1797/1427/1797 1778/1408/1778
f 1778/1408/1778 1797/1427/1797 1798/1428/1798 1779/1409/1779
f 1779/1409/1779 1798/1428/1798 1799/1429/1799 1780/1410/1780
f 1780/1410/1780 1799/1429/1799 1800/1430/1800 1781/1411/1781
f 1781/1411/1781 1800/1430/1800 1801/1431/1801 1782/1412/1782
f 1782/1412/1782 1801/1431/1801 1802/1432/1802 1783/1413/1783
f 1783/1413/1783 1802/1432/1802 1803/1433/1803 1784/1414/1784
f 1784/1414/1784 1803/1433/1803 1804/1434/1804 1785/1415/1785
f 1785/1415/1785 1804/1434/1804 1805/1435/1805 1786/1416/1786
f 1786/1416/1786 1805/1435/1805 1806/1436/1806 1787/1417/1787
f 1787/1417/1787 1806/1436/1806 1788/1418/1788 1769/1399/1769
f 1788/1418/1788 1807/1437/1807 1808/1438/1808 1789/1419/1789
f 1789/1419/1789 1808/1438/1808 1809/1439/1809 1790/1420/1790
f 1790/1420/1790 1809/1439/1809 1810/1440/1810 1791/1421/1791
f 1791/1421/1791 1810/1440/1810 1811/1441/1811 1792/1422/1792
f 1792/1422/1792 1811/1441/1811 1812/1442/1812 1793/1423/1793
f 1793/1423/1793 1812/1442/1812 1813/1443/1813 1794/1424/1794
f 1794/1424/1794 1813/1443/1813 1814/1444/1814 1795/1425/1795
f 1795/1425/1795 1814/1444/1814 1815/1445/1815 1796/1426/1796
f 1796/1426/1796 1815/1445/1815 1816/1446/1816 1797/1427/1797
f 1797/1427/1797 1816/1446/1816 1817/1447/1817 1798/1428/1798
f 1798/1428/1798 1817/1447/1817 1818/1448/1818 1799/1429/1799
f 1799/1429/1799 1818/1448/1818 1819/1449/1819 1800/1430/1800
f 1800/1430/1800 1819/1449/1819 1820/1450/1820 1801/1431/1801
f 1801/1431/1801 1820/1450/1820 1821/1451/1821 1802/1432/1802
f 1802/1432/1802 1821/1451/1821 1822/1452/1822 1803/1433/1803
f 1803/1433/1803 1822/1452/1822 1823/1453/1823 1804/1434/1804
f 1804/1434/1804 1823/1453/1823 1824/1454/1824 1805/1435/1805
f 1805/1435/1805 1824/1454/1824 1825/1455/1825 1806/1436/1806
f 1806/1436/1806 1825/1455/1825 1807/1437/1807 1788/1418/1788
f 1807/1437/1807 1826/1456/1826 1827/1457/1827 1808/1438/1808
f 1808/1438/1808 1827/1457/1827 1828/1458/1828 1809/1439/1809
f 1809/1439/1809 1828/1458/1828 1829/1459/1829 1810/1440/1810
f 1810/1440/1810 1829/1459/1829 1830/1460/1830 1811/1441/1811
f 1811/1441/1811 1830/1460/1830 1831/1461/1831 1812/1442/1812
f 1812/1442/1812 1831/1461/1831 1832/1462/1832 1813/1443/1813
f 1813/1443/1813 1832/1462/1832 1833/1463/1833 1814/1444/1814
f 1814/1444/1814 1833/1463/1833 1834/1464/1834 1815/1445/1815
f 1815/1445/1815 1834/1464/1834 1835/1465/1835 1816/1446/1816
f 1816/1446/1816 1835/1465/1835 1836/1466/1836 1817/1447/1817
f 1817/1447/1817 1836/1466/1836 1837/1467/1837 1818/1448/1818
f 1818/1448/1818 1837/1467/1837 1838/1468/1838 1819/1449/1819
f 1819/1449/1819 1838/1468/1838 1839/1469/1839 1820/1450/1820
f 1820/1450/1820 1839/1469/1839 1840/1470/1840 1821/1451/1821
f 1821/1451/1821 1840/1470/1840 1841/1471/1841 1822/1452/1822
f 1822/1452/1822 1841/1471/1841 1842/1472/1842 1823/1453/1823
f 1823/1453/1823 1842/1472/1842 1843/1473/1843 1824/1454/1824
f 1824/1454/1824 1843/1473/1843 1844/1474/1844 1825/1455/1825
f 1825/1455/1825 1844/1474/1844 1826/1456/1826 1807/1437/1807
f 1826/1456/1826 1845/1475/1845 1846/1476/1846 1827/1457/1827
f 1827/1457/1827 1846/1476/1846 1847/1477/1847 1828/1458/1828
f 1828/1458/1828 1847/1477/1847 1848/1478/1848 1829/1459/1829
f 1829/1459/1829 1848/1478/1848 1849/1479/1849 1830/1460/1830
f 1830/1460/1830 1849/1479/1849 1850/1480/1850 1831/1461/1831
f 1831/1461/1831 1850/1480/1850 1851/1481/1851 1832/1462/1832
f 1832/1462/1832 1851/1481/1851 1852/1482/1852 1833/1463/1833
f 1833/1463/1833 1852/1482/1852 1853/1483/1853 1834/1464/1834
f 1834/1464/1834 1853/1483/1853 1854/1484/1854 1835/1465/1835
f 1835/1465/1835 1854/1484/1854 1855/1485/1855 1836/1466/1836
f 1836/1466/1836 1855/1485/1855 1856/1486/1856 1837/1467/1837
f 1837/1467/1837 1856/1486/1856 1857/1487/1857 1838/1468/1838
f 1838/1468/1838 1857/1487/1857 1858/1488/1858 1839/1469/1839
f 1839/1469/1839 1858/1488/1858 1859/1489/1859 1840/1470/1840
f 1840/1470/1840 1859/1489/1859 1860/1490/1860 1841/1471/1841
f 1841/1471/1841 1860/1490/1860 1861/1491/1861 1842/1472/1842
f 1842/1472/1842 1861/1491/1861 1862/1492/1862 1843/1473/1843
f 1843/1473/1843 1862/1492/1862 1863/1493/1863 1844/1474/1844
f 1844/1474/1844 1863/1493/1863 1845/1475/1845 1826/1456/1826
f 1845/1475/1845 1864/1494/1864 1865/1495/1865 1846/1476/1846
f 1846/1476/1846 1865/1495/1865 1866/1496/1866 1847/1477/1847
f 1847/1477/1847 1866/1496/1866 1867/1497/1867 1848/1478/1848
f 1848/1478/1848 1867/1497/1867 1868/1498/1868 1849/1479/1849
f 1849/1479/1849 1868/1498/1868 1869/1499/1869 1850/1480/1850
f 1850/1480/1850 1869/1499/1869 1870/1500/1870 1851/1481/1851
f 1851/1481/1851 1870/1500/1870 1871/1501/1871 1852/1482/1852
f 1852/1482/1852 1871/1501/1871 1872/1502/1872 1853/1483/1853
f 1853/1483/1853 1872/1502/1872 1873/1503/1873 1854/1484/1854
f 1854/1484/1854 1873/1503/1873 1874/1504/1874 1855/1485/1855
f 1855/1485/1855 1874/1504/1874 1875/1505/1875 1856/1486/1856
f 1856/1486/1856 1875/1505/1875 1876/1506/1876 1857/1487/1857
f 1857/1487/1857 1876/1506/1876 1877/1507/1877 1858/1488/1858
f 1858/1488/1858 1877/1507/1877 1878/1508/1878 1859/1489/1859
f 1859/1489/1859 1878/1508/1878 1879/1509/1879 1860/1490/1860
f 1860/1490/1860 1879/1509/1879 1880/1510/1880 1861/1491/1861
f 1861/1491/1861 1880/1510/1880 1881/1511/1881 1862/1492/1862
f 1862/1492/1862 1881/1511/1881 1882/1512/1882 1863/1493/1863
f 1863/1493/1863 1882/1512/1882 1864/1494/1864 1845/1475/1845
f 1864/1494/1864 1883/1513/1883 1884/1514/1884 1865/1495/1865
f 1865/1495/1865 1884/1514/1884 1885/1515/1885 1866/1496/1866
f 1866/1496/1866 1885/1515/1885 1886/1516/1886 1867/1497/1867
f 1867/1497/1867 1886/1516/1886 1887/1517/1887 1868/1498/1868
f 1868/1498/1868 1887/1517/1887 1888/1518/1888 1869/1499/1869
f 1869/1499/1869 1888/1518/1888 1889/1519/1889 1870/1500/1870
f 1870/1500/1870 1889/1519/1889 1890/1520/1890 1871/1501/1871
f 1871/1501/1871 1890/1520/1890 1891/1521/1891 1872/1502/1872
f 1872/1502/1872 1891/1521/1891 1892/1522/1892 1873/1503/1873
f 1873/1503/1873 1892/1522/1892 1893/1523/1893 1874/1504/1874
f 1874/1504/1874 1893/1523/1893 1894/1524/1894 1875/1505/1875
f 1875/1505/1875 1894/1524/1894 1895/1525/1895 1876/1506/1876
f 1876/1506/1876 1895/1525/1895 1896/1526/1896 1877/1507/1877
f 1877/1507/1877 1896/1526/1896 1897/1527/1897 1878/1508/1878
f 1878/1508/1878 1897/1527/1897 1898/1528/1898 1879/1509/1879
f 1879/1509/1879 1898/1528/1898 1899/1529/1899 1880/1510/1880
f 1880/1510/1880 1899/1529/1899 1900/1530/1900 1881/1511/1881
f 1881/1511/1881 1900/1530/1900 1901/1531/1901 1882/1512/1882
f 1882/1512/1882 1901/1531/1901 1883/1513/1883 1864/1494/1864
f 1883/1513/1883 1902/1532/1902 1903/1533/1903 1884/1514/1884
f 1884/1514/1884 1903/1533/1903 1904/1534/1904 1885/1515/1885
f 1885/1515/1885 1904/1534/1904 1905/1535/1905 1886/1516/1886
f 1886/1516/1886 1905/1535/1905 1906/1536/1906 1887/1517/1887
f 1887/1517/1887 1906/1536/1906 1907/1537/1907 1888/1518/1888
f 1888/1518/1888 1907/1537/1907 1908/1538/1908 1889/1519/1889
f 1889/1519/1889 1908/1538/1908 1909/1539/1909 1890/1520/1890
f 1890/1520/1890 1909/1539/1909 1910/1540/1910 1891/1521/1891
f 1891/1521/1891 1910/1540/1910 1911/1541/1911 1892/1522/1892
f 1892/1522/1892 1911/1541/1911 1912/1542/1912 1893/1523/1893
f 1893/1523/1893 1912/1542/1912 1913/1543/1913 1894/1524/1894
f 1894/1524/1894 1913/1543/1913 1914/1544/1914 1895/1525/1895
f 1895/1525/1895 1914/1544/1914 1915/1545/1915 1896/1526/1896
f 1896/1526/1896 1915/1545/1915 1916/1546/1916 1897/1527/1897
f 1897/1527/1897 1916/1546/1916 1917/1547/1917 1898/1528/1898
f 1898/1528/1898 1917/1547/1917 1918/1548/1918 1899/1529/1899
f 1899/1529/1899 1918/1548/1918 1919/1549/1919 1900/1530/1900
f 1900/1530/1900 1919/1549/1919 1920/1550/1920 1901/1531/1901
f 1901/1531/1901 1920/1550/1920 1902/1532/1902 1883/1513/1883
f 1902/1532/1902 1921/1551/1921 1922/1552/1922 1903/1533/1903
f 1903/1533/1903 1922/1552/1922 1923/1553/1923 1904/1534/1904
f 1904/1534/1904 1923/1553/1923 1924/1554/1924 1905/1535/1905
f 1905/1535/1905 1924/1554/1924 1925/1555/1925 1906/1536/1906
f 1906/1536/1906 1925/1555/1925 1926/1556/1926 1907/1537/1907
f 1907/1537/1907 1926/1556/1926 1927/1557/1927 1908/1538/1908
f 1908/1538/1908 1927/1557/1927 1928/1558/1928 1909/1539/1909
f 1909/1539/1909 1928/1558/1928 1929/1559/1929 1910/1540/1910
f 1910/1540/1910 1929/1559/1929 1930/1560/1930 1911/1541/1911
f 1911/1541/1911 1930/1560/1930 1931/1561/1931 1912/1542/1912
f 1912/1542/1912 1931/1561/1931 1932/1562/1932 1913/1543/1913
f 1913/1543/1913 1932/1562/1932 1933/1563/1933 1914/1544/1914
f 1914/1544/1914 1933/1563/1933 1934/1564/1934 1915/1545/1915
f 1915/1545/1915 1934/1564/1934 1935/1565/1935 1916/1546/1916
f 1916/1546/1916 1935/1565/1935 1936/1566/1936 1917/1547/1917
f 1917/1547/1917 1936/1566/1936 1937/1567/1937 1918/1548/1918
f 1918/1548/1918 1937/1567/1937 1938/1568/1938 1919/1549/1919
f 1919/1549/1919 1938/1568/1938 1939/1569/1939 1920/1550/1920
f 1920/1550/1920 1939/1569/1939 1921/1551/1921 1902/1532/1902
f 1921/1551/1921 1940/1570/1940 1941/1571/1941 1922/1552/1922
f 1922/1552/1922 1941/1571/1941 1942/1572/1942 1923/1553/1923
f 1923/1553/1923 1942/1572/1942 1943/1573/1943 1924/1554/1924
f 1924/1554/1924 1943/1573/1943 1944/1574/1944 1925/1555/1925
f 1925/1555/1925 1944/1574/1944 1945/1575/1945 1926/1556/1926
f 1926/1556/1926 1945/1575/1945 1946/1576/1946 1927/1557/1927
f 1927/1557/1927 1946/1576/1946 1947/1577/1947 1928/1558/1928
f 1928/1558/1928 1947/1577/1947 1948/1578/1948 1929/1559/1929
f 1929/1559/1929 1948/1578/1948 1949/1579/1949 1930/1560/1930
f 1930/1560/1930 1949/1579/1949 1950/1580/1950 1931/1561/1931
f 1931/1561/1931 1950/1580/1950 1951/1581/1951 1932/1562/1932
f 1932/1562/1932 1951/1581/1951 1952/1582/1952 1933/1563/1933
f 1933/1563/1933 1952/1582/1952 1953/1583/1953 1934/1564/1934
f 1934/1564/1934 1953/1583/1953 1954/1584/1954 1935/1565/1935
f 1935/1565/1935 1954/1584/1954 1955/1585/1955 1936/1566/1936
f 1936/1566/1936 1955/1585/1955 1956/1586/1956 1937/1567/1937
f 1937/1567/1937 1956/1586/1956 1957/1587/1957 1938/1568/1938
f 1938/1568/1938 1957/1587/1957 1958/1588/1958 1939/1569/1939
f 1939/1569/1939 1958/1588/1958 1940/1570/1940 1921/1551/1921
f 1940/1570/1940 1959/1589/1959 1960/1590/1960 1941/1571/1941
f 1941/1571/1941 1960/1590/1960 1961/1591/1961 1942/1572/1942
f 1942/1572/1942 1961/1591/1961 1962/1592/1962 1943/1573/1943
f 1943/1573/1943 1962/1592/1962 1963/1593/1963 1944/1574/1944
f 1944/1574/1944 1963/1593/1963 1964/1594/1964 1945/1575/1945
f 1945/1575/1945 1964/1594/1964 1965/1595/1965 1946/1576/1946
f 1946/1576/1946 1965/1595/1965 1966/1596/1966 1947/1577/1947
f 1947/1577/1947 1966/1596/1966 1967/1597/1967 1948/1578/1948
f 1948/1578/1948 1967/1597/1967 1968/1598/1968 1949/1579/1949
f 1949/1579/1949 1968/1598/1968 1969/1599/1969 1950/1580/1950
f 1950/1580/1950 1969/1599/1969 1970/1600/1970 1951/1581/1951
f 1951/1581/1951 1970/1600/1970 1971/1601/1971 1952/1582/1952
f 1952/1582/1952 1971/1601/1971 1972/1602/1972 1953/1583/1953
f 1953/1583/1953 1972/1602/1972 1973/1603/1973 1954/1584/1954
f 1954/1584/1954 1973/1603/1973 1974/1604/1974 1955/1585/1955
f 1955/1585/1955 1974/1604/1974 1975/1605/1975 1956/1586/1956
f 1956/1586/1956 1975/1605/1975 1976/1606/1976 1957/1587/1957
f 1957/1587/1957 1976/1606/1976 1977/1607/1977 1958/1588/1958
f 1958/1588/1958 1977/1607/1977 1959/1589/1959 1940/1570/1940
f 1959/1589/1959 1978/1608/1978 1979/1609/1979 1960/1590/1960
f 1960/1590/1960 1979/1609/1979 1980/1610/1980 1961/1591/1961
f 1961/1591/1961 1980/1610/1980 1981/1611/1981 1962/1592/1962
f 1962/1592/1962 1981/1611/1981 1982/1612/1982 1963/1593/1963
f 1963/1593/1963 1982/1612/1982 1983/1613/1983 1964/1594/1964
f 1964/1594/1964 1983/1613/1983 1984/1614/1984 1965/1595/1965
f 1965/1595/1965 1984/1614/1984 1985/1615/1985 1966/1596/1966
f 1966/1596/1966 1985/1615/1985 1986/1616/1986 1967/1597/1967
f 1967/1597/1967 1986/1616/1986 1987/1617/1987 1968/1598/1968
f 1968/1598/1968 1987/1617/1987 1988/1618/1988 1969/1599/1969
f 1969/1599/1969 1988/1618/1988 1989/1619/1989 1970/1600/1970
f 1970/1600/1970 1989/1619/1989 1990/1620/1990 1971/1601/1971
f 1971/1601/1971 1990/1620/1990 1991/1621/1991 1972/1602/1972
f 1972/1602/1972 1991/1621/1991 1992/1622/1992 1973/1603/1973
f 1973/1603/1973 1992/1622/1992 1993/1623/1993 1974/1604/1974
f 1974/1604/1974 1993/1623/1993 1994/1624/1994 1975/1605/1975
f 1975/1605/1975 1994/1624/1994 1995/1625/1995 1976/1606/1976
f 1976/1606/1976 1995/1625/1995 1996/1626/1996 1977/1607/1977
f 1977/1607/1977 1996/1626/1996 1978/1608/1978 1959/1589/1959
f 1978/1608/1978 1997/1627/1997 1998/1628/1998 1979/1609/1979
f 1979/1609/1979 1998/1628/1998 1999/1629/1999 1980/1610/1980
f 1980/1610/1980 1999/1629/1999 2000/1630/2000 1981/1611/1981
f 1981/1611/1981 2000/1630/2000 2001/1631/2001 1982/1612/1982
f 1982/1612/1982 2001/1631/2001 2002/1632/2002 1983/1613/1983
f 1983/1613/1983 2002/1632/2002 2003/1633/2003 1984/1614/1984
f 1984/1614/1984 2003/1633/2003 2004/1634/2004 1985/1615/1985
f 1985/1615/1985 2004/1634/2004 2005/1635/2005 1986/1616/1986
f 1986/1616/1986 2005/1635/2005 2006/1636/2006 1987/1617/1987
f 1987/1617/1987 2006/1636/2006 2007/1637/2007 1988/1618/1988
f 1988/1618/1988 2007/1637/2007 2008/1638/2008 1989/1619/1989
f 1989/1619/1989 2008/1638/2008 2009/1639/2009 1990/1620/1990
f 1990/1620/1990 2009/1639/2009 2010/1640/2010 1991/1621/1991
f 1991/1621/1991 2010/1640/2010 2011/1641/2011 1992/1622/1992
f 1992/1622/1992 2011/1641/2011 2012/1642/2012 1993/1623/1993
f 1993/1623/1993 2012/1642/2012 2013/1643/2013 1994/1624/1994
f 1994/1624/1994 2013/1643/2013 2014/1644/2014 1995/1625/1995
f 1995/1625/1995 2014/1644/2014 2015/1645/2015 1996/1626/1996
f 1996/1626/1996 2015/1645/2015 1997/1627/1997 1978/1608/1978
f 1997/1627/1997 2016/1646/2016 2017/1647/2017 1998/1628/1998
f 1998/1628/1998 2017/1647/2017 2018/1648/2018 1999/1629/1999
f 1999/1629/1999 2018/1648/2018 2019/1649/2019 2000/1630/2000
f 2000/1630/2000 2019/1649/2019 2020/1650/2020 2001/1631/2001
f 2001/1631/2001 2020/1650/2020 2021/1651/2021 2002/1632/2002
f 2002/1632/2002 2021/1651/2021 2022/1652/2022 2003/1633/2003
f 2003/1633/2003 2022/1652/2022 2023/1653/2023 2004/1634/2004
f 2004/1634/2004 2023/1653/2023 2024/1654/2024 2005/1635/2005
f 2005/1635/2005 2024/1654/2024 2025/1655/2025 2006/1636/2006
f 2006/1636/2006 2025/1655/2025 2026/1656/2026 2007/1637/2007
f 2007/1637/2007 2026/1656/2026 2027/1657/2027 2008/1638/2008
f 2008/1638/2008 2027/1657/2027 2028/1658/2028 2009/1639/2009
f 2009/1639/2009 2028/1658/2028 2029/1659/2029 2010/1640/2010
f 2010/1640/2010 2029/1659/2029 2030/1660/2030 2011/1641/2011
f 2011/1641/2011 2030/1660/2030 2031/1661/2031 2012/1642/2012
f 2012/1642/2012 2031/1661/2031 2032/1662/2032 2013/1643/2013
f 2013/1643/2013 2032/1662/2032 2033/1663/2033 2014/1644/2014
f 2014/1644/2014 2033/1663/2033 2034/1664/2034 2015/1645/2015
f 2015/1645/2015 2034/1664/2034 2016/1646/2016 1997/1627/1997
f 2016/1646/2016 2035/1665/2035 2036/1666/2036 2017/1647/2017
f 2017/1647/2017 2036/1666/2036 2037/1667/2037 2018/1648/2018
f 2018/1648/2018 2037/1667/2037 2038/1668/2038 2019/1649/2019
f 2019/1649/2019 2038/1668/2038 2039/1669/2039 2020/1650/2020
f 2020/1650/2020 2039/1669/2039 2040/1670/2040 2021/1651/2021
f 2021/1651/2021 2040/1670/2040 2041/1671/2041 2022/1652/2022
f 2022/1652/2022 2041/1671/2041 2042/1672/2042 2023/1653/2023
f 2023/1653/2023 2042/1672/2042 2043/1673/2043 2024/1654/2024
f 2024/1654/2024 2043/1673/2043 2044/1674/2044 2025/1655/2025
f 2025/1655/2025 2044/1674/2044 2045/1675/2045 2026/1656/2026
f 2026/1656/2026 2045/1675/2045 2046/1676/2046 2027/1657/2027
f 2027/1657/2027 2046/1676/2046 2047/1677/2047 2028/1658/2028
f 2028/1658/2028 2047/1677/2047 2048/1678/2048 2029/1659/2029
f 2029/1659/2029 2048/1678/2048 2049/1679/2049 2030/1660/2030
f 2030/1660/2030 2049/1679/2049 2050/1680/2050 2031/1661/2031
f 2031/1661/2031 2050/1680/2050 2051/1681/2051 2032/1662/2032
f 2032/1662/2032 2051/1681/2051 2052/1682/2052 2033/1663/2033
f 2033/1663/2033 2052/1682/2052 2053/1683/2053 2034/1664/2034
f 2034/1664/2034 2053/1683/2053 2035/1665/2035 2016/1646/2016
f 2035/1665/2035 2054/1684/2054 2055/1685/2055 2036/1666/2036
f 2036/1666/2036 2055/1685/2055 2056/1686/2056 2037/1667/2037
f 2037/1667/2037 2056/1686/2056 2057/1687/2057 2038/1668/2038
f 2038/1668/2038 2057/1687/2057 2058/1688/2058 2039/1669/2039
f 2039/1669/2039 2058/1688/2058 2059/1689/2059 2040/1670/2040
f 2040/1670/2040 2059/1689/2059 2060/1690/2060 2041/1671/2041
f 2041/1671/2041 2060/1690/2060 2061/1691/2061 2042/1672/2042
f 2042/1672/2042 2061/1691/2061 2062/1692/2062 2043/1673/2043
f 2043/1673/2043 2062/1692/2062 2063/1693/2063 2044/1674/2044
f 2044/1674/2044 2063/1693/2063 2064/1694/2064 2045/1675/2045
f 2045/1675/2045 2064/1694/2064 2065/1695/2065 2046/1676/2046
f 2046/1676/2046 2065/1695/2065 2066/1696/2066 2047/1677/2047
f 2047/1677/2047 2066/1696/2066 2067/1697/2067 2048/1678/2048
f 2048/1678/2048 2067/1697/2067 2068/1698/2068 2049/1679/2049
f 2049/1679/2049 2068/1698/2068 2069/1699/2069 2050/1680/2050
f 2050/1680/2050 2069/1699/2069 2070/1700/2070 2051/1681/2051
f 2051/1681/2051 2070/1700/2070 2071/1701/2071 2052/1682/2052
f 2052/1682/2052 2071/1701/2071 2072/1702/2072 2053/1683/2053
f 2053/1683/2053 2072/1702/2072 2054/1684/2054 2035/1665/2035
f 2054/1684/2054 2073/1703/2073 2074/1704/2074 2055/1685/2055
f 2055/1685/2055 2074/1704/2074 2075/1705/2075 2056/1686/2056
f 2056/1686/2056 2075/1705/2075 2076/1706/2076 2057/1687/2057
f 2057/1687/2057 2076/1706/2076 2077/1707/2077 2058/1688/2058
f 2058/1688/2058 2077/1707/2077 2078/1708/2078 2059/1689/2059
f 2059/1689/2059 2078/1708/2078 2079/1709/2079 2060/1690/2060
f 2060/1690/2060 2079/1709/2079 2080/1710/2080 2061/1691/2061
f 2061/1691/2061 2080/1710/2080 2081/1711/2081 2062/1692/2062
f 2062/1692/2062 2081/1711/2081 2082/1712/2082 2063/1693/2063
f 2063/1693/2063 2082/1712/2082 2083/1713/2083 2064/1694/2064
f 2064/1694/2064 2083/1713/2083 2084/1714/2084 2065/1695/2065
f 2065/1695/2065 2084/1714/2084 2085/1715/2085 2066/1696/2066
f 2066/1696/2066 2085/1715/2085 2086/1716/2086 2067/1697/2067
f 2067/1697/2067 2086/1716/2086 2087/1717/2087 2068/1698/2068
f 2068/1698/2068 2087/1717/2087 2088/1718/2088 2069/1699/2069
f 2069/1699/2069 2088/1718/2088 2089/1719/2089 2070/1700/2070
f 2070/1700/2070 2089/1719/2089 2090/1720/2090 2071/1701/2071
f 2071/1701/2071 2090/1720/2090 2091/1721/2091 2072/1702/2072
f 2072/1702/2072 2091/1721/2091 2073/1703/2073 2054/1684/2054
f 2073/1703/2073 2092/1722/2092 2093/1723/2093 2074/1704/2074
f 2074/1704/2074 2093/1723/2093 2094/1724/2094 2075/1705/2075
f 2075/1705/2075 2094/1724/2094 2095/1725/2095 2076/1706/2076
f 2076/1706/2076 2095/1725/2095 2096/1726/2096 2077/1707/2077
f 2077/1707/2077 2096/1726/2096 2097/1727/2097 2078/1708/2078
f 2078/1708/2078 2097/1727/2097 2098/1728/2098 2079/1709/2079
f 2079/1709/2079 2098/1728/2098 2099/1729/2099 2080/1710/2080
f 2080/1710/2080 2099/1729/2099 2100/1730/2100 2081/1711/2081
f 2081/1711/2081 2100/1730/2100 2101/1731/2101 2082/1712/2082
f 2082/1712/2082 2101/1731/2101 2102/1732/2102 2083/1713/2083
f 2083/1713/2083 2102/1732/2102 2103/1733/2103 2084/1714/2084
f 2084/1714/2084 2103/1733/2103 2104/1734/2104 2085/1715/2085
f 2085/1715/2085 2104/1734/2104 2105/1735/2105 2086/1716/2086
f 2086/1716/2086 2105/1735/2105 2106/1736/2106 2087/1717/2087
f 2087/1717/2087 2106/1736/2106 2107/1737/2107 2088/1718/2088
f 2088/1718/2088 2107/1737/2107 2108/1738/2108 2089/1719/2089
f 2089/1719/2089 2108/1738/2108 2109/1739/2109 2090/1720/2090
f 2090/1720/2090 2109/1739/2109 2110/1740/2110 2091/1721/2091
f 2091/1721/2091 2110/1740/2110 2092/1722/2092 2073/1703/2073
f 2092/1722/2092 2111/1741/2111 2112/1742/2112 2093/1723/2093
f 2093/1723/2093 2112/1742/2112 2113/1743/2113 2094/1724/2094
f 2094/1724/2094 2113/1743/2113 2114/1744/2114 2095/1725/2095
f 2095/1725/2095 2114/1744/2114 2115/1745/2115 2096/1726/2096
f 2096/1726/2096 2115/1745/2115 2116/1746/2116 2097/1727/2097
f 2097/1727/2097 2116/1746/2116 2117/1747/2117 2098/1728/2098
f 2098/1728/2098 2117/1747/2117 2118/1748/2118 2099/1729/2099
f 2099/1729/2099 2118/1748/2118 2119/1749/2119 2100/1730/2100
f 2100/1730/2100 2119/1749/2119 2120/1750/2120 2101/1731/2101
f 2101/1731/2101 2120/1750/2120 2121/1751/2121 2102/1732/2102
f 2102/1732/2102 2121/1751/2121 2122/1752/2122 2103/1733/2103
f 2103/1733/2103 2122/1752/2122 2123/1753/2123 2104/1734/2104
f 2104/1734/2104 2123/1753/2123 2124/1754/2124 2105/1735/2105
f 2105/1735/2105 2124/1754/2124 2125/1755/2125 2106/1736/2106
f 2106/1736/2106 2125/1755/2125 2126/1756/2126 2107/1737/2107
f 2107/1737/2107 2126/1756/2126 2127/1757/2127 2108/1738/2108
f 2108/1738/2108 2127/1757/2127 2128/1758/2128 2109/1739/2109
f 2109/1739/2109 2128/1758/2128 2129/1759/2129 2110/1740/2110
f 2110/1740/2110 2129/1759/2129 2111/1741/2111 2092/1722/2092
f 2111/1741/2111 2130/1760/2130 2131/1761/2131 2112/1742/2112
f 2112/1742/2112 2131/1761/2131 2132/1762/2132 2113/1743/2113
f 2113/1743/2113 2132/1762/2132 2133/1763/2133 2114/1744/2114
f 2114/1744/2114 2133/1763/2133 2134/1764/2134 2115/1745/2115
f 2115/1745/2115 2134/1764/2134 2135/1765/2135 2116/1746/2116
f 2116/1746/2116 2135/1765/2135 2136/1766/2136 2117/1747/2117
f 2117/1747/2117 2136/1766/2136 2137/1767/2137 2118/1748/2118
f 2118/1748/2118 2137/1767/2137 2138/1768/2138 2119/1749/2119
f 2119/1749/2119 2138/1768/2138 2139/1769/2139 2120/1750/2120
f 2120/1750/2120 2139/1769/2139 2140/1770/2140 2121/1751/2121
f 2121/1751/2121 2140/1770/2140 2141/1771/2141 2122/1752/2122
f 2122/1752/2122 2141/1771/2141 2142/1772/2142 2123/1753/2123
f 2123/1753/2123 2142/1772/2142 2143/1773/2143 2124/1754/2124
f 2124/1754/2124 2143/1773/2143 2144/1774/2144 2125/1755/2125
f 2125/1755/2125 2144/1774/2144 2145/1775/2145 2126/1756/2126
f 2126/1756/2126 2145/1775/2145 2146/1776/2146 2127/1757/2127
f 2127/1757/2127 2146/1776/2146 2147/1777/2147 2128/1758/2128
f 2128/1758/2128 2147/1777/2147 2148/1778/2148 2129/1759/2129
f 2129/1759/2129 2148/1778/2148 2130/1760/2130 2111/1741/2111
f 2130/1760/2130 2149/1779/2149 2150/1780/2150 2131/1761/2131
f 2131/1761/2131 2150/1780/2150 2151/1781/2151 2132/1762/2132
f 2132/1762/2132 2151/1781/2151 2152/1782/2152 2133/1763/2133
f 2133/1763/2133 2152/1782/2152 2153/1783/2153 2134/1764/2134
f 2134/1764/2134 2153/1783/2153 2154/1784/2154 2135/1765/2135
f 2135/1765/2135 2154/1784/2154 2155/1785/2155 2136/1766/2136
f 2136/1766/2136 2155/1785/2155 2156/1786/2156 2137/1767/2137
f 2137/1767/2137 2156/1786/2156 2157/1787/2157 2138/1768/2138
f 2138/1768/2138 2157/1787/2157 2158/1788/2158 2139/1769/2139
f 2139/1769/2139 2158/1788/2158 2159/1789/2159 2140/1770/2140
f 2140/1770/2140 2159/1789/2159 2160/1790/2160 2141/1771/2141
f 2141/1771/2141 2160/1790/2160 2161/1791/2161 2142/1772/2142
f 2142/1772/2142 2161/1791/2161 2162/1792/2162 2143/1773/2143
f 2143/1773/2143 2162/1792/2162 2163/1793/2163 2144/1774/2144
f 2144/1774/2144 2163/1793/2163 2164/1794/2164 2145/1775/2145
f 2145/1775/2145 2164/1794/2164 2165/1795/2165 2146/1776/2146
f 2146/1776/2146 2165/1795/2165 2166/1796/2166 2147/1777/2147
f 2147/1777/2147 2166/1796/2166 2167/1797/2167 2148/1778/2148
f 2148/1778/2148 2167/1797/2167 2149/1779/2149 2130/1760/2130
f 2149/1779/2149 2168/1798/2168 2169/1799/2169 2150/1780/2150
f 2150/1780/2150 2169/1799/2169 2170/1800/2170 2151/1781/2151
f 2151/1781/2151 2170/1800/2170 2171/1801/2171 2152/1782/2152
f 2152/1782/2152 2171/1801/2171 2172/1802/2172 2153/1783/2153
f 2153/1783/2153 2172/1802/2172 2173/1803/2173 2154/1784/2154
f 2154/1784/2154 2173/1803/2173 2174/1804/2174 2155/1785/2155
f 2155/1785/2155 2174/1804/2174 2175/1805/2175 2156/1786/2156
f 2156/1786/2156 2175/1805/2175 2176/1806/2176 2157/1787/2157
f 2157/1787/2157 2176/1806/2176 2177/1807/2177 2158/1788/2158
f 2158/1788/2158 2177/1807/2177 2178/1808/2178 2159/1789/2159
f 2159/1789/2159 2178/1808/2178 2179/1809/2179 2160/1790/2160
f 2160/1790/2160 2179/1809/2179 2180/1810/2180 2161/1791/2161
f 2161/1791/2161 2180/1810/2180 2181/1811/2181 2162/1792/2162
f 2162/1792/2162 2181/1811/2181 2182/1812/2182 2163/1793/2163
f 2163/1793/2163 2182/1812/2182 2183/1813/2183 2164/1794/2164
f 2164/1794/2164 2183/1813/2183 2184/1814/2184 2165/1795/2165
f 2165/1795/2165 2184/1814/2184 2185/1815/2185 2166/1796/2166
f 2166/1796/2166 2185/1815/2185 2186/1816/2186 2167/1797/2167
f 2167/1797/2167 2186/1816/2186 2168/1798/2168 2149/1779/2149
f 2168/1798/2168 2187/1817/2187 2188/1818/2188 2169/1799/2169
f 2169/1799/2169 2188/1818/2188 2189/1819/2189 2170/1800/2170
f 2170/1800/2170 2189/1819/2189 2190/1820/2190 2171/1801/2171
f 2171/1801/2171 2190/1820/2190 2191/1821/2191 2172/1802/2172
f 2172/1802/2172 2191/1821/2191 2192/1822/2192 2173/1803/2173
f 2173/1803/2173 2192/1822/2192 2193/1823/2193 2174/1804/2174
f 2174/1804/2174 2193/1823/2193 2194/1824/2194 2175/1805/2175
f 2175/1805/2175 2194/1824/2194 2195/1825/2195 2176/1806/2176
f 2176/1806/2176 2195/1825/2195 2196/1826/2196 2177/1807/2177
f 2177/1807/2177 2196/1826/2196 2197/1827/2197 2178/1808/2178
f 2178/1808/2178 2197/1827/2197 2198/1828/2198 2179/1809/2179
f 2179/1809/2179 2198/1828/2198 2199/1829/2199 2180/1810/2180
f 2180/1810/2180 2199/1829/2199 2200/1830/2200 2181/1811/2181
f 2181/1811/2181 2200/1830/2200 2201/1831/2201 2182/1812/2182
f 2182/1812/2182 2201/1831/2201 2202/1832/2202 2183/1813/2183
f 2183/1813/2183 2202/1832/2202 2203/1833/2203 2184/1814/2184
f 2184/1814/2184 2203/1833/2203 2204/1834/2204 2185/1815/2185
f 2185/1815/2185 2204/1834/2204 2205/1835/2205 2186/1816/2186
f 2186/1816/2186 2205/1835/2205 2187/1817/2187 2168/1798/2168
f 2187/1817/2187 2206/1836/2206 2207/1837/2207 2188/1818/2188
f 2188/1818/2188 2207/1837/2207 2208/1838/2208 2189/1819/2189
f 2189/1819/2189 2208/1838/2208 2209/1839/2209 2190/1820/2190
f 2190/1820/2190 2209/1839/2209 2210/1840/2210 2191/1821/2191
f 2191/1821/2191 2210/1840/2210 2211/1841/2211 2192/1822/2192
f 2192/1822/2192 2211/1841/2211 2212/1842/2212 2193/1823/2193
f 2193/1823/2193 2212/1842/2212 2213/1843/2213 2194/1824/2194
f 2194/1824/2194 2213/1843/2213 2214/1844/2214 2195/1825/2195
f 2195/1825/2195 2214/1844/2214 2215/1845/2215 2196/1826/2196
f 2196/1826/2196 2215/1845/2215 2216/1846/2216 2197/1827/2197
f 2197/1827/2197 2216/1846/2216 2217/1847/2217 2198/1828/2198
f 2198/1828/2198 2217/1847/2217 2218/1848/2218 2199/1829/2199
f 2199/1829/2199 2218/1848/2218 2219/1849/2219 2200/1830/2200
f 2200/1830/2200 2219/1849/2219 2220/1850/2220 2201/1831/2201
f 2201/1831/2201 2220/1850/2220 2221/1851/2221 2202/1832/2202
f 2202/1832/2202 2221/1851/2221 2222/1852/2222 2203/1833/2203
f 2203/1833/2203 2222/1852/2222 2223/1853/2223 2204/1834/2204
f 2204/1834/2204 2223/1853/2223 2224/1854/2224 2205/1835/2205
f 2205/1835/2205 2224/1854/2224 2206/1836/2206 2187/1817/2187
f 2206/1836/2206 2225/1855/2225 2226/1856/2226 2207/1837/2207
f 2207/1837/2207 2226/1856/2226 2227/1857/2227 2208/1838/2208
f 2208/1838/2208 2227/1857/2227 2228/1858/2228 2209/1839/2209
f 2209/1839/2209 2228/1858/2228 2229/1859/2229 2210/1840/2210
f 2210/1840/2210 2229/1859/2229 2230/1860/2230 2211/1841/2211
f 2211/1841/2211 2230/1860/2230 2231/1861/2231 2212/1842/2212
f 2212/1842/2212 2231/1861/2231 2232/1862/2232 2213/1843/2213
f 2213/1843/2213 2232/1862/2232 2233/1863/2233 2214/1844/2214
f 2214/1844/2214 2233/1863/2233 2234/1864/2234 2215/1845/2215
f 2215/1845/2215 2234/1864/2234 2235/1865/2235 2216/1846/2216
f 2216/1846/2216 2235/1865/2235 2236/1866/2236 2217/1847/2217
f 2217/1847/2217 2236/1866/2236 2237/1867/2237 2218/1848/2218
f 2218/1848/2218 2237/1867/2237 2238/1868/2238 2219/1849/2219
f 2219/1849/2219 2238/1868/2238 2239/1869/2239 2220/1850/2220
f 2220/1850/2220 2239/1869/2239 2240/1870/2240 2221/1851/2221
f 2221/1851/2221 2240/1870/2240 2241/1871/2241 2222/1852/2222
f 2222/1852/2222 2241/1871/2241 2242/1872/2242 2223/1853/2223
f 2223/1853/2223 2242/1872/2242 2243/1873/2243 2224/1854/2224
f 2224/1854/2224 2243/1873/2243 2225/1855/2225 2206/1836/2206
f 2225/1855/2225 2244/1874/2244 2245/1875/2245 2226/1856/2226
f 2226/1856/2226 2245/1875/2245 2246/1876/2246 2227/1857/2227
f 2227/1857/2227 2246/1876/2246 2247/1877/2247 2228/1858/2228
f 2228/1858/2228 2247/1877/2247 2248/1878/2248 2229/1859/2229
f 2229/1859/2229 2248/1878/2248 2249/1879/2249 2230/1860/2230
f 2230/1860/2230 2249/1879/2249 2250/1880/2250 2231/1861/2231
f 2231/1861/2231 2250/1880/2250 2251/1881/2251 2232/1862/2232
f 2232/1862/2232 2251/1881/2251 2252/1882/2252 2233/1863/2233
f 2233/1863/2233 2252/1882/2252 2253/1883/2253 2234/1864/2234
f 2234/1864/2234 2253/1883/2253 2254/1884/2254 2235/1865/2235
f 2235/1865/2235 2254/1884/2254 2255/1885/2255 2236/1866/2236
f 2236/1866/2236 2255/1885/2255 2256/1886/2256 2237/1867/2237
f 2237/1867/2237 2256/1886/2256 2257/1887/2257 2238/1868/2238
f 2238/1868/2238 2257/1887/2257 2258/1888/2258 2239/1869/2239
f 2239/1869/2239 2258/1888/2258 2259/1889/2259 2240/1870/2240
f 2240/1870/2240 2259/1889/2259 2260/1890/2260 2241/1871/2241
f 2241/1871/2241 2260/1890/2260 2261/1891/2261 2242/1872/2242
f 2242/1872/2242 2261/1891/2261 2262/1892/2262 2243/1873/2243
f 2243/1873/2243 2262/1892/2262 2244/1874/2244 2225/1855/2225
f 2244/1874/2244 1389/1057/1389 1390/1060/1390 2245/1875/2245
f 2245/1875/2245 1390/1060/1390 1391/1062/1391 2246/1876/2246
f 2246/1876/2246 1391/1062/1391 1392/1064/1392 2247/1877/2247
f 2247/1877/2247 1392/1064/1392 1393/1066/1393 2248/1878/2248
f 2248/1878/2248 1393/1066/1393 1394/1068/1394 2249/1879/2249
f 2249/1879/2249 1394/1068/1394 1395/1070/1395 2250/1880/2250
f 2250/1880/2250 1395/1070/1395 1396/1072/1396 2251/1881/2251
f 2251/1881/2251 1396/1072/1396 1397/1074/1397 2252/1882/2252
f 2252/1882/2252 1397/1074/1397 1398/1076/1398 2253/1883/2253
f 2253/1883/2253 1398/1076/1398 1399/1078/1399 2254/1884/2254
f 2254/1884/2254 1399/1078/1399 1400/1080/1400 2255/1885/2255
f 2255/1885/2255 1400/1080/1400 1401/1082/1401 2256/1886/2256
f 2256/1886/2256 1401/1082/1401 1402/1084/1402 2257/1887/2257
f 2257/1887/2257 1402/1084/1402 1403/1086/1403 2258/1888/2258
f 2258/1888/2258 1403/1086/1403 1404/1088/1404 2259/1889/2259
f 2259/1889/2259 1404/1088/1404 1405/1090/1405 2260/1890/2260
f 2260/1890/2260 1405/1090/1405 1406/1092/1406 2261/1891/2261
f 2261/1891/2261 1406/1092/1406 1407/1094/1407 2262/1892/2262
f 2262/1892/2262 1407/1094/1407 1389/1057/1389 2244/1874/2244
o hair_tie.002
v 0.276524 3.265840 0.142872
v 0.273126 3.278596 0.147837
v 0.267531 3.289577 0.152195
v 0.260345 3.297594 0.155474
v 0.252347 3.301777 0.157318
v 0.244403 3.301674 0.157527
v 0.237374 3.297296 0.156080
v 0.232023 3.289116 0.153131
v 0.228928 3.278022 0.149002
v 0.228425 3.265216 0.144140
v 0.230569 3.252084 0.139071
v 0.235128 3.240052 0.134345
v 0.241607 3.230421 0.130474
v 0.249304 3.224237 0.127877
v 0.257385 3.222168 0.126836
v 0.264975 3.224441 0.127464
v 0.271251 3.230806 0.129692
v 0.275533 3.240576 0.133280
v 0.277356 3.252692 0.137838
v 0.273276 3.272490 0.124271
v 0.269893 3.285216 0.129319
v 0.264340 3.296112 0.133918
v 0.257219 3.303995 0.137569
v 0.249301 3.308013 0.139877
v 0.241446 3.307729 0.140590
v 0.234503 3.303176 0.139633
v 0.229225 3.294845 0.137109
v 0.226184 3.283639 0.133290
v 0.225710 3.270774 0.128592
v 0.227854 3.257643 0.123523
v 0.232384 3.245669 0.118633
v 0.238809 3.236150 0.114451
v 0.246432 3.230117 0.111430
v 0.254428 3.228224 0.109899
v 0.261929 3.230676 0.110022
v 0.268124 3.237207 0.111787
v 0.272341 3.247111 0.115003
v 0.274122 3.259312 0.119320
v 0.264752 3.278201 0.105872
v 0.261407 3.290901 0.111003
v 0.255964 3.301722 0.115840
v 0.249014 3.309492 0.119860
v 0.241309 3.313367 0.122626
v 0.233684 3.312930 0.123838
v 0.226966 3.308225 0.123366
v 0.221882 3.299763 0.121261
v 0.218984 3.288463 0.117750
v 0.218586 3.275548 0.113214
v 0.220730 3.262416 0.108145
v 0.225184 3.250492 0.103092
v 0.231466 3.241068 0.098603
v 0.238895 3.235166 0.095163
v 0.246666 3.233423 0.093147
v 0.253937 3.236030 0.092771
v 0.259919 3.242704 0.094078
v 0.263966 3.252722 0.096925
v 0.265637 3.264997 0.101004
v 0.251111 3.282865 0.088019
v 0.247827 3.295545 0.093230
v 0.242561 3.306305 0.098299
v 0.235884 3.313982 0.102675
v 0.228519 3.317741 0.105886
v 0.221264 3.317176 0.107583
v 0.214905 3.312349 0.107581
v 0.210132 3.303781 0.105882
v 0.207462 3.292403 0.102670
v 0.207184 3.279446 0.098292
v 0.209328 3.266315 0.093223
v 0.213662 3.254433 0.088012
v 0.219716 3.245087 0.083224
v 0.226835 3.239290 0.079378
v 0.234246 3.237670 0.076891
v 0.241147 3.240404 0.076031
v 0.246789 3.247194 0.076893
v 0.250562 3.257305 0.079383
v 0.252057 3.269640 0.083231
v 0.232607 3.286397 0.071045
v 0.229406 3.299060 0.076331
v 0.224380 3.309775 0.081620
v 0.218073 3.317380 0.086336
v 0.211169 3.321052 0.089969
v 0.204415 3.320392 0.092126
v 0.198545 3.315471 0.092573
v 0.194193 3.306823 0.091261
v 0.191832 3.295385 0.088332
v 0.191718 3.282398 0.084104
v 0.193862 3.269267 0.079035
v 0.198032 3.257415 0.073674
v 0.203777 3.248128 0.068603
v 0.210474 3.242412 0.064370
v 0.217397 3.240886 0.061435
v 0.223797 3.243715 0.060115
v 0.228978 3.250593 0.060554
v 0.232381 3.260775 0.062704
v 0.233636 3.273156 0.066332
v 0.209585 3.288729 0.055264
v 0.206487 3.301382 0.060622
v 0.201759 3.312067 0.066114
v 0.195913 3.319626 0.071146
v 0.189582 3.323239 0.075173
v 0.183453 3.322515 0.077758
v 0.178190 3.317533 0.078620
v 0.174363 3.308832 0.077667
v 0.172386 3.297356 0.075002
v 0.172475 3.284347 0.070914
v 0.174619 3.271216 0.065845
v 0.178586 3.259386 0.060345
v 0.183947 3.250138 0.055010
v 0.190119 3.244474 0.050418
v 0.196435 3.243010 0.047066
v 0.202210 3.245902 0.045319
v 0.206818 3.252838 0.045364
v 0.209760 3.263066 0.047198
v 0.210717 3.275478 0.050622
v 0.182473 3.289819 0.040972
v 0.179497 3.302468 0.046393
v 0.175120 3.313139 0.052071
v 0.169816 3.320675 0.057389
v 0.164161 3.324262 0.061772
v 0.158767 3.323509 0.064744
v 0.154219 3.318498 0.065984
v 0.151009 3.309772 0.065356
v 0.149486 3.298277 0.062930
v 0.149814 3.285259 0.058968
v 0.151958 3.272128 0.053899
v 0.155686 3.260307 0.048272
v 0.160593 3.251077 0.042698
v 0.166148 3.245438 0.037781
v 0.171749 3.244003 0.034052
v 0.176789 3.246925 0.031917
v 0.180722 3.253888 0.031607
v 0.183121 3.264138 0.033155
v 0.183727 3.276564 0.036394
v 0.151778 3.289647 0.028434
v 0.148939 3.302296 0.033912
v 0.144959 3.312970 0.039751
v 0.140270 3.320510 0.045321
v 0.135379 3.324100 0.050016
v 0.130818 3.323352 0.053328
v 0.127079 3.318345 0.054898
v 0.124569 3.309624 0.054556
v 0.123558 3.298132 0.052340
v 0.124158 3.285115 0.048488
v 0.126302 3.271984 0.043419
v 0.129758 3.260161 0.037682
v 0.134153 3.250928 0.031899
v 0.139008 3.245286 0.026695
v 0.143800 3.243846 0.022636
v 0.148007 3.246763 0.020162
v 0.151175 3.253722 0.019539
v 0.152960 3.263968 0.020836
v 0.153168 3.276392 0.023912
v 0.118069 3.288216 0.017884
v 0.115381 3.300871 0.023409
v 0.111838 3.311563 0.029385
v 0.107824 3.319132 0.035166
v 0.103773 3.322758 0.040124
v 0.100125 3.322048 0.043722
v 0.097276 3.317079 0.045570
v 0.095533 3.308391 0.045469
v 0.095086 3.296922 0.043429
v 0.095983 3.283918 0.039670
v 0.098127 3.270787 0.034601
v 0.101286 3.258952 0.028771
v 0.105117 3.249695 0.022811
v 0.109205 3.244020 0.017368
v 0.113107 3.242542 0.013030
v 0.116401 3.245421 0.010270
v 0.118729 3.252344 0.009384
v 0.119839 3.262562 0.010470
v 0.119611 3.274968 0.013409
v 0.081977 3.285552 0.009519
v 0.079450 3.298219 0.015081
v 0.076374 3.308945 0.021166
v 0.073082 3.316567 0.027114
v 0.069931 3.320260 0.032280
v 0.067262 3.319622 0.036105
v 0.065364 3.314724 0.038174
v 0.064443 3.306095 0.038263
v 0.064599 3.294672 0.036363
v 0.065815 3.281691 0.032678
v 0.067959 3.268560 0.027609
v 0.070799 3.256701 0.021705
v 0.074027 3.247401 0.015605
v 0.077293 3.241665 0.009971
v 0.080244 3.240117 0.005414
v 0.082559 3.242923 0.002426
v 0.083988 3.249779 0.001332
v 0.084375 3.259944 0.002250
v 0.083680 3.272315 0.005081
v 0.044171 3.281704 0.003494
v 0.041814 3.294389 0.009083
v 0.039228 3.305165 0.015246
v 0.036693 3.312864 0.021315
v 0.034483 3.316653 0.026631
v 0.032839 3.316119 0.030619
v 0.031938 3.311322 0.032847
v 0.031878 3.302781 0.033074
v 0.032666 3.291422 0.031274
v 0.034216 3.278476 0.027642
v 0.036360 3.265344 0.022573
v 0.038866 3.253452 0.016616
v 0.041462 3.244087 0.010416
v 0.043868 3.238264 0.004645
v 0.045821 3.236613 -0.000072
v 0.047111 3.239315 -0.003223
v 0.047598 3.246076 -0.004467
v 0.047229 3.256164 -0.003670
v 0.046044 3.268485 -0.000916
v 0.005358 3.276745 -0.000078
v 0.003175 3.289453 0.005527
v 0.001091 3.300293 0.011736
v -0.000667 3.308091 0.017876
v -0.001910 3.312003 0.023282
v -0.002502 3.311604 0.027367
v -0.002379 3.306938 0.029689
v -0.001554 3.298510 0.029997
v -0.000118 3.287234 0.028256
v 0.001775 3.274331 0.024656
v 0.003919 3.261200 0.019587
v 0.006082 3.249264 0.013599
v 0.008029 3.239815 0.007339
v 0.009551 3.233879 0.001486
v 0.010481 3.232099 -0.003325
v 0.010718 3.234666 -0.006573
v 0.010238 3.241304 -0.007906
v 0.009092 3.251292 -0.007180
v 0.007405 3.263548 -0.004473
v -0.033740 3.270768 -0.001131
v -0.035748 3.283502 0.004479
v -0.037326 3.294419 0.010701
v -0.038301 3.302337 0.016862
v -0.038570 3.306398 0.022294
v -0.038102 3.306161 0.026408
v -0.036948 3.301653 0.028758
v -0.035233 3.293361 0.029089
v -0.033143 3.282185 0.027367
v -0.030905 3.269335 0.023776
v -0.028761 3.256204 0.018707
v -0.026943 3.244215 0.012709
v -0.025649 3.234667 0.006432
v -0.025018 3.228594 0.000555
v -0.025120 3.226655 -0.004284
v -0.025942 3.229061 -0.007560
v -0.027396 3.235550 -0.008920
v -0.029325 3.245418 -0.008214
v -0.031518 3.257598 -0.005521
v -0.072395 3.263883 0.000354
v -0.074230 3.276648 0.005958
v -0.075307 3.287654 0.012161
v -0.075509 3.295710 0.018292
v -0.074814 3.299942 0.023687
v -0.073298 3.299892 0.027761
v -0.071125 3.295566 0.030071
v -0.068529 3.287431 0.030369
v -0.065794 3.276369 0.028622
v -0.063214 3.263579 0.025018
v -0.061070 3.250448 0.019949
v -0.059594 3.238399 0.013964
v -0.058945 3.228735 0.007711
v -0.059195 3.222506 0.001869
v -0.060316 3.220386 -0.002931
v -0.062186 3.222605 -0.006167
v -0.064604 3.228922 -0.007490
v -0.067306 3.238653 -0.006755
v -0.070000 3.250743 -0.004042
v -0.109886 3.256218 0.004351
v -0.111553 3.269017 0.009937
v -0.112145 3.280123 0.016088
v -0.111597 3.288332 0.022140
v -0.109968 3.292756 0.027435
v -0.107435 3.292913 0.031400
v -0.104273 3.288789 0.033605
v -0.100824 3.280828 0.033812
v -0.097462 3.269895 0.031998
v -0.094551 3.257173 0.028359
v -0.092407 3.244042 0.023290
v -0.091262 3.231925 0.017340
v -0.091240 3.222133 0.011154
v -0.092344 3.215730 0.005402
v -0.094453 3.213408 0.000708
v -0.097340 3.215418 -0.002420
v -0.100691 3.221545 -0.003642
v -0.104144 3.231122 -0.002827
v -0.107324 3.243113 -0.000063
v -0.145516 3.247917 0.010784
v -0.147023 3.260753 0.016341
v -0.147154 3.271966 0.022410
v -0.145892 3.280342 0.028332
v -0.143376 3.284972 0.033467
v -0.139877 3.285355 0.037258
v -0.135775 3.281449 0.039293
v -0.131515 3.273678 0.039354
v -0.127557 3.262883 0.037432
v -0.124332 3.250235 0.033736
v -0.122187 3.237104 0.028667
v -0.121357 3.224913 0.022774
v -0.121931 3.214983 0.016696
v -0.123846 3.208390 0.011091
v -0.126895 3.205849 0.006566
v -0.130748 3.207635 0.003613
v -0.134987 3.213554 0.002550
v -0.139153 3.222965 0.003494
v -0.142794 3.234849 0.006342
v -0.178620 3.239134 0.019535
v -0.179979 3.252009 0.025052
v -0.179681 3.263336 0.031007
v -0.177757 3.271887 0.036755
v -0.174416 3.276736 0.041672
v -0.170019 3.277357 0.045225
v -0.165044 3.273683 0.047030
v -0.160030 3.266112 0.046891
v -0.155519 3.255464 0.044823
v -0.152001 3.242894 0.041050
v -0.149857 3.229762 0.035981
v -0.149319 3.217494 0.030165
v -0.150446 3.207417 0.024233
v -0.153115 3.200624 0.018827
v -0.157037 3.197851 0.014534
v -0.161788 3.199399 0.011817
v -0.166851 3.205100 0.010973
v -0.171680 3.214335 0.012092
v -0.175750 3.226105 0.015053
v -0.208582 3.230032 0.030439
v -0.209807 3.242948 0.035908
v -0.209121 3.254393 0.041721
v -0.206597 3.263127 0.047251
v -0.202509 3.268202 0.051896
v -0.197301 3.269070 0.055154
v -0.191535 3.265636 0.056671
v -0.185839 3.258272 0.056283
v -0.180827 3.247776 0.054033
v -0.177045 3.235286 0.050164
v -0.174901 3.222155 0.045095
v -0.174627 3.209806 0.039376
v -0.176255 3.199577 0.033626
v -0.179606 3.192577 0.028468
v -0.184319 3.189564 0.024462
v -0.189881 3.190866 0.022041
v -0.195692 3.196339 0.021469
v -0.201120 3.205392 0.022806
v -0.205577 3.217044 0.025908
v -0.234843 3.220782 0.043294
v -0.235951 3.233739 0.048705
v -0.234925 3.245304 0.054352
v -0.231875 3.254223 0.059624
v -0.227133 3.259529 0.063949
v -0.221213 3.260647 0.066858
v -0.214755 3.257457 0.068037
v -0.208460 3.250304 0.067356
v -0.203010 3.239963 0.064891
v -0.198995 3.227554 0.060908
v -0.196851 3.214423 0.055839
v -0.196810 3.201993 0.050234
v -0.198876 3.191609 0.044698
v -0.202826 3.184398 0.039834
v -0.208231 3.181141 0.036167
v -0.214505 3.182192 0.034095
v -0.220970 3.187435 0.033842
v -0.226924 3.196303 0.035437
v -0.231722 3.207835 0.038705
v -0.256916 3.211554 0.057860
v -0.257925 3.224554 0.063205
v -0.256612 3.236238 0.068664
v -0.253121 3.245341 0.073645
v -0.247829 3.250877 0.077607
v -0.241310 3.252246 0.080121
v -0.234270 3.249299 0.080915
v -0.227472 3.242356 0.079903
v -0.221653 3.232169 0.077195
v -0.217444 3.219842 0.073083
v -0.215300 3.206711 0.068014
v -0.215454 3.194199 0.062537
v -0.217888 3.183661 0.057245
v -0.222341 3.176240 0.052712
v -0.228328 3.172740 0.049429
v -0.235201 3.173540 0.047752
v -0.242216 3.178554 0.047863
v -0.248611 3.187237 0.049749
v -0.253695 3.198650 0.053206
v -0.274387 3.202523 0.073865
v -0.275318 3.215563 0.079140
v -0.273779 3.227364 0.084391
v -0.269938 3.236648 0.089051
v -0.264211 3.242409 0.092614
v -0.257218 3.244022 0.094695
v -0.249718 3.241314 0.095067
v -0.242522 3.234576 0.093690
v -0.236411 3.224540 0.090714
v -0.232047 3.212293 0.086461
v -0.229903 3.199162 0.081393
v -0.230211 3.186570 0.076057
v -0.232938 3.175881 0.071033
v -0.237788 3.168255 0.066864
v -0.244236 3.164516 0.064003
v -0.251583 3.165072 0.062760
v -0.259033 3.169860 0.063269
v -0.265778 3.178363 0.065476
v -0.271088 3.189659 0.069140
v -0.286933 3.193855 0.091013
v -0.287807 3.206933 0.096211
v -0.286106 3.218847 0.101240
v -0.282014 3.228304 0.105557
v -0.275974 3.234282 0.108693
v -0.268641 3.236130 0.110308
v -0.260810 3.233650 0.110228
v -0.253328 3.227110 0.108461
v -0.247008 3.217219 0.105198
v -0.242533 3.205048 0.100794
v -0.240389 3.191917 0.095725
v -0.240808 3.179249 0.090541
v -0.243744 3.168415 0.085803
v -0.248880 3.160591 0.082025
v -0.255659 3.156624 0.079617
v -0.263346 3.156945 0.078838
v -0.271109 3.161517 0.079775
v -0.278105 3.169846 0.082324
v -0.283577 3.181029 0.086211
v -0.294318 3.185712 0.108983
v -0.295160 3.198827 0.114100
v -0.293363 3.210845 0.118897
v -0.289123 3.220467 0.122854
v -0.282899 3.226646 0.125542
v -0.275366 3.228716 0.126670
v -0.267340 3.226450 0.126116
v -0.259690 3.220096 0.123940
v -0.253246 3.210340 0.120377
v -0.248706 3.198242 0.115814
v -0.246562 3.185111 0.110745
v -0.247046 3.172370 0.105720
v -0.250106 3.161401 0.101282
v -0.255410 3.153392 0.097914
v -0.262384 3.149210 0.095979
v -0.270271 3.149309 0.095688
v -0.278218 3.153679 0.097072
v -0.285362 3.161845 0.099981
v -0.290930 3.172923 0.104100
v -0.296406 3.178246 0.127440
v -0.297238 3.191394 0.132475
v -0.295415 3.203510 0.137033
v -0.291133 3.213280 0.140620
v -0.284857 3.219646 0.142849
v -0.277267 3.221918 0.143476
v -0.269186 3.219849 0.142436
v -0.261489 3.213665 0.139839
v -0.255010 3.204035 0.135968
v -0.250452 3.192002 0.131242
v -0.248307 3.178870 0.126173
v -0.248810 3.166064 0.121310
v -0.251905 3.154970 0.117181
v -0.257257 3.146791 0.114233
v -0.264285 3.142412 0.112785
v -0.272229 3.142308 0.112994
v -0.280228 3.146492 0.114838
v -0.287414 3.154509 0.118117
v -0.293009 3.165491 0.122475
v -0.293158 3.171596 0.146042
v -0.294005 3.184774 0.150993
v -0.292223 3.196976 0.155310
v -0.288006 3.206879 0.158525
v -0.281812 3.213410 0.160290
v -0.274310 3.215863 0.160413
v -0.266314 3.213970 0.158882
v -0.258691 3.207936 0.155862
v -0.252266 3.198417 0.151680
v -0.247737 3.186443 0.146789
v -0.245593 3.173312 0.141720
v -0.246066 3.160447 0.137022
v -0.249107 3.149241 0.133204
v -0.254385 3.140910 0.130679
v -0.261328 3.136356 0.129722
v -0.269184 3.136073 0.130436
v -0.277101 3.140091 0.132743
v -0.284222 3.147975 0.136394
v -0.289775 3.158870 0.140993
v -0.284634 3.165885 0.164440
v -0.285519 3.179089 0.169309
v -0.283848 3.191365 0.173388
v -0.279802 3.201382 0.176235
v -0.273819 3.208056 0.177541
v -0.266549 3.210663 0.177166
v -0.258778 3.208920 0.175149
v -0.251349 3.203017 0.171710
v -0.245066 3.193594 0.167220
v -0.240612 3.181670 0.162167
v -0.238468 3.168539 0.157098
v -0.238866 3.155623 0.152563
v -0.241765 3.144323 0.149052
v -0.246848 3.135861 0.146946
v -0.253566 3.131157 0.146474
v -0.261191 3.130719 0.147687
v -0.268896 3.134594 0.150453
v -0.275847 3.142364 0.154472
v -0.281289 3.153185 0.159309
v -0.270993 3.161221 0.182293
v -0.271939 3.174446 0.187082
v -0.270444 3.186781 0.190929
v -0.266671 3.196893 0.193419
v -0.261029 3.203682 0.194281
v -0.254128 3.206416 0.193421
v -0.246717 3.204796 0.190934
v -0.239599 3.198999 0.187088
v -0.233544 3.189654 0.182300
v -0.229210 3.177772 0.177089
v -0.227066 3.164640 0.172020
v -0.227344 3.151683 0.167642
v -0.230015 3.140305 0.164430
v -0.234787 3.131738 0.162731
v -0.241146 3.126910 0.162730
v -0.248401 3.126345 0.164426
v -0.255766 3.130105 0.167637
v -0.262443 3.137781 0.172014
v -0.267709 3.148541 0.177082
v -0.252489 3.157690 0.199268
v -0.253518 3.170930 0.203981
v -0.252263 3.183312 0.207608
v -0.248860 3.193493 0.209758
v -0.243679 3.200371 0.210197
v -0.237280 3.203200 0.208878
v -0.230357 3.201674 0.205942
v -0.223660 3.195958 0.201710
v -0.217915 3.186671 0.196638
v -0.213744 3.174820 0.191278
v -0.211600 3.161689 0.186209
v -0.211715 3.148701 0.181981
v -0.214076 3.137263 0.179052
v -0.218427 3.128615 0.177740
v -0.224298 3.123694 0.178186
v -0.231051 3.123034 0.180343
v -0.237955 3.126706 0.183976
v -0.244262 3.134311 0.188693
v -0.249288 3.145026 0.193981
v -0.229467 3.155357 0.215048
v -0.230599 3.168608 0.219690
v -0.229642 3.181020 0.223114
v -0.226700 3.191248 0.224948
v -0.222092 3.198184 0.224994
v -0.216317 3.201077 0.223246
v -0.210001 3.199612 0.219895
v -0.203829 3.193949 0.215303
v -0.198469 3.184700 0.209968
v -0.194501 3.172870 0.204468
v -0.192357 3.159739 0.199399
v -0.192269 3.146730 0.195310
v -0.194245 3.135254 0.192645
v -0.198072 3.126553 0.191692
v -0.203335 3.121571 0.192555
v -0.209464 3.120847 0.195139
v -0.215795 3.124460 0.199166
v -0.221641 3.132019 0.204198
v -0.226369 3.142704 0.209691
v -0.202356 3.154267 0.229341
v -0.203609 3.167522 0.233919
v -0.203003 3.179948 0.237157
v -0.200604 3.190199 0.238705
v -0.196671 3.197162 0.238395
v -0.191632 3.200084 0.236260
v -0.186031 3.198647 0.232532
v -0.180476 3.193010 0.227614
v -0.175568 3.183780 0.222040
v -0.171841 3.171959 0.216414
v -0.169697 3.158828 0.211345
v -0.169368 3.145809 0.207382
v -0.170892 3.134315 0.204956
v -0.174101 3.125589 0.204329
v -0.178649 3.120578 0.205568
v -0.184043 3.119825 0.208541
v -0.189699 3.123411 0.212923
v -0.195002 3.130947 0.218242
v -0.199379 3.141618 0.223919
v -0.171660 3.154439 0.241879
v -0.173051 3.167694 0.246401
v -0.172842 3.180118 0.249477
v -0.171057 3.190364 0.250774
v -0.167890 3.197323 0.250151
v -0.163682 3.200241 0.247676
v -0.158891 3.198800 0.243617
v -0.154035 3.193158 0.238414
v -0.149640 3.183925 0.232630
v -0.146184 3.172103 0.226893
v -0.144040 3.158971 0.221824
v -0.143440 3.145955 0.217973
v -0.144451 3.134463 0.215756
v -0.146961 3.125741 0.215414
v -0.150700 3.120735 0.216984
v -0.155262 3.119986 0.220297
v -0.160152 3.123576 0.224992
v -0.164841 3.131117 0.230561
v -0.168821 3.141790 0.236401
v -0.137952 3.155871 0.252428
v -0.139493 3.169119 0.256903
v -0.139721 3.181524 0.259843
v -0.138611 3.191742 0.260928
v -0.136283 3.198666 0.260043
v -0.132990 3.201544 0.257282
v -0.129087 3.200066 0.252945
v -0.124999 3.194391 0.247501
v -0.121168 3.185134 0.241542
v -0.118009 3.173299 0.235711
v -0.115865 3.160168 0.230642
v -0.114968 3.147164 0.226884
v -0.115415 3.135696 0.224843
v -0.117158 3.127007 0.224742
v -0.120008 3.122038 0.226590
v -0.123655 3.121328 0.230189
v -0.127706 3.124954 0.235146
v -0.131720 3.132524 0.240927
v -0.135263 3.143215 0.246903
v -0.101859 3.158535 0.260794
v -0.103562 3.171771 0.265231
v -0.104257 3.184142 0.268062
v -0.103870 3.194307 0.268980
v -0.102441 3.201164 0.267886
v -0.100126 3.203970 0.264899
v -0.097175 3.202421 0.260341
v -0.093909 3.196686 0.254707
v -0.090681 3.187385 0.248607
v -0.087841 3.175526 0.242703
v -0.085697 3.162395 0.237634
v -0.084481 3.149415 0.233950
v -0.084325 3.137991 0.232049
v -0.085246 3.129363 0.232138
v -0.087144 3.124464 0.234207
v -0.089813 3.123827 0.238032
v -0.092964 3.127519 0.243199
v -0.096256 3.135141 0.249146
v -0.099332 3.145867 0.255231
v -0.064054 3.162382 0.266819
v -0.065926 3.175601 0.271229
v -0.067111 3.187922 0.273982
v -0.067480 3.198009 0.274780
v -0.066993 3.204771 0.273536
v -0.065703 3.207473 0.270385
v -0.063750 3.205823 0.265668
v -0.061345 3.200000 0.259897
v -0.058748 3.190635 0.253696
v -0.056242 3.178742 0.247739
v -0.054098 3.165611 0.242670
v -0.052548 3.152664 0.239039
v -0.051761 3.141305 0.237239
v -0.051820 3.132764 0.237465
v -0.052721 3.127967 0.239693
v -0.054365 3.127434 0.243681
v -0.056575 3.131222 0.248998
v -0.059110 3.138921 0.255066
v -0.061696 3.149697 0.261229
v -0.025240 3.167341 0.270391
v -0.027287 3.180537 0.274785
v -0.028974 3.192794 0.277492
v -0.030120 3.202783 0.278218
v -0.030600 3.209420 0.276885
v -0.030363 3.211988 0.273637
v -0.029433 3.210207 0.268826
v -0.027912 3.204271 0.262974
v -0.025964 3.194823 0.256714
v -0.023801 3.182886 0.250725
v -0.021657 3.169755 0.245656
v -0.019764 3.156852 0.242056
v -0.018328 3.145576 0.240316
v -0.017503 3.137148 0.240623
v -0.017381 3.132482 0.242946
v -0.017972 3.132083 0.247031
v -0.019215 3.135995 0.252436
v -0.020973 3.143793 0.258576
v -0.023057 3.154634 0.264785
v 0.013858 3.173318 0.271444
v 0.011636 3.186489 0.275833
v 0.009442 3.198668 0.278527
v 0.007514 3.208536 0.279232
v 0.006060 3.215025 0.277873
v 0.005237 3.217430 0.274596
v 0.005136 3.215492 0.269757
v 0.005767 3.209420 0.263881
v 0.007061 3.199872 0.257603
v 0.008879 3.187882 0.251605
v 0.011023 3.174751 0.246536
v 0.013261 3.161902 0.242946
v 0.015351 3.150725 0.241223
v 0.017065 3.142433 0.241555
v 0.018219 3.137925 0.243905
v 0.018688 3.137688 0.248018
v 0.018419 3.141749 0.253450
v 0.017444 3.149667 0.259611
v 0.015866 3.160584 0.265834
v 0.052513 3.180203 0.269958
v 0.050118 3.193343 0.274354
v 0.047424 3.205433 0.277067
v 0.044721 3.215164 0.277802
v 0.042304 3.221481 0.276480
v 0.040434 3.223700 0.273243
v 0.039313 3.221580 0.268444
v 0.039063 3.215351 0.262601
v 0.039712 3.205688 0.256348
v 0.041188 3.193637 0.250363
v 0.043332 3.180506 0.245294
v 0.045912 3.167717 0.241691
v 0.048647 3.156656 0.239943
v 0.051242 3.148520 0.240241
v 0.053416 3.144194 0.242552
v 0.054932 3.144144 0.246625
v 0.055627 3.148376 0.252020
v 0.055425 3.156432 0.258151
v 0.054348 3.167439 0.264355
v 0.090004 3.187868 0.265961
v 0.087442 3.200973 0.270375
v 0.084262 3.212964 0.273140
v 0.080809 3.222542 0.273955
v 0.077458 3.228668 0.272732
v 0.074571 3.230679 0.269604
v 0.072461 3.228356 0.264910
v 0.071358 3.221953 0.259158
v 0.071380 3.212161 0.252972
v 0.072525 3.200044 0.247023
v 0.074669 3.186913 0.241954
v 0.077580 3.174191 0.238315
v 0.080942 3.163258 0.236500
v 0.084391 3.155298 0.236707
v 0.087553 3.151173 0.238913
v 0.090086 3.151330 0.242878
v 0.091714 3.155754 0.248173
v 0.092263 3.163963 0.254224
v 0.091671 3.175069 0.260376
v 0.125634 3.196169 0.259528
v 0.122912 3.209237 0.263971
v 0.119270 3.221120 0.266818
v 0.115105 3.230532 0.267762
v 0.110866 3.236452 0.266700
v 0.107013 3.238237 0.263746
v 0.103964 3.235696 0.259222
v 0.102048 3.229103 0.253617
v 0.101475 3.219174 0.247538
v 0.102305 3.206982 0.241645
v 0.104449 3.193851 0.236576
v 0.107675 3.181203 0.232881
v 0.111632 3.170409 0.230959
v 0.115893 3.162637 0.231019
v 0.119995 3.158731 0.233055
v 0.123494 3.159114 0.236845
v 0.126010 3.163744 0.241980
v 0.127272 3.172120 0.247903
v 0.127141 3.183333 0.253971
v 0.158738 3.204953 0.250778
v 0.155867 3.217981 0.255260
v 0.151798 3.229751 0.258221
v 0.146969 3.238986 0.259340
v 0.141905 3.244687 0.258495
v 0.137155 3.246234 0.255779
v 0.133233 3.243462 0.251485
v 0.130564 3.236669 0.246079
v 0.129437 3.226592 0.240147
v 0.129975 3.214324 0.234332
v 0.132119 3.201193 0.229263
v 0.135637 3.188622 0.225489
v 0.140148 3.177974 0.223421
v 0.145162 3.170403 0.223282
v 0.150137 3.166729 0.225087
v 0.154533 3.167350 0.228641
v 0.157875 3.172198 0.233558
v 0.159799 3.180750 0.239305
v 0.160097 3.192077 0.245260
v 0.188700 3.214054 0.239874
v 0.185695 3.227042 0.244404
v 0.181238 3.238694 0.247507
v 0.175809 3.247747 0.248844
v 0.169999 3.253221 0.248271
v 0.164436 3.254522 0.245850
v 0.159724 3.251509 0.241844
v 0.156372 3.244509 0.236687
v 0.154745 3.234280 0.230937
v 0.155018 3.221931 0.225217
v 0.157162 3.208800 0.220148
v 0.160945 3.196310 0.216279
v 0.165956 3.185814 0.214029
v 0.171653 3.178450 0.213641
v 0.177418 3.175016 0.215159
v 0.182627 3.175884 0.218417
v 0.186715 3.180960 0.223062
v 0.189239 3.189693 0.228591
v 0.189925 3.201138 0.234405
v 0.214961 3.223304 0.227019
v 0.211839 3.236251 0.231607
v 0.207042 3.247783 0.234876
v 0.201088 3.256651 0.236470
v 0.194623 3.261894 0.236218
v 0.188348 3.262945 0.234146
v 0.182943 3.259688 0.230479
v 0.178994 3.252477 0.225614
v 0.176928 3.242094 0.220079
v 0.176969 3.229663 0.214473
v 0.179113 3.216532 0.209404
v 0.183128 3.204124 0.205421
v 0.188578 3.193782 0.202956
v 0.194873 3.186629 0.202276
v 0.201331 3.183439 0.203454
v 0.207251 3.184557 0.206363
v 0.211993 3.189863 0.210688
v 0.215043 3.198782 0.215960
v 0.216069 3.210347 0.221608
v 0.237033 3.232532 0.212453
v 0.233813 3.245437 0.217106
v 0.228729 3.256849 0.220564
v 0.222333 3.265533 0.222450
v 0.215319 3.270546 0.222560
v 0.208446 3.271346 0.220883
v 0.202459 3.267846 0.217600
v 0.198006 3.260425 0.213067
v 0.195571 3.249887 0.207775
v 0.195418 3.237375 0.202298
v 0.197562 3.224245 0.197229
v 0.201771 3.211917 0.193118
v 0.207590 3.201730 0.190409
v 0.214388 3.194787 0.189397
v 0.221428 3.191840 0.190191
v 0.227947 3.193209 0.192706
v 0.233239 3.198745 0.196668
v 0.236730 3.207849 0.201648
v 0.238042 3.219532 0.207107
v 0.254505 3.241563 0.196447
v 0.251206 3.254428 0.201172
v 0.245896 3.265723 0.204837
v 0.239151 3.274226 0.207043
v 0.231701 3.279015 0.207552
v 0.224354 3.279570 0.206309
v 0.217906 3.275831 0.203448
v 0.213056 3.268205 0.199280
v 0.210329 3.257516 0.194256
v 0.210021 3.244924 0.188920
v 0.212165 3.231793 0.183851
v 0.216529 3.219546 0.179598
v 0.222640 3.209510 0.176622
v 0.229836 3.202773 0.175245
v 0.237336 3.200064 0.175618
v 0.244329 3.201677 0.177698
v 0.250056 3.207438 0.181261
v 0.253897 3.216722 0.185921
v 0.255436 3.228524 0.191173
v 0.267050 3.250231 0.179299
v 0.263695 3.263057 0.184101
v 0.258223 3.274240 0.187988
v 0.251226 3.282570 0.190537
v 0.243464 3.287142 0.191474
v 0.235777 3.287462 0.190696
v 0.228998 3.283495 0.188287
v 0.223862 3.275671 0.184509
v 0.220926 3.264838 0.179771
v 0.220507 3.252169 0.174587
v 0.222651 3.239038 0.169518
v 0.227126 3.226868 0.165114
v 0.233446 3.216976 0.161851
v 0.240928 3.210436 0.160084
v 0.248759 3.207956 0.160004
v 0.256092 3.209805 0.161620
v 0.262132 3.215782 0.164756
v 0.266224 3.225239 0.169072
v 0.267925 3.237153 0.174102
v 0.274436 3.258374 0.161329
v 0.271048 3.271163 0.166212
v 0.265480 3.282241 0.170331
v 0.258335 3.290407 0.173240
v 0.250389 3.294777 0.174625
v 0.242502 3.294876 0.174334
v 0.235528 3.290695 0.172399
v 0.230224 3.282685 0.169030
v 0.227164 3.271716 0.164593
v 0.226680 3.258976 0.159567
v 0.228824 3.245844 0.154498
v 0.233364 3.233745 0.149935
v 0.239808 3.223990 0.146372
v 0.247458 3.217636 0.144196
v 0.255484 3.215370 0.143642
v 0.263017 3.217440 0.144770
v 0.269241 3.223620 0.147458
v 0.273481 3.233240 0.151415
v 0.275277 3.245259 0.156212
vn 0.9882 0.1511 0.0266
vn 0.9419 0.3226 0.0934
vn 0.8451 0.5079 0.1670
vn 0.6502 0.7166 0.2526
vn 0.2743 0.9015 0.3348
vn -0.2637 0.8986 0.3506
vn -0.7060 0.6542 0.2713
vn -0.9164 0.3636 0.1672
vn -0.9885 0.1285 0.0799
vn -0.9980 -0.0632 0.0072
vn -0.9695 -0.2376 -0.0602
vn -0.8994 -0.4171 -0.1307
vn -0.7560 -0.6193 -0.2122
vn -0.4631 -0.8330 -0.3028
vn 0.0354 -0.9335 -0.3567
vn 0.5482 -0.7757 -0.3126
vn 0.8468 -0.4877 -0.2123
vn 0.9657 -0.2311 -0.1182
vn 0.9988 -0.0259 -0.0411
vn 0.9468 0.2382 -0.2165
vn 0.9027 0.4043 -0.1471
vn 0.8115 0.5813 -0.0597
vn 0.6266 0.7768 0.0623
vn 0.2632 0.9377 0.2269
vn -0.2629 0.8888 0.3755
vn -0.6895 0.5932 0.4156
vn -0.8850 0.2780 0.3734
vn -0.9491 0.0372 0.3128
vn -0.9558 -0.1531 0.2510
vn -0.9281 -0.3230 0.1854
vn -0.8622 -0.4951 0.1073
vn -0.7276 -0.6860 0.0013
vn -0.4489 -0.8804 -0.1532
vn 0.0362 -0.9428 -0.3315
vn 0.5361 -0.7333 -0.4182
vn 0.8207 -0.4116 -0.3964
vn 0.9298 -0.1429 -0.3393
vn 0.9583 0.0639 -0.2785
vn 0.8524 0.3035 -0.4258
vn 0.8134 0.4587 -0.3578
vn 0.7352 0.6246 -0.2634
vn 0.5735 0.8112 -0.1145
vn 0.2390 0.9630 0.1248
vn -0.2610 0.8780 0.4013
vn -0.6514 0.5269 0.5460
vn -0.8124 0.1926 0.5503
vn -0.8589 -0.0441 0.5102
vn -0.8599 -0.2244 0.4586
vn -0.8340 -0.3827 0.3975
vn -0.7775 -0.5427 0.3177
vn -0.6631 -0.7221 0.1972
vn -0.4169 -0.9089 -0.0083
vn 0.0377 -0.9516 -0.3050
vn 0.5090 -0.6908 -0.5136
vn 0.7605 -0.3343 -0.5566
vn 0.8471 -0.0607 -0.5280
vn 0.8655 0.1393 -0.4811
vn 0.7331 0.3458 -0.5856
vn 0.7000 0.4877 -0.5217
vn 0.6365 0.6419 -0.4276
vn 0.5028 0.8228 -0.2651
vn 0.2059 0.9780 0.0340
vn -0.2566 0.8668 0.4276
vn -0.5968 0.4619 0.6561
vn -0.7165 0.1173 0.6876
vn -0.7442 -0.1079 0.6592
vn -0.7394 -0.2736 0.6151
vn -0.7159 -0.4175 0.5596
vn -0.6697 -0.5639 0.4831
vn -0.5777 -0.7329 0.3594
vn -0.3711 -0.9205 0.1224
vn 0.0416 -0.9598 -0.2775
vn 0.4719 -0.6508 -0.5948
vn 0.6801 -0.2632 -0.6843
vn 0.7401 0.0076 -0.6725
vn 0.7477 0.1951 -0.6347
vn 0.6115 0.3699 -0.6994
vn 0.5835 0.4989 -0.6408
vn 0.5328 0.6419 -0.5514
vn 0.4252 0.8186 -0.3861
vn 0.1681 0.9848 -0.0435
vn -0.2492 0.8560 0.4529
vn -0.5325 0.4031 0.7442
vn -0.6137 0.0568 0.7875
vn -0.6261 -0.1537 0.7644
vn -0.6172 -0.3043 0.7255
vn -0.5960 -0.4345 0.6753
vn -0.5584 -0.5682 0.6044
vn -0.4857 -0.7274 0.4847
vn -0.3166 -0.9193 0.2337
vn 0.0485 -0.9668 -0.2508
vn 0.4293 -0.6153 -0.6612
vn 0.5919 -0.2023 -0.7802
vn 0.6278 0.0600 -0.7760
vn 0.6269 0.2331 -0.7434
vn 0.4984 0.3818 -0.7783
vn 0.4743 0.4996 -0.7248
vn 0.4335 0.6328 -0.6416
vn 0.3472 0.8055 -0.4802
vn 0.1279 0.9859 -0.1080
vn -0.2389 0.8464 0.4759
vn -0.4644 0.3533 0.8121
vn -0.5139 0.0110 0.8578
vn -0.5153 -0.1848 0.8368
vn -0.5039 -0.3221 0.8015
vn -0.4846 -0.4404 0.7558
vn -0.4536 -0.5631 0.6908
vn -0.3955 -0.7138 0.5780
vn -0.2581 -0.9100 0.3244
vn 0.0581 -0.9723 -0.2262
vn 0.3844 -0.5848 -0.7143
vn 0.5037 -0.1531 -0.8502
vn 0.5208 0.0981 -0.8480
vn 0.5139 0.2574 -0.8183
vn 0.3965 0.3862 -0.8328
vn 0.3755 0.4949 -0.7837
vn 0.3418 0.6196 -0.7066
vn 0.2720 0.7884 -0.5518
vn 0.0870 0.9832 -0.1606
vn -0.2265 0.8384 0.4958
vn -0.3962 0.3133 0.8631
vn -0.4210 -0.0221 0.9068
vn -0.4150 -0.2049 0.8864
vn -0.4021 -0.3312 0.8536
vn -0.3843 -0.4400 0.8116
vn -0.3581 -0.5537 0.7518
vn -0.3108 -0.6969 0.6463
vn -0.1986 -0.8965 0.3961
vn 0.0699 -0.9763 -0.2048
vn 0.3389 -0.5597 -0.7562
vn 0.4195 -0.1149 -0.9005
vn 0.4226 0.1245 -0.8977
vn 0.4119 0.2719 -0.8697
vn 0.3052 0.3859 -0.8706
vn 0.2863 0.4873 -0.8249
vn 0.2578 0.6053 -0.7531
vn 0.2005 0.7703 -0.6054
vn 0.0460 0.9782 -0.2027
vn -0.2125 0.8321 0.5123
vn -0.3300 0.2828 0.9006
vn -0.3358 -0.0448 0.9409
vn -0.3247 -0.2169 0.9206
vn -0.3109 -0.3346 0.8896
vn -0.2944 -0.4359 0.8505
vn -0.2716 -0.5427 0.7948
vn -0.2321 -0.6797 0.6958
vn -0.1399 -0.8814 0.4512
vn 0.0832 -0.9789 -0.1868
vn 0.2939 -0.5400 -0.7887
vn 0.3405 -0.0868 -0.9362
vn 0.3335 0.1418 -0.9320
vn 0.3203 0.2795 -0.9051
vn 0.2224 0.3825 -0.8968
vn 0.2052 0.4785 -0.8538
vn 0.1804 0.5912 -0.7861
vn 0.1326 0.7529 -0.6447
vn 0.0051 0.9719 -0.2352
vn -0.1974 0.8276 0.5254
vn -0.2666 0.2612 0.9278
vn -0.2575 -0.0591 0.9645
vn -0.2428 -0.2228 0.9441
vn -0.2284 -0.3340 0.9145
vn -0.2128 -0.4298 0.8775
vn -0.1924 -0.5312 0.8251
vn -0.1588 -0.6635 0.7312
vn -0.0824 -0.8664 0.4925
vn 0.0977 -0.9802 -0.1725
vn 0.2496 -0.5256 -0.8133
vn 0.2666 -0.0677 -0.9614
vn 0.2521 0.1518 -0.9557
vn 0.2373 0.2821 -0.9296
vn 0.1461 0.3769 -0.9146
vn 0.1300 0.4691 -0.8735
vn 0.1080 0.5780 -0.8089
vn 0.0674 0.7371 -0.6724
vn -0.0356 0.9652 -0.2592
vn -0.1817 0.8249 0.5353
vn -0.2059 0.2478 0.9467
vn -0.1848 -0.0663 0.9805
vn -0.1672 -0.2239 0.9602
vn -0.1524 -0.3305 0.9314
vn -0.1374 -0.4223 0.8960
vn -0.1189 -0.5200 0.8458
vn -0.0897 -0.6487 0.7557
vn -0.0262 -0.8526 0.5219
vn 0.1131 -0.9804 -0.1616
vn 0.2063 -0.5164 -0.8311
vn 0.1970 -0.0566 -0.9788
vn 0.1769 0.1559 -0.9718
vn 0.1608 0.2808 -0.9462
vn 0.0742 0.3697 -0.9262
vn 0.0589 0.4594 -0.8863
vn 0.0389 0.5658 -0.8236
vn 0.0042 0.7234 -0.6904
vn -0.0762 0.9584 -0.2752
vn -0.1655 0.8239 0.5420
vn -0.1477 0.2420 0.9590
vn -0.1162 -0.0675 0.9909
vn -0.0962 -0.2209 0.9705
vn -0.0808 -0.3245 0.9424
vn -0.0662 -0.4138 0.9080
vn -0.0491 -0.5091 0.8593
vn -0.0234 -0.6357 0.7716
vn 0.0290 -0.8404 0.5411
vn 0.1289 -0.9796 -0.1542
vn 0.1639 -0.5124 -0.8429
vn 0.1309 -0.0526 -0.9900
vn 0.1060 0.1549 -0.9822
vn 0.0888 0.2763 -0.9570
vn 0.0049 0.3608 -0.9326
vn -0.0098 0.4494 -0.8933
vn -0.0282 0.5547 -0.8316
vn -0.0581 0.7117 -0.7000
vn -0.1169 0.9518 -0.2837
vn -0.1492 0.8247 0.5456
vn -0.0914 0.2434 0.9656
vn -0.0503 -0.0630 0.9967
vn -0.0279 -0.2143 0.9764
vn -0.0119 -0.3163 0.9486
vn 0.0025 -0.4044 0.9146
vn 0.0186 -0.4987 0.8666
vn 0.0414 -0.6243 0.7801
vn 0.0839 -0.8301 0.5512
vn 0.1452 -0.9779 -0.1503
vn 0.1223 -0.5135 -0.8493
vn 0.0672 -0.0555 -0.9962
vn 0.0380 0.1493 -0.9881
vn 0.0197 0.2688 -0.9630
vn -0.0634 0.3504 -0.9345
vn -0.0778 0.4390 -0.8951
vn -0.0950 0.5445 -0.8333
vn -0.1204 0.7022 -0.7017
vn -0.1578 0.9455 -0.2848
vn -0.1328 0.8272 0.5460
vn -0.0364 0.2518 0.9671
vn 0.0143 -0.0532 0.9985
vn 0.0392 -0.2040 0.9782
vn 0.0559 -0.3060 0.9504
vn 0.0703 -0.3941 0.9164
vn 0.0856 -0.4884 0.8684
vn 0.1059 -0.6144 0.7818
vn 0.1389 -0.8217 0.5527
vn 0.1615 -0.9754 -0.1498
vn 0.0814 -0.5198 -0.8504
vn 0.0049 -0.0650 -0.9979
vn -0.0288 0.1391 -0.9899
vn -0.0484 0.2584 -0.9648
vn -0.1324 0.3381 -0.9318
vn -0.1467 0.4279 -0.8918
vn -0.1627 0.5350 -0.8290
vn -0.1837 0.6946 -0.6955
vn -0.1990 0.9396 -0.2785
vn -0.1168 0.8314 0.5433
vn 0.0181 0.2673 0.9634
vn 0.0787 -0.0377 0.9962
vn 0.1065 -0.1899 0.9760
vn 0.1243 -0.2931 0.9480
vn 0.1389 -0.3825 0.9135
vn 0.1536 -0.4782 0.8647
vn 0.1715 -0.6059 0.7768
vn 0.1948 -0.8151 0.5456
vn 0.1777 -0.9721 -0.1529
vn 0.0411 -0.5312 -0.8462
vn -0.0570 -0.0813 -0.9951
vn -0.0956 0.1241 -0.9877
vn -0.1168 0.2449 -0.9625
vn -0.2037 0.3235 -0.9241
vn -0.2180 0.4159 -0.8829
vn -0.2329 0.5259 -0.8181
vn -0.2490 0.6888 -0.6809
vn -0.2406 0.9338 -0.2647
vn -0.1013 0.8372 0.5374
vn 0.0724 0.2903 0.9542
vn 0.1443 -0.0160 0.9894
vn 0.1757 -0.1714 0.9694
vn 0.1949 -0.2774 0.9408
vn 0.2099 -0.3692 0.9053
vn 0.2240 -0.4676 0.8551
vn 0.2394 -0.5984 0.7646
vn 0.2521 -0.8100 0.5294
vn 0.1935 -0.9681 -0.1594
vn 0.0013 -0.5478 -0.8366
vn -0.1194 -0.1049 -0.9873
vn -0.1640 0.1038 -0.9810
vn -0.1873 0.2276 -0.9556
vn -0.2790 0.3058 -0.9103
vn -0.2935 0.4023 -0.8672
vn -0.3071 0.5167 -0.7992
vn -0.3172 0.6841 -0.6568
vn -0.2827 0.9279 -0.2429
vn -0.0866 0.8446 0.5284
vn 0.1272 0.3214 0.9384
vn 0.2123 0.0128 0.9771
vn 0.2482 -0.1477 0.9574
vn 0.2693 -0.2579 0.9279
vn 0.2849 -0.3537 0.8909
vn 0.2986 -0.4562 0.8383
vn 0.3110 -0.5916 0.7438
vn 0.3113 -0.8062 0.5031
vn 0.2086 -0.9632 -0.1694
vn -0.0382 -0.5696 -0.8210
vn -0.1832 -0.1365 -0.9736
vn -0.2353 0.0773 -0.9688
vn -0.2614 0.2059 -0.9430
vn -0.3603 0.2842 -0.8885
vn -0.3750 0.3862 -0.8427
vn -0.3868 0.5067 -0.7705
vn -0.3892 0.6801 -0.6212
vn -0.3252 0.9214 -0.2126
vn -0.0729 0.8534 0.5161
vn 0.1827 0.3611 0.9144
vn 0.2839 0.0500 0.9576
vn 0.3258 -0.1174 0.9381
vn 0.3494 -0.2337 0.9074
vn 0.3660 -0.3350 0.8683
vn 0.3790 -0.4432 0.8124
vn 0.3876 -0.5850 0.7124
vn 0.3727 -0.8030 0.4651
vn 0.2228 -0.9575 -0.1830
vn -0.0773 -0.5967 -0.7987
vn -0.2493 -0.1770 -0.9521
vn -0.3111 0.0432 -0.9494
vn -0.3411 0.1784 -0.9230
vn -0.4494 0.2569 -0.8556
vn -0.4643 0.3665 -0.8063
vn -0.4735 0.4949 -0.7286
vn -0.4656 0.6756 -0.5716
vn -0.3680 0.9136 -0.1729
vn -0.0606 0.8638 0.5003
vn 0.2386 0.4103 0.8802
vn 0.3601 0.0973 0.9278
vn 0.4100 -0.0788 0.9087
vn 0.4372 -0.2029 0.8762
vn 0.4549 -0.3117 0.8342
vn 0.4670 -0.4276 0.7740
vn 0.4703 -0.5775 0.6673
vn 0.4361 -0.7994 0.4132
vn 0.2357 -0.9510 -0.2003
vn -0.1161 -0.6292 -0.7685
vn -0.3181 -0.2277 -0.9203
vn -0.3927 -0.0001 -0.9197
vn -0.4279 0.1435 -0.8923
vn -0.5480 0.2219 -0.8065
vn -0.5631 0.3410 -0.7528
vn -0.5683 0.4796 -0.6686
vn -0.5461 0.6690 -0.5042
vn -0.4106 0.9036 -0.1225
vn -0.0501 0.8753 0.4810
vn 0.2943 0.4693 0.8326
vn 0.4412 0.1571 0.8835
vn 0.5022 -0.0292 0.8642
vn 0.5342 -0.1634 0.8294
vn 0.5535 -0.2817 0.7837
vn 0.5640 -0.4075 0.7182
vn 0.5596 -0.5678 0.6037
vn 0.5006 -0.7940 0.3449
vn 0.2469 -0.9435 -0.2211
vn -0.1541 -0.6671 -0.7288
vn -0.3896 -0.2896 -0.8743
vn -0.4810 -0.0551 -0.8750
vn -0.5235 0.0988 -0.8463
vn -0.6564 0.1760 -0.7336
vn -0.6713 0.3070 -0.6746
vn -0.6704 0.4580 -0.5838
vn -0.6292 0.6574 -0.4145
vn -0.4519 0.8900 -0.0602
vn -0.0420 0.8877 0.4585
vn 0.3479 0.5378 0.7680
vn 0.5264 0.2311 0.8182
vn 0.6023 0.0341 0.7975
vn 0.6409 -0.1120 0.7594
vn 0.6621 -0.2422 0.7092
vn 0.6700 -0.3803 0.6375
vn 0.6545 -0.5531 0.5154
vn 0.5639 -0.7847 0.2575
vn 0.2557 -0.9351 -0.2452
vn -0.1906 -0.7100 -0.6779
vn -0.4625 -0.3635 -0.8086
vn -0.5754 -0.1240 -0.8084
vn -0.6279 0.0413 -0.7772
vn -0.7711 0.1158 -0.6261
vn -0.7852 0.2606 -0.5617
vn -0.7757 0.4260 -0.4657
vn -0.7108 0.6372 -0.2977
vn -0.4900 0.8716 0.0153
vn -0.0367 0.9004 0.4335
vn 0.3963 0.6138 0.6828
vn 0.6116 0.3204 0.7234
vn 0.7067 0.1139 0.6983
vn 0.7540 -0.0452 0.6554
vn 0.7775 -0.1892 0.5998
vn 0.7812 -0.3421 0.5222
vn 0.7504 -0.5298 0.3952
vn 0.6220 -0.7687 0.1492
vn 0.2615 -0.9262 -0.2716
vn -0.2241 -0.7572 -0.6135
vn -0.5335 -0.4487 -0.7169
vn -0.6721 -0.2083 -0.7105
vn -0.7374 -0.0319 -0.6747
vn -0.8805 0.0386 -0.4725
vn -0.8932 0.1978 -0.4037
vn -0.8732 0.3787 -0.3067
vn -0.7827 0.6038 -0.1510
vn -0.5218 0.8467 0.1043
vn -0.0345 0.9126 0.4074
vn 0.4346 0.6930 0.5752
vn 0.6877 0.4219 0.5907
vn 0.8048 0.2102 0.5550
vn 0.8623 0.0389 0.5050
vn 0.8881 -0.1194 0.4438
vn 0.8863 -0.2883 0.3626
vn 0.8371 -0.4927 0.2377
vn 0.6691 -0.7429 0.0209
vn 0.2642 -0.9170 -0.2989
vn -0.2518 -0.8071 -0.5341
vn -0.5956 -0.5416 -0.5932
vn -0.7613 -0.3066 -0.5713
vn -0.8411 -0.1217 -0.5270
vn -0.9620 -0.0537 -0.2679
vn -0.9732 0.1175 -0.1976
vn -0.9437 0.3129 -0.1070
vn -0.8323 0.5538 0.0230
vn -0.5428 0.8144 0.2052
vn -0.0346 0.9237 0.3817
vn 0.4581 0.7686 0.4465
vn 0.7407 0.5266 0.4172
vn 0.8769 0.3164 0.3620
vn 0.9433 0.1373 0.3021
vn 0.9711 -0.0326 0.2366
vn 0.9638 -0.2160 0.1565
vn 0.8981 -0.4374 0.0451
vn 0.6987 -0.7049 -0.1223
vn 0.2644 -0.9079 -0.3254
vn -0.2699 -0.8565 -0.4399
vn -0.6383 -0.6346 -0.4357
vn -0.8255 -0.4113 -0.3865
vn -0.9176 -0.2229 -0.3291
vn -0.9882 -0.1511 -0.0266
vn -0.9988 0.0259 0.0411
vn -0.9657 0.2311 0.1182
vn -0.8468 0.4877 0.2123
vn -0.5482 0.7757 0.3127
vn -0.0355 0.9335 0.3567
vn 0.4632 0.8330 0.3028
vn 0.7560 0.6193 0.2122
vn 0.8994 0.4171 0.1307
vn 0.9695 0.2376 0.0602
vn 0.9980 0.0632 -0.0072
vn 0.9885 -0.1285 -0.0799
vn 0.9164 -0.3636 -0.1672
vn 0.7060 -0.6542 -0.2713
vn 0.2637 -0.8986 -0.3506
vn -0.2743 -0.9015 -0.3348
vn -0.6502 -0.7166 -0.2526
vn -0.8451 -0.5079 -0.1670
vn -0.9419 -0.3226 -0.0934
vn -0.9468 -0.2382 0.2165
vn -0.9583 -0.0639 0.2785
vn -0.9298 0.1429 0.3393
vn -0.8206 0.4116 0.3964
vn -0.5361 0.7333 0.4182
vn -0.0362 0.9428 0.3315
vn 0.4489 0.8803 0.1532
vn 0.7276 0.6860 -0.0013
vn 0.8622 0.4951 -0.1073
vn 0.9281 0.3230 -0.1854
vn 0.9558 0.1531 -0.2510
vn 0.9491 -0.0372 -0.3128
vn 0.8850 -0.2780 -0.3734
vn 0.6895 -0.5932 -0.4156
vn 0.2629 -0.8888 -0.3755
vn -0.2632 -0.9377 -0.2269
vn -0.6266 -0.7768 -0.0623
vn -0.8115 -0.5813 0.0597
vn -0.9027 -0.4043 0.1471
vn -0.8524 -0.3036 0.4258
vn -0.8655 -0.1393 0.4811
vn -0.8471 0.0607 0.5280
vn -0.7605 0.3343 0.5566
vn -0.5090 0.6907 0.5136
vn -0.0378 0.9516 0.3050
vn 0.4169 0.9089 0.0083
vn 0.6631 0.7221 -0.1972
vn 0.7775 0.5427 -0.3177
vn 0.8340 0.3827 -0.3975
vn 0.8599 0.2244 -0.4586
vn 0.8589 0.0441 -0.5102
vn 0.8124 -0.1926 -0.5503
vn 0.6514 -0.5269 -0.5459
vn 0.2610 -0.8780 -0.4013
vn -0.2390 -0.9630 -0.1248
vn -0.5735 -0.8112 0.1145
vn -0.7352 -0.6246 0.2634
vn -0.8134 -0.4587 0.3578
vn -0.7332 -0.3458 0.5856
vn -0.7478 -0.1951 0.6347
vn -0.7401 -0.0076 0.6725
vn -0.6801 0.2632 0.6843
vn -0.4719 0.6508 0.5947
vn -0.0416 0.9598 0.2775
vn 0.3711 0.9205 -0.1225
vn 0.5777 0.7329 -0.3594
vn 0.6697 0.5640 -0.4831
vn 0.7159 0.4175 -0.5596
vn 0.7394 0.2736 -0.6151
vn 0.7442 0.1079 -0.6592
vn 0.7165 -0.1173 -0.6876
vn 0.5968 -0.4619 -0.6561
vn 0.2566 -0.8668 -0.4276
vn -0.2059 -0.9780 -0.0340
vn -0.5028 -0.8228 0.2651
vn -0.6365 -0.6419 0.4276
vn -0.7000 -0.4877 0.5217
vn -0.6115 -0.3699 0.6994
vn -0.6269 -0.2331 0.7434
vn -0.6278 -0.0600 0.7760
vn -0.5919 0.2023 0.7802
vn -0.4293 0.6153 0.6612
vn -0.0484 0.9668 0.2508
vn 0.3166 0.9193 -0.2337
vn 0.4856 0.7275 -0.4847
vn 0.5584 0.5682 -0.6044
vn 0.5960 0.4345 -0.6753
vn 0.6172 0.3043 -0.7255
vn 0.6261 0.1537 -0.7644
vn 0.6137 -0.0568 -0.7875
vn 0.5325 -0.4031 -0.7442
vn 0.2492 -0.8560 -0.4529
vn -0.1680 -0.9848 0.0435
vn -0.4251 -0.8186 0.3861
vn -0.5328 -0.6419 0.5514
vn -0.5835 -0.4989 0.6408
vn -0.4984 -0.3818 0.7783
vn -0.5139 -0.2574 0.8183
vn -0.5208 -0.0981 0.8480
vn -0.5037 0.1530 0.8502
vn -0.3844 0.5848 0.7143
vn -0.0581 0.9724 0.2262
vn 0.2581 0.9100 -0.3244
vn 0.3955 0.7138 -0.5780
vn 0.4536 0.5631 -0.6908
vn 0.4846 0.4404 -0.7558
vn 0.5039 0.3221 -0.8015
vn 0.5153 0.1848 -0.8368
vn 0.5138 -0.0110 -0.8578
vn 0.4644 -0.3533 -0.8121
vn 0.2389 -0.8464 -0.4759
vn -0.1279 -0.9859 0.1080
vn -0.3472 -0.8056 0.4802
vn -0.4335 -0.6328 0.6416
vn -0.4743 -0.4996 0.7248
vn -0.3965 -0.3862 0.8328
vn -0.4119 -0.2719 0.8697
vn -0.4226 -0.1245 0.8977
vn -0.4195 0.1149 0.9005
vn -0.3389 0.5597 0.7562
vn -0.0699 0.9763 0.2047
vn 0.1986 0.8965 -0.3961
vn 0.3108 0.6970 -0.6463
vn 0.3581 0.5537 -0.7518
vn 0.3843 0.4400 -0.8116
vn 0.4021 0.3312 -0.8536
vn 0.4150 0.2049 -0.8864
vn 0.4210 0.0221 -0.9068
vn 0.3962 -0.3133 -0.8631
vn 0.2265 -0.8384 -0.4958
vn -0.0870 -0.9832 0.1606
vn -0.2720 -0.7884 0.5517
vn -0.3418 -0.6196 0.7066
vn -0.3755 -0.4949 0.7837
vn -0.3052 -0.3859 0.8706
vn -0.3203 -0.2795 0.9051
vn -0.3335 -0.1418 0.9320
vn -0.3405 0.0868 0.9362
vn -0.2939 0.5400 0.7887
vn -0.0832 0.9789 0.1868
vn 0.1399 0.8814 -0.4512
vn 0.2321 0.6797 -0.6958
vn 0.2716 0.5427 -0.7948
vn 0.2944 0.4359 -0.8505
vn 0.3109 0.3346 -0.8896
vn 0.3248 0.2169 -0.9206
vn 0.3358 0.0448 -0.9409
vn 0.3300 -0.2828 -0.9006
vn 0.2124 -0.8321 -0.5123
vn -0.0460 -0.9782 0.2026
vn -0.2005 -0.7703 0.6054
vn -0.2578 -0.6053 0.7531
vn -0.2863 -0.4874 0.8249
vn -0.2224 -0.3825 0.8968
vn -0.2373 -0.2821 0.9296
vn -0.2521 -0.1518 0.9557
vn -0.2666 0.0677 0.9614
vn -0.2496 0.5256 0.8133
vn -0.0978 0.9802 0.1724
vn 0.0824 0.8664 -0.4925
vn 0.1588 0.6635 -0.7311
vn 0.1924 0.5312 -0.8251
vn 0.2128 0.4298 -0.8775
vn 0.2284 0.3340 -0.9145
vn 0.2428 0.2228 -0.9441
vn 0.2575 0.0591 -0.9645
vn 0.2665 -0.2612 -0.9278
vn 0.1974 -0.8276 -0.5254
vn -0.0051 -0.9719 0.2352
vn -0.1326 -0.7529 0.6446
vn -0.1804 -0.5912 0.7861
vn -0.2052 -0.4785 0.8538
vn -0.1461 -0.3769 0.9146
vn -0.1608 -0.2808 0.9462
vn -0.1769 -0.1559 0.9718
vn -0.1970 0.0566 0.9788
vn -0.2063 0.5164 0.8311
vn -0.1131 0.9804 0.1616
vn 0.0262 0.8526 -0.5219
vn 0.0897 0.6487 -0.7557
vn 0.1189 0.5200 -0.8459
vn 0.1374 0.4223 -0.8960
vn 0.1524 0.3305 -0.9314
vn 0.1672 0.2239 -0.9602
vn 0.1848 0.0663 -0.9805
vn 0.2059 -0.2478 -0.9467
vn 0.1817 -0.8249 -0.5353
vn 0.0356 -0.9652 0.2591
vn -0.0674 -0.7371 0.6724
vn -0.1080 -0.5780 0.8089
vn -0.1300 -0.4691 0.8735
vn -0.0742 -0.3697 0.9262
vn -0.0888 -0.2763 0.9570
vn -0.1060 -0.1549 0.9822
vn -0.1309 0.0526 0.9900
vn -0.1639 0.5124 0.8429
vn -0.1289 0.9796 0.1542
vn -0.0290 0.8404 -0.5411
vn 0.0234 0.6357 -0.7716
vn 0.0491 0.5091 -0.8593
vn 0.0662 0.4138 -0.9080
vn 0.0808 0.3245 -0.9424
vn 0.0962 0.2209 -0.9705
vn 0.1162 0.0675 -0.9909
vn 0.1477 -0.2420 -0.9590
vn 0.1656 -0.8239 -0.5420
vn 0.0762 -0.9584 0.2752
vn -0.0042 -0.7234 0.6904
vn -0.0389 -0.5658 0.8236
vn -0.0589 -0.4594 0.8863
vn -0.0049 -0.3608 0.9326
vn -0.0197 -0.2688 0.9630
vn -0.0380 -0.1493 0.9881
vn -0.0672 0.0555 0.9962
vn -0.1223 0.5135 0.8493
vn -0.1452 0.9779 0.1503
vn -0.0839 0.8301 -0.5512
vn -0.0414 0.6243 -0.7801
vn -0.0186 0.4987 -0.8666
vn -0.0025 0.4044 -0.9146
vn 0.0119 0.3163 -0.9486
vn 0.0279 0.2143 -0.9764
vn 0.0503 0.0630 -0.9967
vn 0.0914 -0.2434 -0.9656
vn 0.1492 -0.8247 -0.5456
vn 0.1169 -0.9518 0.2837
vn 0.0581 -0.7118 0.7000
vn 0.0282 -0.5547 0.8316
vn 0.0098 -0.4494 0.8933
vn 0.0634 -0.3504 0.9345
vn 0.0484 -0.2584 0.9648
vn 0.0288 -0.1391 0.9899
vn -0.0049 0.0650 0.9979
vn -0.0814 0.5198 0.8504
vn -0.1615 0.9754 0.1498
vn -0.1389 0.8217 -0.5527
vn -0.1059 0.6145 -0.7818
vn -0.0856 0.4884 -0.8684
vn -0.0703 0.3940 -0.9164
vn -0.0559 0.3060 -0.9504
vn -0.0392 0.2041 -0.9782
vn -0.0143 0.0532 -0.9985
vn 0.0364 -0.2518 -0.9671
vn 0.1328 -0.8272 -0.5460
vn 0.1578 -0.9455 0.2848
vn 0.1204 -0.7022 0.7017
vn 0.0950 -0.5445 0.8333
vn 0.0778 -0.4390 0.8951
vn 0.1324 -0.3381 0.9318
vn 0.1168 -0.2449 0.9625
vn 0.0956 -0.1241 0.9877
vn 0.0570 0.0813 0.9951
vn -0.0411 0.5312 0.8462
vn -0.1777 0.9721 0.1529
vn -0.1948 0.8151 -0.5456
vn -0.1715 0.6059 -0.7768
vn -0.1536 0.4782 -0.8647
vn -0.1389 0.3824 -0.9135
vn -0.1243 0.2931 -0.9480
vn -0.1065 0.1899 -0.9760
vn -0.0787 0.0377 -0.9962
vn -0.0181 -0.2673 -0.9634
vn 0.1168 -0.8314 -0.5433
vn 0.1990 -0.9396 0.2785
vn 0.1837 -0.6946 0.6955
vn 0.1627 -0.5350 0.8290
vn 0.1467 -0.4279 0.8918
vn 0.2037 -0.3235 0.9241
vn 0.1873 -0.2276 0.9556
vn 0.1640 -0.1038 0.9810
vn 0.1194 0.1049 0.9873
vn -0.0013 0.5478 0.8366
vn -0.1935 0.9681 0.1594
vn -0.2521 0.8100 -0.5294
vn -0.2394 0.5984 -0.7646
vn -0.2240 0.4676 -0.8551
vn -0.2099 0.3692 -0.9053
vn -0.1949 0.2774 -0.9408
vn -0.1757 0.1715 -0.9694
vn -0.1443 0.0160 -0.9894
vn -0.0724 -0.2903 -0.9542
vn 0.1013 -0.8372 -0.5374
vn 0.2406 -0.9338 0.2647
vn 0.2490 -0.6887 0.6809
vn 0.2329 -0.5259 0.8181
vn 0.2180 -0.4159 0.8829
vn 0.2790 -0.3058 0.9103
vn 0.2614 -0.2059 0.9430
vn 0.2353 -0.0773 0.9688
vn 0.1832 0.1365 0.9736
vn 0.0381 0.5696 0.8210
vn -0.2086 0.9632 0.1694
vn -0.3113 0.8062 -0.5031
vn -0.3110 0.5916 -0.7438
vn -0.2986 0.4562 -0.8383
vn -0.2849 0.3537 -0.8909
vn -0.2693 0.2579 -0.9279
vn -0.2482 0.1477 -0.9574
vn -0.2123 -0.0128 -0.9771
vn -0.1272 -0.3214 -0.9384
vn 0.0866 -0.8446 -0.5284
vn 0.2827 -0.9279 0.2429
vn 0.3172 -0.6841 0.6568
vn 0.3071 -0.5167 0.7992
vn 0.2935 -0.4023 0.8672
vn 0.3603 -0.2842 0.8885
vn 0.3411 -0.1784 0.9229
vn 0.3111 -0.0433 0.9494
vn 0.2493 0.1770 0.9521
vn 0.0773 0.5968 0.7987
vn -0.2228 0.9575 0.1830
vn -0.3728 0.8030 -0.4650
vn -0.3876 0.5850 -0.7124
vn -0.3790 0.4432 -0.8124
vn -0.3660 0.3350 -0.8683
vn -0.3494 0.2337 -0.9074
vn -0.3258 0.1174 -0.9381
vn -0.2839 -0.0500 -0.9576
vn -0.1827 -0.3611 -0.9144
vn 0.0729 -0.8535 -0.5160
vn 0.3252 -0.9214 0.2126
vn 0.3892 -0.6801 0.6212
vn 0.3868 -0.5067 0.7705
vn 0.3750 -0.3862 0.8427
vn 0.4494 -0.2569 0.8556
vn 0.4279 -0.1435 0.8923
vn 0.3927 0.0001 0.9197
vn 0.3181 0.2277 0.9203
vn 0.1161 0.6293 0.7685
vn -0.2357 0.9510 0.2003
vn -0.4361 0.7994 -0.4132
vn -0.4703 0.5775 -0.6673
vn -0.4670 0.4276 -0.7740
vn -0.4549 0.3117 -0.8342
vn -0.4372 0.2029 -0.8762
vn -0.4100 0.0787 -0.9087
vn -0.3601 -0.0973 -0.9278
vn -0.2386 -0.4103 -0.8802
vn 0.0606 -0.8638 -0.5002
vn 0.3680 -0.9136 0.1729
vn 0.4656 -0.6756 0.5716
vn 0.4735 -0.4949 0.7286
vn 0.4643 -0.3665 0.8063
vn 0.5480 -0.2219 0.8065
vn 0.5235 -0.0988 0.8463
vn 0.4810 0.0551 0.8750
vn 0.3896 0.2896 0.8743
vn 0.1541 0.6671 0.7288
vn -0.2469 0.9435 0.2211
vn -0.5006 0.7940 -0.3449
vn -0.5596 0.5678 -0.6037
vn -0.5640 0.4075 -0.7182
vn -0.5535 0.2817 -0.7837
vn -0.5342 0.1634 -0.8294
vn -0.5022 0.0292 -0.8642
vn -0.4413 -0.1571 -0.8835
vn -0.2943 -0.4693 -0.8326
vn 0.0501 -0.8753 -0.4810
vn 0.4106 -0.9036 0.1225
vn 0.5461 -0.6690 0.5042
vn 0.5683 -0.4796 0.6686
vn 0.5631 -0.3410 0.7528
vn 0.6564 -0.1760 0.7336
vn 0.6279 -0.0413 0.7772
vn 0.5754 0.1240 0.8084
vn 0.4625 0.3635 0.8086
vn 0.1906 0.7100 0.6779
vn -0.2557 0.9351 0.2452
vn -0.5639 0.7847 -0.2575
vn -0.6545 0.5531 -0.5154
vn -0.6700 0.3803 -0.6375
vn -0.6621 0.2422 -0.7092
vn -0.6409 0.1120 -0.7594
vn -0.6023 -0.0341 -0.7975
vn -0.5264 -0.2311 -0.8182
vn -0.3479 -0.5378 -0.7680
vn 0.0420 -0.8877 -0.4585
vn 0.4519 -0.8900 0.0602
vn 0.6293 -0.6574 0.4145
vn 0.6704 -0.4580 0.5838
vn 0.6713 -0.3070 0.6746
vn 0.7711 -0.1158 0.6261
vn 0.7374 0.0319 0.6747
vn 0.6721 0.2083 0.7105
vn 0.5335 0.4487 0.7169
vn 0.2241 0.7573 0.6135
vn -0.2615 0.9262 0.2716
vn -0.6220 0.7687 -0.1492
vn -0.7504 0.5298 -0.3952
vn -0.7812 0.3421 -0.5222
vn -0.7775 0.1892 -0.5998
vn -0.7540 0.0452 -0.6554
vn -0.7067 -0.1139 -0.6983
vn -0.6116 -0.3204 -0.7234
vn -0.3963 -0.6137 -0.6828
vn 0.0367 -0.9004 -0.4335
vn 0.4900 -0.8716 -0.0153
vn 0.7108 -0.6372 0.2977
vn 0.7757 -0.4260 0.4657
vn 0.7852 -0.2606 0.5617
vn 0.8805 -0.0386 0.4725
vn 0.8411 0.1217 0.5270
vn 0.7613 0.3066 0.5713
vn 0.5957 0.5416 0.5932
vn 0.2518 0.8071 0.5341
vn -0.2642 0.9170 0.2989
vn -0.6691 0.7429 -0.0209
vn -0.8371 0.4927 -0.2376
vn -0.8863 0.2883 -0.3626
vn -0.8881 0.1194 -0.4439
vn -0.8623 -0.0389 -0.5050
vn -0.8048 -0.2102 -0.5550
vn -0.6877 -0.4219 -0.5907
vn -0.4347 -0.6930 -0.5752
vn 0.0345 -0.9126 -0.4074
vn 0.5218 -0.8467 -0.1043
vn 0.7827 -0.6038 0.1510
vn 0.8732 -0.3787 0.3067
vn 0.8932 -0.1978 0.4037
vn 0.9620 0.0537 0.2679
vn 0.9176 0.2229 0.3291
vn 0.8255 0.4113 0.3865
vn 0.6383 0.6346 0.4357
vn 0.2699 0.8565 0.4399
vn -0.2644 0.9079 0.3254
vn -0.6987 0.7049 0.1223
vn -0.8981 0.4374 -0.0451
vn -0.9638 0.2160 -0.1565
vn -0.9711 0.0326 -0.2366
vn -0.9433 -0.1373 -0.3021
vn -0.8768 -0.3164 -0.3620
vn -0.7407 -0.5266 -0.4172
vn -0.4581 -0.7686 -0.4465
vn 0.0346 -0.9237 -0.3817
vn 0.5428 -0.8144 -0.2052
vn 0.8323 -0.5538 -0.0230
vn 0.9437 -0.3129 0.1070
vn 0.9732 -0.1175 0.1976
vt 0.630818 0.866924
vt 0.630818 0.866924
vt 0.630818 0.866924
vt 0.630818 0.866924
vt 0.630818 0.866924
vt 0.630818 0.866923
vt 0.630818 0.866923
vt 0.630818 0.866923
vt 0.630818 0.866923
vt 0.630818 0.866923
vt 0.630818 0.866923
vt 0.630818 0.866923
vt 0.630818 0.866923
vt 0.630818 0.866923
vt 0.630818 0.866923
vt 0.630818 0.866923
vt 0.630818 0.866923
vt 0.630818 0.866923
vt 0.630818 0.866923
vt 0.630818 0.866923
vt 0.630818 0.866923
vt 0.630818 0.866923
vt 0.630818 0.866923
vt 0.630818 0.866923
vt 0.630818 0.866924
vt 0.630818 0.866924
vt 0.630818 0.866924
vt 0.630818 0.866924
vt 0.630817 0.866924
vt 0.630818 0.866924
vt 0.630817 0.866925
vt 0.630818 0.866924
vt 0.630818 0.866923
vt 0.683416 0.772177
vt 0.642315 0.846142
vt 0.631899 0.842996
vt 0.631590 0.763972
vt 0.622007 0.844110
vt 0.590295 0.777194
vt 0.614649 0.847398
vt 0.565137 0.795719
vt 0.609916 0.850454
vt 0.551445 0.809239
vt 0.606681 0.852504
vt 0.543394 0.817255
vt 0.603113 0.856068
vt 0.534201 0.829748
vt 0.599609 0.864130
vt 0.523735 0.857199
vt 0.599916 0.877100
vt 0.525254 0.902041
vt 0.608037 0.890909
vt 0.555243 0.948462
vt 0.622936 0.898829
vt 0.606940 0.969966
vt 0.638763 0.898177
vt 0.658219 0.969966
vt 0.649719 0.891568
vt 0.694662 0.948793
vt 0.654592 0.884402
vt 0.711531 0.926592
vt 0.655688 0.879549
vt 0.716994 0.912813
vt 0.655700 0.875768
vt 0.719416 0.902193
vt 0.655778 0.870197
vt 0.723576 0.884155
vt 0.654691 0.862284
vt 0.726329 0.853978
vt 0.650455 0.853336
vt 0.716748 0.812476
vt 0.633837 0.861465
vt 0.631190 0.860621
vt 0.628597 0.860776
vt 0.626529 0.861500
vt 0.625061 0.862224
vt 0.623942 0.862735
vt 0.622691 0.863727
vt 0.621447 0.866109
vt 0.621375 0.870049
vt 0.623727 0.874321
vt 0.628259 0.876847
vt 0.633164 0.876611
vt 0.636484 0.874455
vt 0.637845 0.872129
vt 0.638019 0.870539
vt 0.637857 0.869318
vt 0.637691 0.867687
vt 0.637206 0.865545
vt 0.635959 0.863262
vt 0.631708 0.865308
vt 0.630951 0.865058
vt 0.630196 0.865078
vt 0.629565 0.865261
vt 0.629084 0.865456
vt 0.628685 0.865604
vt 0.628237 0.865913
vt 0.627800 0.866673
vt 0.627756 0.867941
vt 0.628509 0.869302
vt 0.629919 0.870236
vt 0.631548 0.870129
vt 0.632628 0.869389
vt 0.633048 0.868596
vt 0.633072 0.868043
vt 0.632984 0.867621
vt 0.632893 0.867104
vt 0.632711 0.866468
vt 0.632324 0.865815
vt 0.631116 0.866375
vt 0.630873 0.866292
vt 0.630627 0.866291
vt 0.630414 0.866343
vt 0.630241 0.866403
vt 0.630088 0.866454
vt 0.629916 0.866564
vt 0.629751 0.866836
vt 0.629728 0.867290
vt 0.629992 0.867785
vt 0.630510 0.868077
vt 0.631072 0.868042
vt 0.631448 0.867781
vt 0.631592 0.867495
vt 0.631595 0.867290
vt 0.631557 0.867133
vt 0.631517 0.866954
vt 0.631447 0.866745
vt 0.631315 0.866536
vt 0.630933 0.866705
vt 0.630845 0.866674
vt 0.630755 0.866671
vt 0.630675 0.866687
vt 0.630607 0.866709
vt 0.630544 0.866729
vt 0.630474 0.866774
vt 0.630408 0.866881
vt 0.630398 0.867058
vt 0.630502 0.867249
vt 0.630702 0.867359
vt 0.630918 0.867344
vt 0.631062 0.867243
vt 0.631118 0.867131
vt 0.631119 0.867047
vt 0.631103 0.866983
vt 0.631085 0.866914
vt 0.631056 0.866837
vt 0.631006 0.866763
vt 0.630870 0.866819
vt 0.630834 0.866805
vt 0.630796 0.866804
vt 0.630763 0.866810
vt 0.630733 0.866819
vt 0.630705 0.866828
vt 0.630675 0.866849
vt 0.630647 0.866895
vt 0.630643 0.866971
vt 0.630686 0.867053
vt 0.630773 0.867095
vt 0.630863 0.867090
vt 0.630924 0.867048
vt 0.630948 0.867000
vt 0.630949 0.866963
vt 0.630943 0.866934
vt 0.630935 0.866905
vt 0.630922 0.866873
vt 0.630900 0.866842
vt 0.630845 0.866863
vt 0.630828 0.866857
vt 0.630811 0.866856
vt 0.630795 0.866858
vt 0.630781 0.866863
vt 0.630768 0.866868
vt 0.630754 0.866879
vt 0.630741 0.866901
vt 0.630740 0.866935
vt 0.630760 0.866971
vt 0.630798 0.866995
vt 0.630841 0.866991
vt 0.630869 0.866972
vt 0.630881 0.866949
vt 0.630882 0.866931
vt 0.630880 0.866917
vt 0.630876 0.866903
vt 0.630870 0.866888
vt 0.630860 0.866874
vt 0.630835 0.866883
vt 0.630826 0.866879
vt 0.630816 0.866879
vt 0.630808 0.866880
vt 0.630801 0.866883
vt 0.630794 0.866886
vt 0.630787 0.866892
vt 0.630781 0.866903
vt 0.630781 0.866921
vt 0.630791 0.866939
vt 0.630810 0.866950
vt 0.630831 0.866948
vt 0.630845 0.866939
vt 0.630852 0.866928
vt 0.630853 0.866919
vt 0.630853 0.866911
vt 0.630851 0.866904
vt 0.630848 0.866896
vt 0.630842 0.866889
vt 0.630829 0.866892
vt 0.630824 0.866890
vt 0.630819 0.866890
vt 0.630814 0.866891
vt 0.630810 0.866893
vt 0.630806 0.866895
vt 0.630803 0.866899
vt 0.630800 0.866905
vt 0.630800 0.866914
vt 0.630805 0.866924
vt 0.630816 0.866929
vt 0.630826 0.866929
vt 0.630834 0.866924
vt 0.630838 0.866918
vt 0.630839 0.866913
vt 0.630839 0.866909
vt 0.630838 0.866905
vt 0.630837 0.866900
vt 0.630833 0.866896
vt 0.630826 0.866898
vt 0.630823 0.866896
vt 0.630820 0.866896
vt 0.630817 0.866897
vt 0.630814 0.866899
vt 0.630812 0.866901
vt 0.630811 0.866903
vt 0.630810 0.866907
vt 0.630810 0.866912
vt 0.630813 0.866917
vt 0.630818 0.866920
vt 0.630824 0.866919
vt 0.630828 0.866917
vt 0.630830 0.866914
vt 0.630831 0.866911
vt 0.630832 0.866909
vt 0.630831 0.866906
vt 0.630830 0.866903
vt 0.630829 0.866900
vt 0.630824 0.866902
vt 0.630822 0.866901
vt 0.630820 0.866901
vt 0.630818 0.866902
vt 0.630817 0.866903
vt 0.630816 0.866904
vt 0.630815 0.866906
vt 0.630815 0.866908
vt 0.630815 0.866910
vt 0.630816 0.866913
vt 0.630819 0.866914
vt 0.630822 0.866914
vt 0.630824 0.866913
vt 0.630826 0.866912
vt 0.630827 0.866910
vt 0.630827 0.866909
vt 0.630827 0.866907
vt 0.630827 0.866905
vt 0.630826 0.866903
vt 0.630823 0.866904
vt 0.630821 0.866904
vt 0.630820 0.866904
vt 0.630819 0.866905
vt 0.630818 0.866905
vt 0.630818 0.866906
vt 0.630818 0.866907
vt 0.630817 0.866908
vt 0.630818 0.866910
vt 0.630818 0.866911
vt 0.630820 0.866912
vt 0.630821 0.866912
vt 0.630822 0.866911
vt 0.630823 0.866911
vt 0.630824 0.866910
vt 0.630824 0.866909
vt 0.630825 0.866908
vt 0.630824 0.866907
vt 0.630824 0.866906
vt 0.630822 0.866907
vt 0.630821 0.866906
vt 0.630820 0.866906
vt 0.630819 0.866907
vt 0.630819 0.866907
vt 0.630819 0.866908
vt 0.630819 0.866908
vt 0.630819 0.866909
vt 0.630819 0.866910
vt 0.630819 0.866910
vt 0.630820 0.866911
vt 0.630821 0.866911
vt 0.630821 0.866910
vt 0.630822 0.866910
vt 0.630822 0.866910
vt 0.630822 0.866909
vt 0.630823 0.866909
vt 0.630823 0.866908
vt 0.630822 0.866907
vt 0.630821 0.866908
vt 0.630821 0.866908
vt 0.630820 0.866908
vt 0.630820 0.866908
vt 0.630820 0.866909
vt 0.630820 0.866909
vt 0.630820 0.866909
vt 0.630820 0.866910
vt 0.630820 0.866910
vt 0.630820 0.866910
vt 0.630820 0.866910
vt 0.630820 0.866910
vt 0.630821 0.866910
vt 0.630821 0.866910
vt 0.630821 0.866910
vt 0.630821 0.866910
vt 0.630822 0.866909
vt 0.630822 0.866909
vt 0.630821 0.866908
vt 0.630821 0.866909
vt 0.630820 0.866909
vt 0.630820 0.866909
vt 0.630820 0.866909
vt 0.630820 0.866910
vt 0.630820 0.866910
vt 0.630820 0.866910
vt 0.630820 0.866910
vt 0.630820 0.866911
vt 0.630820 0.866911
vt 0.630820 0.866911
vt 0.630820 0.866910
vt 0.630820 0.866910
vt 0.630821 0.866910
vt 0.630821 0.866910
vt 0.630821 0.866910
vt 0.630821 0.866910
vt 0.630821 0.866909
vt 0.630820 0.866910
vt 0.630820 0.866910
vt 0.630820 0.866910
vt 0.630820 0.866910
vt 0.630820 0.866910
vt 0.630820 0.866911
vt 0.630820 0.866911
vt 0.630820 0.866911
vt 0.630820 0.866911
vt 0.630820 0.866911
vt 0.630820 0.866911
vt 0.630820 0.866911
vt 0.630820 0.866911
vt 0.630820 0.866911
vt 0.630820 0.866911
vt 0.630820 0.866911
vt 0.630820 0.866910
vt 0.630820 0.866910
vt 0.630820 0.866911
vt 0.630820 0.866911
vt 0.630820 0.866911
vt 0.630820 0.866911
vt 0.630820 0.866911
vt 0.630820 0.866912
vt 0.630820 0.866912
vt 0.630820 0.866912
vt 0.630820 0.866912
vt 0.630820 0.866912
vt 0.630820 0.866912
vt 0.630820 0.866912
vt 0.630820 0.866911
vt 0.630820 0.866911
vt 0.630820 0.866911
vt 0.630820 0.866911
vt 0.630820 0.866911
vt 0.630820 0.866912
vt 0.630820 0.866912
vt 0.630820 0.866912
vt 0.630820 0.866912
vt 0.630820 0.866912
vt 0.630820 0.866912
vt 0.630820 0.866912
vt 0.630820 0.866912
vt 0.630820 0.866913
vt 0.630820 0.866913
vt 0.630820 0.866913
vt 0.630820 0.866912
vt 0.630820 0.866912
vt 0.630820 0.866912
vt 0.630820 0.866912
vt 0.630820 0.866912
vt 0.630820 0.866912
vt 0.630820 0.866912
vt 0.630820 0.866913
vt 0.630820 0.866913
vt 0.630820 0.866913
vt 0.630820 0.866913
vt 0.630820 0.866913
vt 0.630820 0.866913
vt 0.630820 0.866913
vt 0.630820 0.866913
vt 0.630820 0.866913
vt 0.630820 0.866913
vt 0.630820 0.866913
vt 0.630819 0.866913
vt 0.630819 0.866913
vt 0.630820 0.866913
vt 0.630820 0.866913
vt 0.630820 0.866913
vt 0.630820 0.866913
vt 0.630819 0.866914
vt 0.630819 0.866914
vt 0.630819 0.866914
vt 0.630819 0.866914
vt 0.630820 0.866914
vt 0.630820 0.866914
vt 0.630820 0.866914
vt 0.630820 0.866914
vt 0.630819 0.866914
vt 0.630819 0.866914
vt 0.630819 0.866914
vt 0.630819 0.866914
vt 0.630819 0.866914
vt 0.630820 0.866914
vt 0.630820 0.866914
vt 0.630820 0.866914
vt 0.630820 0.866914
vt 0.630819 0.866915
vt 0.630819 0.866915
vt 0.630819 0.866915
vt 0.630819 0.866915
vt 0.630819 0.866915
vt 0.630819 0.866915
vt 0.630820 0.866915
vt 0.630819 0.866915
vt 0.630819 0.866915
vt 0.630819 0.866915
vt 0.630819 0.866915
vt 0.630819 0.866915
vt 0.630819 0.866915
vt 0.630819 0.866915
vt 0.630819 0.866915
vt 0.630819 0.866915
vt 0.630819 0.866916
vt 0.630819 0.866916
vt 0.630819 0.866916
vt 0.630819 0.866916
vt 0.630819 0.866916
vt 0.630819 0.866916
vt 0.630819 0.866916
vt 0.630819 0.866916
vt 0.630819 0.866916
vt 0.630819 0.866916
vt 0.630819 0.866916
vt 0.630819 0.866916
vt 0.630819 0.866916
vt 0.630819 0.866916
vt 0.630819 0.866916
vt 0.630819 0.866917
vt 0.630819 0.866917
vt 0.630819 0.866917
vt 0.630819 0.866917
vt 0.630819 0.866917
vt 0.630819 0.866917
vt 0.630819 0.866917
vt 0.630819 0.866917
vt 0.630819 0.866917
vt 0.630819 0.866917
vt 0.630819 0.866917
vt 0.630819 0.866917
vt 0.630819 0.866917
vt 0.630819 0.866917
vt 0.630819 0.866917
vt 0.630819 0.866917
vt 0.630819 0.866918
vt 0.630819 0.866918
vt 0.630819 0.866918
vt 0.630819 0.866918
vt 0.630819 0.866918
vt 0.630819 0.866918
vt 0.630819 0.866918
vt 0.630819 0.866918
vt 0.630819 0.866918
vt 0.630819 0.866918
vt 0.630819 0.866918
vt 0.630819 0.866918
vt 0.630818 0.866918
vt 0.630818 0.866918
vt 0.630819 0.866918
vt 0.630819 0.866918
vt 0.630819 0.866918
vt 0.630819 0.866918
vt 0.630819 0.866918
vt 0.630818 0.866919
vt 0.630818 0.866919
vt 0.630818 0.866919
vt 0.630818 0.866919
vt 0.630819 0.866919
vt 0.630819 0.866919
vt 0.630819 0.866919
vt 0.630819 0.866919
vt 0.630819 0.866919
vt 0.630819 0.866919
vt 0.630819 0.866919
vt 0.630818 0.866919
vt 0.630818 0.866919
vt 0.630818 0.866919
vt 0.630818 0.866919
vt 0.630819 0.866919
vt 0.630819 0.866919
vt 0.630818 0.866920
vt 0.630818 0.866920
vt 0.630818 0.866920
vt 0.630818 0.866920
vt 0.630818 0.866920
vt 0.630818 0.866920
vt 0.630819 0.866920
vt 0.630819 0.866920
vt 0.630819 0.866920
vt 0.630818 0.866919
vt 0.630818 0.866920
vt 0.630818 0.866920
vt 0.630818 0.866920
vt 0.630818 0.866920
vt 0.630818 0.866920
vt 0.630818 0.866920
vt 0.630818 0.866920
vt 0.630818 0.866920
vt 0.630818 0.866921
vt 0.630818 0.866921
vt 0.630818 0.866921
vt 0.630818 0.866921
vt 0.630818 0.866921
vt 0.630818 0.866921
vt 0.630818 0.866920
vt 0.630818 0.866920
vt 0.630818 0.866920
vt 0.630818 0.866920
vt 0.630818 0.866920
vt 0.630818 0.866920
vt 0.630818 0.866920
vt 0.630818 0.866920
vt 0.630818 0.866921
vt 0.630818 0.866921
vt 0.630818 0.866921
vt 0.630818 0.866921
vt 0.630818 0.866922
vt 0.630818 0.866921
vt 0.630818 0.866921
vt 0.630818 0.866921
vt 0.630818 0.866921
vt 0.630818 0.866921
vt 0.630818 0.866921
vt 0.630818 0.866921
vt 0.630818 0.866921
vt 0.630818 0.866921
vt 0.630818 0.866921
vt 0.630818 0.866921
vt 0.630818 0.866921
vt 0.630818 0.866921
vt 0.630818 0.866921
vt 0.630818 0.866921
vt 0.630818 0.866922
vt 0.630818 0.866922
vt 0.630818 0.866922
vt 0.630818 0.866922
vt 0.630818 0.866922
vt 0.630818 0.866922
vt 0.630818 0.866922
vt 0.630818 0.866922
vt 0.630818 0.866922
vt 0.630818 0.866921
vt 0.630818 0.866921
vt 0.630818 0.866922
vt 0.630818 0.866922
vt 0.630818 0.866922
vt 0.630818 0.866922
vt 0.630818 0.866922
vt 0.630818 0.866922
vt 0.630818 0.866922
vt 0.630818 0.866923
vt 0.630818 0.866923
vt 0.630818 0.866922
vt 0.630818 0.866922
vt 0.630818 0.866922
vt 0.630818 0.866922
vt 0.630818 0.866922
vt 0.630818 0.866922
vt 0.630818 0.866922
vt 0.630818 0.866922
vt 0.630818 0.866922
vt 0.630818 0.866922
vt 0.630818 0.866922
vt 0.630818 0.866922
vt 0.630818 0.866923
vt 0.630818 0.866923
vt 0.630818 0.866923
vt 0.630818 0.866923
vt 0.630818 0.866922
vt 0.630818 0.866922
vt 0.630818 0.866922
vt 0.630818 0.866923
vt 0.630818 0.866923
vt 0.630818 0.866923
vt 0.630818 0.866924
vt 0.630818 0.866923
vt 0.630818 0.866923
vt 0.630818 0.866923
s 1
usemtl Material
f 2263/1893/2263 2282/1894/2282 2283/1895/2283 2264/1896/2264
f 2264/1896/2264 2283/1895/2283 2284/1897/2284 2265/1898/2265
f 2265/1898/2265 2284/1897/2284 2285/1899/2285 2266/1899/2266
f 2266/1899/2266 2285/1899/2285 2286/1900/2286 2267/1901/2267
f 2267/1901/2267 2286/1900/2286 2287/1902/2287 2268/1903/2268
f 2268/1903/2268 2287/1902/2287 2288/1904/2288 2269/1905/2269
f 2269/1905/2269 2288/1904/2288 2289/1903/2289 2270/1906/2270
f 2270/1906/2270 2289/1903/2289 2290/1905/2290 2271/1907/2271
f 2271/1907/2271 2290/1905/2290 2291/1908/2291 2272/1907/2272
f 2272/1907/2272 2291/1908/2291 2292/1909/2292 2273/1910/2273
f 2273/1910/2273 2292/1909/2292 2293/1911/2293 2274/1912/2274
f 2274/1912/2274 2293/1911/2293 2294/1901/2294 2275/1909/2275
f 2275/1909/2275 2294/1901/2294 2295/1913/2295 2276/1914/2276
f 2276/1914/2276 2295/1913/2295 2296/1915/2296 2277/1916/2277
f 2277/1916/2277 2296/1915/2296 2297/1897/2297 2278/1917/2278
f 2278/1917/2278 2297/1897/2297 2298/1918/2298 2279/1919/2279
f 2279/1919/2279 2298/1918/2298 2299/1920/2299 2280/1921/2280
f 2280/1921/2280 2299/1920/2299 2300/1922/2300 2281/1923/2281
f 2281/1923/2281 2300/1922/2300 2282/1894/2282 2263/1893/2263
f 2282/1894/2282 2301/1895/2301 2302/1924/2302 2283/1895/2283
f 2283/1895/2283 2302/1924/2302 2303/1925/2303 2284/1897/2284
f 2284/1897/2284 2303/1925/2303 2304/1916/2304 2285/1899/2285
f 2285/1899/2285 2304/1916/2304 2305/1899/2305 2286/1900/2286
f 2286/1900/2286 2305/1899/2305 2306/1902/2306 2287/1902/2287
f 2287/1902/2287 2306/1902/2306 2307/1902/2307 2288/1904/2288
f 2288/1904/2288 2307/1902/2307 2308/1901/2308 2289/1903/2289
f 2289/1903/2289 2308/1901/2308 2309/1901/2309 2290/1905/2290
f 2290/1905/2290 2309/1901/2309 2310/1901/2310 2291/1908/2291
f 2291/1908/2291 2310/1901/2310 2311/1901/2311 2292/1909/2292
f 2292/1909/2292 2311/1901/2311 2312/1901/2312 2293/1911/2293
f 2293/1911/2293 2312/1901/2312 2313/1902/2313 2294/1901/2294
f 2294/1901/2294 2313/1902/2313 2314/1916/2314 2295/1913/2295
f 2295/1913/2295 2314/1916/2314 2315/1916/2315 2296/1915/2296
f 2296/1915/2296 2315/1916/2315 2316/1925/2316 2297/1897/2297
f 2297/1897/2297 2316/1925/2316 2317/1897/2317 2298/1918/2298
f 2298/1918/2298 2317/1897/2317 2318/1895/2318 2299/1920/2299
f 2299/1920/2299 2318/1895/2318 2319/1896/2319 2300/1922/2300
f 2300/1922/2300 2319/1896/2319 2301/1895/2301 2282/1894/2282
f 2301/1895/2301 2320/1897/2320 2321/1925/2321 2302/1924/2302
f 2302/1924/2302 2321/1925/2321 2322/1915/2322 2303/1925/2303
f 2303/1925/2303 2322/1915/2322 2323/1916/2323 2304/1916/2304
f 2304/1916/2304 2323/1916/2323 2324/1916/2324 2305/1899/2305
f 2305/1899/2305 2324/1916/2324 2325/1900/2325 2306/1902/2306
f 2306/1902/2306 2325/1900/2325 2326/1902/2326 2307/1902/2307
f 2307/1902/2307 2326/1902/2326 2327/1902/2327 2308/1901/2308
f 2308/1901/2308 2327/1902/2327 2328/1902/2328 2309/1901/2309
f 2309/1901/2309 2328/1902/2328 2329/1902/2329 2310/1901/2310
f 2310/1901/2310 2329/1902/2329 2330/1902/2330 2311/1901/2311
f 2311/1901/2311 2330/1902/2330 2331/1902/2331 2312/1901/2312
f 2312/1901/2312 2331/1902/2331 2332/1900/2332 2313/1902/2313
f 2313/1902/2313 2332/1900/2332 2333/1899/2333 2314/1916/2314
f 2314/1916/2314 2333/1899/2333 2334/1899/2334 2315/1916/2315
f 2315/1916/2315 2334/1899/2334 2335/1915/2335 2316/1925/2316
f 2316/1925/2316 2335/1915/2335 2336/1925/2336 2317/1897/2317
f 2317/1897/2317 2336/1925/2336 2337/1925/2337 2318/1895/2318
f 2318/1895/2318 2337/1925/2337 2338/1897/2338 2319/1896/2319
f 2319/1896/2319 2338/1897/2338 2320/1897/2320 2301/1895/2301
f 2320/1897/2320 2339/1915/2339 2340/1915/2340 2321/1925/2321
f 2321/1925/2321 2340/1915/2340 2341/1916/2341 2322/1915/2322
f 2322/1915/2322 2341/1916/2341 2342/1916/2342 2323/1916/2323
f 2323/1916/2323 2342/1916/2342 2343/1899/2343 2324/1916/2324
f 2324/1916/2324 2343/1899/2343 2344/1900/2344 2325/1900/2325
f 2325/1900/2325 2344/1900/2344 2345/1900/2345 2326/1902/2326
f 2326/1902/2326 2345/1900/2345 2346/1900/2346 2327/1902/2327
f 2327/1902/2327 2346/1900/2346 2347/1902/2347 2328/1902/2328
f 2328/1902/2328 2347/1902/2347 2348/1902/2348 2329/1902/2329
f 2329/1902/2329 2348/1902/2348 2349/1900/2349 2330/1902/2330
f 2330/1902/2330 2349/1900/2349 2350/1900/2350 2331/1902/2331
f 2331/1902/2331 2350/1900/2350 2351/1900/2351 2332/1900/2332
f 2332/1900/2332 2351/1900/2351 2352/1899/2352 2333/1899/2333
f 2333/1899/2333 2352/1899/2352 2353/1899/2353 2334/1899/2334
f 2334/1899/2334 2353/1899/2353 2354/1916/2354 2335/1915/2335
f 2335/1915/2335 2354/1916/2354 2355/1916/2355 2336/1925/2336
f 2336/1925/2336 2355/1916/2355 2356/1915/2356 2337/1925/2337
f 2337/1925/2337 2356/1915/2356 2357/1915/2357 2338/1897/2338
f 2338/1897/2338 2357/1915/2357 2339/1915/2339 2320/1897/2320
f 2339/1915/2339 2358/1916/2358 2359/1916/2359 2340/1915/2340
f 2340/1915/2340 2359/1916/2359 2360/1916/2360 2341/1916/2341
f 2341/1916/2341 2360/1916/2360 2361/1916/2361 2342/1916/2342
f 2342/1916/2342 2361/1916/2361 2362/1899/2362 2343/1899/2343
f 2343/1899/2343 2362/1899/2362 2363/1899/2363 2344/1900/2344
f 2344/1900/2344 2363/1899/2363 2364/1900/2364 2345/1900/2345
f 2345/1900/2345 2364/1900/2364 2365/1900/2365 2346/1900/2346
f 2346/1900/2346 2365/1900/2365 2366/1900/2366 2347/1902/2347
f 2347/1902/2347 2366/1900/2366 2367/1900/2367 2348/1902/2348
f 2348/1902/2348 2367/1900/2367 2368/1900/2368 2349/1900/2349
f 2349/1900/2349 2368/1900/2368 2369/1900/2369 2350/1900/2350
f 2350/1900/2350 2369/1900/2369 2370/1900/2370 2351/1900/2351
f 2351/1900/2351 2370/1900/2370 2371/1899/2371 2352/1899/2352
f 2352/1899/2352 2371/1899/2371 2372/1899/2372 2353/1899/2353
f 2353/1899/2353 2372/1899/2372 2373/1899/2373 2354/1916/2354
f 2354/1916/2354 2373/1899/2373 2374/1916/2374 2355/1916/2355
f 2355/1916/2355 2374/1916/2374 2375/1916/2375 2356/1915/2356
f 2356/1915/2356 2375/1916/2375 2376/1916/2376 2357/1915/2357
f 2357/1915/2357 2376/1916/2376 2358/1916/2358 2339/1915/2339
f 2358/1916/2358 2377/1916/2377 2378/1916/2378 2359/1916/2359
f 2359/1916/2359 2378/1916/2378 2379/1916/2379 2360/1916/2360
f 2360/1916/2360 2379/1916/2379 2380/1899/2380 2361/1916/2361
f 2361/1916/2361 2380/1899/2380 2381/1899/2381 2362/1899/2362
f 2362/1899/2362 2381/1899/2381 2382/1899/2382 2363/1899/2363
f 2363/1899/2363 2382/1899/2382 2383/1899/2383 2364/1900/2364
f 2364/1900/2364 2383/1899/2383 2384/1900/2384 2365/1900/2365
f 2365/1900/2365 2384/1900/2384 2385/1900/2385 2366/1900/2366
f 2366/1900/2366 2385/1900/2385 2386/1900/2386 2367/1900/2367
f 2367/1900/2367 2386/1900/2386 2387/1900/2387 2368/1900/2368
f 2368/1900/2368 2387/1900/2387 2388/1900/2388 2369/1900/2369
f 2369/1900/2369 2388/1900/2388 2389/1899/2389 2370/1900/2370
f 2370/1900/2370 2389/1899/2389 2390/1899/2390 2371/1899/2371
f 2371/1899/2371 2390/1899/2390 2391/1899/2391 2372/1899/2372
f 2372/1899/2372 2391/1899/2391 2392/1899/2392 2373/1899/2373
f 2373/1899/2373 2392/1899/2392 2393/1899/2393 2374/1916/2374
f 2374/1916/2374 2393/1899/2393 2394/1916/2394 2375/1916/2375
f 2375/1916/2375 2394/1916/2394 2395/1916/2395 2376/1916/2376
f 2376/1916/2376 2395/1916/2395 2377/1916/2377 2358/1916/2358
f 2377/1916/2377 2396/1899/2396 2397/1899/2397 2378/1916/2378
f 2378/1916/2378 2397/1899/2397 2398/1899/2398 2379/1916/2379
f 2379/1916/2379 2398/1899/2398 2399/1899/2399 2380/1899/2380
f 2380/1899/2380 2399/1899/2399 2400/1899/2400 2381/1899/2381
f 2381/1899/2381 2400/1899/2400 2401/1899/2401 2382/1899/2382
f 2382/1899/2382 2401/1899/2401 2402/1899/2402 2383/1899/2383
f 2383/1899/2383 2402/1899/2402 2403/1899/2403 2384/1900/2384
f 2384/1900/2384 2403/1899/2403 2404/1899/2404 2385/1900/2385
f 2385/1900/2385 2404/1899/2404 2405/1899/2405 2386/1900/2386
f 2386/1900/2386 2405/1899/2405 2406/1899/2406 2387/1900/2387
f 2387/1900/2387 2406/1899/2406 2407/1899/2407 2388/1900/2388
f 2388/1900/2388 2407/1899/2407 2408/1899/2408 2389/1899/2389
f 2389/1899/2389 2408/1899/2408 2409/1899/2409 2390/1899/2390
f 2390/1899/2390 2409/1899/2409 2410/1899/2410 2391/1899/2391
f 2391/1899/2391 2410/1899/2410 2411/1899/2411 2392/1899/2392
f 2392/1899/2392 2411/1899/2411 2412/1899/2412 2393/1899/2393
f 2393/1899/2393 2412/1899/2412 2413/1899/2413 2394/1916/2394
f 2394/1916/2394 2413/1899/2413 2414/1899/2414 2395/1916/2395
f 2395/1916/2395 2414/1899/2414 2396/1899/2396 2377/1916/2377
f 2396/1899/2396 2415/1899/2415 2416/1899/2416 2397/1899/2397
f 2397/1899/2397 2416/1899/2416 2417/1899/2417 2398/1899/2398
f 2398/1899/2398 2417/1899/2417 2418/1899/2418 2399/1899/2399
f 2399/1899/2399 2418/1899/2418 2419/1899/2419 2400/1899/2400
f 2400/1899/2400 2419/1899/2419 2420/1899/2420 2401/1899/2401
f 2401/1899/2401 2420/1899/2420 2421/1899/2421 2402/1899/2402
f 2402/1899/2402 2421/1899/2421 2422/1899/2422 2403/1899/2403
f 2403/1899/2403 2422/1899/2422 2423/1899/2423 2404/1899/2404
f 2404/1899/2404 2423/1899/2423 2424/1899/2424 2405/1899/2405
f 2405/1899/2405 2424/1899/2424 2425/1899/2425 2406/1899/2406
f 2406/1899/2406 2425/1899/2425 2426/1899/2426 2407/1899/2407
f 2407/1899/2407 2426/1899/2426 2427/1899/2427 2408/1899/2408
f 2408/1899/2408 2427/1899/2427 2428/1899/2428 2409/1899/2409
f 2409/1899/2409 2428/1899/2428 2429/1899/2429 2410/1899/2410
f 2410/1899/2410 2429/1899/2429 2430/1899/2430 2411/1899/2411
f 2411/1899/2411 2430/1899/2430 2431/1899/2431 2412/1899/2412
f 2412/1899/2412 2431/1899/2431 2432/1899/2432 2413/1899/2413
f 2413/1899/2413 2432/1899/2432 2433/1899/2433 2414/1899/2414
f 2414/1899/2414 2433/1899/2433 2415/1899/2415 2396/1899/2396
f 2415/1899/2415 2434/1899/2434 2435/1899/2435 2416/1899/2416
f 2416/1899/2416 2435/1899/2435 2436/1899/2436 2417/1899/2417
f 2417/1899/2417 2436/1899/2436 2437/1899/2437 2418/1899/2418
f 2418/1899/2418 2437/1899/2437 2438/1899/2438 2419/1899/2419
f 2419/1899/2419 2438/1899/2438 2439/1899/2439 2420/1899/2420
f 2420/1899/2420 2439/1899/2439 2440/1899/2440 2421/1899/2421
f 2421/1899/2421 2440/1899/2440 2441/1899/2441 2422/1899/2422
f 2422/1899/2422 2441/1899/2441 2442/1899/2442 2423/1899/2423
f 2423/1899/2423 2442/1899/2442 2443/1899/2443 2424/1899/2424
f 2424/1899/2424 2443/1899/2443 2444/1899/2444 2425/1899/2425
f 2425/1899/2425 2444/1899/2444 2445/1899/2445 2426/1899/2426
f 2426/1899/2426 2445/1899/2445 2446/1899/2446 2427/1899/2427
f 2427/1899/2427 2446/1899/2446 2447/1899/2447 2428/1899/2428
f 2428/1899/2428 2447/1899/2447 2448/1899/2448 2429/1899/2429
f 2429/1899/2429 2448/1899/2448 2449/1899/2449 2430/1899/2430
f 2430/1899/2430 2449/1899/2449 2450/1899/2450 2431/1899/2431
f 2431/1899/2431 2450/1899/2450 2451/1899/2451 2432/1899/2432
f 2432/1899/2432 2451/1899/2451 2452/1899/2452 2433/1899/2433
f 2433/1899/2433 2452/1899/2452 2434/1899/2434 2415/1899/2415
f 2434/1899/2434 2453/1899/2453 2454/1899/2454 2435/1899/2435
f 2435/1899/2435 2454/1899/2454 2455/1899/2455 2436/1899/2436
f 2436/1899/2436 2455/1899/2455 2456/1899/2456 2437/1899/2437
f 2437/1899/2437 2456/1899/2456 2457/1899/2457 2438/1899/2438
f 2438/1899/2438 2457/1899/2457 2458/1899/2458 2439/1899/2439
f 2439/1899/2439 2458/1899/2458 2459/1899/2459 2440/1899/2440
f 2440/1899/2440 2459/1899/2459 2460/1899/2460 2441/1899/2441
f 2441/1899/2441 2460/1899/2460 2461/1899/2461 2442/1899/2442
f 2442/1899/2442 2461/1899/2461 2462/1899/2462 2443/1899/2443
f 2443/1899/2443 2462/1899/2462 2463/1899/2463 2444/1899/2444
f 2444/1899/2444 2463/1899/2463 2464/1899/2464 2445/1899/2445
f 2445/1899/2445 2464/1899/2464 2465/1899/2465 2446/1899/2446
f 2446/1899/2446 2465/1899/2465 2466/1899/2466 2447/1899/2447
f 2447/1899/2447 2466/1899/2466 2467/1899/2467 2448/1899/2448
f 2448/1899/2448 2467/1899/2467 2468/1899/2468 2449/1899/2449
f 2449/1899/2449 2468/1899/2468 2469/1899/2469 2450/1899/2450
f 2450/1899/2450 2469/1899/2469 2470/1899/2470 2451/1899/2451
f 2451/1899/2451 2470/1899/2470 2471/1899/2471 2452/1899/2452
f 2452/1899/2452 2471/1899/2471 2453/1899/2453 2434/1899/2434
f 2453/1899/2453 2472/1899/2472 2473/1899/2473 2454/1899/2454
f 2454/1899/2454 2473/1899/2473 2474/1899/2474 2455/1899/2455
f 2455/1899/2455 2474/1899/2474 2475/1899/2475 2456/1899/2456
f 2456/1899/2456 2475/1899/2475 2476/1899/2476 2457/1899/2457
f 2457/1899/2457 2476/1899/2476 2477/1899/2477 2458/1899/2458
f 2458/1899/2458 2477/1899/2477 2478/1899/2478 2459/1899/2459
f 2459/1899/2459 2478/1899/2478 2479/1899/2479 2460/1899/2460
f 2460/1899/2460 2479/1899/2479 2480/1899/2480 2461/1899/2461
f 2461/1899/2461 2480/1899/2480 2481/1899/2481 2462/1899/2462
f 2462/1899/2462 2481/1899/2481 2482/1899/2482 2463/1899/2463
f 2463/1899/2463 2482/1899/2482 2483/1899/2483 2464/1899/2464
f 2464/1899/2464 2483/1899/2483 2484/1899/2484 2465/1899/2465
f 2465/1899/2465 2484/1899/2484 2485/1899/2485 2466/1899/2466
f 2466/1899/2466 2485/1899/2485 2486/1899/2486 2467/1899/2467
f 2467/1899/2467 2486/1899/2486 2487/1899/2487 2468/1899/2468
f 2468/1899/2468 2487/1899/2487 2488/1899/2488 2469/1899/2469
f 2469/1899/2469 2488/1899/2488 2489/1899/2489 2470/1899/2470
f 2470/1899/2470 2489/1899/2489 2490/1899/2490 2471/1899/2471
f 2471/1899/2471 2490/1899/2490 2472/1899/2472 2453/1899/2453
f 2472/1899/2472 2491/1899/2491 2492/1899/2492 2473/1899/2473
f 2473/1899/2473 2492/1899/2492 2493/1899/2493 2474/1899/2474
f 2474/1899/2474 2493/1899/2493 2494/1899/2494 2475/1899/2475
f 2475/1899/2475 2494/1899/2494 2495/1899/2495 2476/1899/2476
f 2476/1899/2476 2495/1899/2495 2496/1899/2496 2477/1899/2477
f 2477/1899/2477 2496/1899/2496 2497/1899/2497 2478/1899/2478
f 2478/1899/2478 2497/1899/2497 2498/1899/2498 2479/1899/2479
f 2479/1899/2479 2498/1899/2498 2499/1899/2499 2480/1899/2480
f 2480/1899/2480 2499/1899/2499 2500/1899/2500 2481/1899/2481
f 2481/1899/2481 2500/1899/2500 2501/1899/2501 2482/1899/2482
f 2482/1899/2482 2501/1899/2501 2502/1899/2502 2483/1899/2483
f 2483/1899/2483 2502/1899/2502 2503/1899/2503 2484/1899/2484
f 2484/1899/2484 2503/1899/2503 2504/1899/2504 2485/1899/2485
f 2485/1899/2485 2504/1899/2504 2505/1899/2505 2486/1899/2486
f 2486/1899/2486 2505/1899/2505 2506/1899/2506 2487/1899/2487
f 2487/1899/2487 2506/1899/2506 2507/1899/2507 2488/1899/2488
f 2488/1899/2488 2507/1899/2507 2508/1899/2508 2489/1899/2489
f 2489/1899/2489 2508/1899/2508 2509/1899/2509 2490/1899/2490
f 2490/1899/2490 2509/1899/2509 2491/1899/2491 2472/1899/2472
f 2491/1899/2491 2510/1899/2510 2511/1899/2511 2492/1899/2492
f 2492/1899/2492 2511/1899/2511 2512/1899/2512 2493/1899/2493
f 2493/1899/2493 2512/1899/2512 2513/1899/2513 2494/1899/2494
f 2494/1899/2494 2513/1899/2513 2514/1899/2514 2495/1899/2495
f 2495/1899/2495 2514/1899/2514 2515/1899/2515 2496/1899/2496
f 2496/1899/2496 2515/1899/2515 2516/1899/2516 2497/1899/2497
f 2497/1899/2497 2516/1899/2516 2517/1899/2517 2498/1899/2498
f 2498/1899/2498 2517/1899/2517 2518/1899/2518 2499/1899/2499
f 2499/1899/2499 2518/1899/2518 2519/1899/2519 2500/1899/2500
f 2500/1899/2500 2519/1899/2519 2520/1899/2520 2501/1899/2501
f 2501/1899/2501 2520/1899/2520 2521/1899/2521 2502/1899/2502
f 2502/1899/2502 2521/1899/2521 2522/1899/2522 2503/1899/2503
f 2503/1899/2503 2522/1899/2522 2523/1899/2523 2504/1899/2504
f 2504/1899/2504 2523/1899/2523 2524/1899/2524 2505/1899/2505
f 2505/1899/2505 2524/1899/2524 2525/1899/2525 2506/1899/2506
f 2506/1899/2506 2525/1899/2525 2526/1899/2526 2507/1899/2507
f 2507/1899/2507 2526/1899/2526 2527/1899/2527 2508/1899/2508
f 2508/1899/2508 2527/1899/2527 2528/1899/2528 2509/1899/2509
f 2509/1899/2509 2528/1899/2528 2510/1899/2510 2491/1899/2491
f 2510/1926/2510 2529/1927/2529 2530/1928/2530 2511/1929/2511
f 2511/1929/2511 2530/1928/2530 2531/1930/2531 2512/1931/2512
f 2512/1931/2512 2531/1930/2531 2532/1932/2532 2513/1933/2513
f 2513/1933/2513 2532/1932/2532 2533/1934/2533 2514/1935/2514
f 2514/1935/2514 2533/1934/2533 2534/1936/2534 2515/1937/2515
f 2515/1937/2515 2534/1936/2534 2535/1938/2535 2516/1939/2516
f 2516/1939/2516 2535/1938/2535 2536/1940/2536 2517/1941/2517
f 2517/1941/2517 2536/1940/2536 2537/1942/2537 2518/1943/2518
f 2518/1943/2518 2537/1942/2537 2538/1944/2538 2519/1945/2519
f 2519/1945/2519 2538/1944/2538 2539/1946/2539 2520/1947/2520
f 2520/1947/2520 2539/1946/2539 2540/1948/2540 2521/1949/2521
f 2521/1949/2521 2540/1948/2540 2541/1950/2541 2522/1951/2522
f 2522/1951/2522 2541/1950/2541 2542/1952/2542 2523/1953/2523
f 2523/1953/2523 2542/1952/2542 2543/1954/2543 2524/1955/2524
f 2524/1955/2524 2543/1954/2543 2544/1956/2544 2525/1957/2525
f 2525/1957/2525 2544/1956/2544 2545/1958/2545 2526/1959/2526
f 2526/1959/2526 2545/1958/2545 2546/1960/2546 2527/1961/2527
f 2527/1961/2527 2546/1960/2546 2547/1962/2547 2528/1963/2528
f 2528/1963/2528 2547/1962/2547 2529/1927/2529 2510/1926/2510
f 2529/1927/2529 2548/1964/2548 2549/1965/2549 2530/1928/2530
f 2530/1928/2530 2549/1965/2549 2550/1966/2550 2531/1930/2531
f 2531/1930/2531 2550/1966/2550 2551/1967/2551 2532/1932/2532
f 2532/1932/2532 2551/1967/2551 2552/1968/2552 2533/1934/2533
f 2533/1934/2533 2552/1968/2552 2553/1969/2553 2534/1936/2534
f 2534/1936/2534 2553/1969/2553 2554/1970/2554 2535/1938/2535
f 2535/1938/2535 2554/1970/2554 2555/1971/2555 2536/1940/2536
f 2536/1940/2536 2555/1971/2555 2556/1972/2556 2537/1942/2537
f 2537/1942/2537 2556/1972/2556 2557/1973/2557 2538/1944/2538
f 2538/1944/2538 2557/1973/2557 2558/1974/2558 2539/1946/2539
f 2539/1946/2539 2558/1974/2558 2559/1975/2559 2540/1948/2540
f 2540/1948/2540 2559/1975/2559 2560/1976/2560 2541/1950/2541
f 2541/1950/2541 2560/1976/2560 2561/1977/2561 2542/1952/2542
f 2542/1952/2542 2561/1977/2561 2562/1978/2562 2543/1954/2543
f 2543/1954/2543 2562/1978/2562 2563/1979/2563 2544/1956/2544
f 2544/1956/2544 2563/1979/2563 2564/1980/2564 2545/1958/2545
f 2545/1958/2545 2564/1980/2564 2565/1981/2565 2546/1960/2546
f 2546/1960/2546 2565/1981/2565 2566/1982/2566 2547/1962/2547
f 2547/1962/2547 2566/1982/2566 2548/1964/2548 2529/1927/2529
f 2548/1964/2548 2567/1983/2567 2568/1984/2568 2549/1965/2549
f 2549/1965/2549 2568/1984/2568 2569/1985/2569 2550/1966/2550
f 2550/1966/2550 2569/1985/2569 2570/1986/2570 2551/1967/2551
f 2551/1967/2551 2570/1986/2570 2571/1987/2571 2552/1968/2552
f 2552/1968/2552 2571/1987/2571 2572/1988/2572 2553/1969/2553
f 2553/1969/2553 2572/1988/2572 2573/1989/2573 2554/1970/2554
f 2554/1970/2554 2573/1989/2573 2574/1990/2574 2555/1971/2555
f 2555/1971/2555 2574/1990/2574 2575/1991/2575 2556/1972/2556
f 2556/1972/2556 2575/1991/2575 2576/1992/2576 2557/1973/2557
f 2557/1973/2557 2576/1992/2576 2577/1993/2577 2558/1974/2558
f 2558/1974/2558 2577/1993/2577 2578/1994/2578 2559/1975/2559
f 2559/1975/2559 2578/1994/2578 2579/1995/2579 2560/1976/2560
f 2560/1976/2560 2579/1995/2579 2580/1996/2580 2561/1977/2561
f 2561/1977/2561 2580/1996/2580 2581/1997/2581 2562/1978/2562
f 2562/1978/2562 2581/1997/2581 2582/1998/2582 2563/1979/2563
f 2563/1979/2563 2582/1998/2582 2583/1999/2583 2564/1980/2564
f 2564/1980/2564 2583/1999/2583 2584/2000/2584 2565/1981/2565
f 2565/1981/2565 2584/2000/2584 2585/2001/2585 2566/1982/2566
f 2566/1982/2566 2585/2001/2585 2567/1983/2567 2548/1964/2548
f 2567/1983/2567 2586/2002/2586 2587/2003/2587 2568/1984/2568
f 2568/1984/2568 2587/2003/2587 2588/2004/2588 2569/1985/2569
f 2569/1985/2569 2588/2004/2588 2589/2005/2589 2570/1986/2570
f 2570/1986/2570 2589/2005/2589 2590/2006/2590 2571/1987/2571
f 2571/1987/2571 2590/2006/2590 2591/2007/2591 2572/1988/2572
f 2572/1988/2572 2591/2007/2591 2592/2008/2592 2573/1989/2573
f 2573/1989/2573 2592/2008/2592 2593/2009/2593 2574/1990/2574
f 2574/1990/2574 2593/2009/2593 2594/2010/2594 2575/1991/2575
f 2575/1991/2575 2594/2010/2594 2595/2011/2595 2576/1992/2576
f 2576/1992/2576 2595/2011/2595 2596/2012/2596 2577/1993/2577
f 2577/1993/2577 2596/2012/2596 2597/2013/2597 2578/1994/2578
f 2578/1994/2578 2597/2013/2597 2598/2014/2598 2579/1995/2579
f 2579/1995/2579 2598/2014/2598 2599/2015/2599 2580/1996/2580
f 2580/1996/2580 2599/2015/2599 2600/2016/2600 2581/1997/2581
f 2581/1997/2581 2600/2016/2600 2601/2017/2601 2582/1998/2582
f 2582/1998/2582 2601/2017/2601 2602/2018/2602 2583/1999/2583
f 2583/1999/2583 2602/2018/2602 2603/2019/2603 2584/2000/2584
f 2584/2000/2584 2603/2019/2603 2604/2020/2604 2585/2001/2585
f 2585/2001/2585 2604/2020/2604 2586/2002/2586 2567/1983/2567
f 2586/2002/2586 2605/2021/2605 2606/2022/2606 2587/2003/2587
f 2587/2003/2587 2606/2022/2606 2607/2023/2607 2588/2004/2588
f 2588/2004/2588 2607/2023/2607 2608/2024/2608 2589/2005/2589
f 2589/2005/2589 2608/2024/2608 2609/2025/2609 2590/2006/2590
f 2590/2006/2590 2609/2025/2609 2610/2026/2610 2591/2007/2591
f 2591/2007/2591 2610/2026/2610 2611/2027/2611 2592/2008/2592
f 2592/2008/2592 2611/2027/2611 2612/2028/2612 2593/2009/2593
f 2593/2009/2593 2612/2028/2612 2613/2029/2613 2594/2010/2594
f 2594/2010/2594 2613/2029/2613 2614/2030/2614 2595/2011/2595
f 2595/2011/2595 2614/2030/2614 2615/2031/2615 2596/2012/2596
f 2596/2012/2596 2615/2031/2615 2616/2032/2616 2597/2013/2597
f 2597/2013/2597 2616/2032/2616 2617/2033/2617 2598/2014/2598
f 2598/2014/2598 2617/2033/2617 2618/2034/2618 2599/2015/2599
f 2599/2015/2599 2618/2034/2618 2619/2035/2619 2600/2016/2600
f 2600/2016/2600 2619/2035/2619 2620/2036/2620 2601/2017/2601
f 2601/2017/2601 2620/2036/2620 2621/2037/2621 2602/2018/2602
f 2602/2018/2602 2621/2037/2621 2622/2038/2622 2603/2019/2603
f 2603/2019/2603 2622/2038/2622 2623/2039/2623 2604/2020/2604
f 2604/2020/2604 2623/2039/2623 2605/2021/2605 2586/2002/2586
f 2605/2021/2605 2624/2040/2624 2625/2041/2625 2606/2022/2606
f 2606/2022/2606 2625/2041/2625 2626/2042/2626 2607/2023/2607
f 2607/2023/2607 2626/2042/2626 2627/2043/2627 2608/2024/2608
f 2608/2024/2608 2627/2043/2627 2628/2044/2628 2609/2025/2609
f 2609/2025/2609 2628/2044/2628 2629/2045/2629 2610/2026/2610
f 2610/2026/2610 2629/2045/2629 2630/2046/2630 2611/2027/2611
f 2611/2027/2611 2630/2046/2630 2631/2047/2631 2612/2028/2612
f 2612/2028/2612 2631/2047/2631 2632/2048/2632 2613/2029/2613
f 2613/2029/2613 2632/2048/2632 2633/2049/2633 2614/2030/2614
f 2614/2030/2614 2633/2049/2633 2634/2050/2634 2615/2031/2615
f 2615/2031/2615 2634/2050/2634 2635/2051/2635 2616/2032/2616
f 2616/2032/2616 2635/2051/2635 2636/2052/2636 2617/2033/2617
f 2617/2033/2617 2636/2052/2636 2637/2053/2637 2618/2034/2618
f 2618/2034/2618 2637/2053/2637 2638/2054/2638 2619/2035/2619
f 2619/2035/2619 2638/2054/2638 2639/2055/2639 2620/2036/2620
f 2620/2036/2620 2639/2055/2639 2640/2056/2640 2621/2037/2621
f 2621/2037/2621 2640/2056/2640 2641/2057/2641 2622/2038/2622
f 2622/2038/2622 2641/2057/2641 2642/2058/2642 2623/2039/2623
f 2623/2039/2623 2642/2058/2642 2624/2040/2624 2605/2021/2605
f 2624/2040/2624 2643/2059/2643 2644/2060/2644 2625/2041/2625
f 2625/2041/2625 2644/2060/2644 2645/2061/2645 2626/2042/2626
f 2626/2042/2626 2645/2061/2645 2646/2062/2646 2627/2043/2627
f 2627/2043/2627 2646/2062/2646 2647/2063/2647 2628/2044/2628
f 2628/2044/2628 2647/2063/2647 2648/2064/2648 2629/2045/2629
f 2629/2045/2629 2648/2064/2648 2649/2065/2649 2630/2046/2630
f 2630/2046/2630 2649/2065/2649 2650/2066/2650 2631/2047/2631
f 2631/2047/2631 2650/2066/2650 2651/2067/2651 2632/2048/2632
f 2632/2048/2632 2651/2067/2651 2652/2068/2652 2633/2049/2633
f 2633/2049/2633 2652/2068/2652 2653/2069/2653 2634/2050/2634
f 2634/2050/2634 2653/2069/2653 2654/2070/2654 2635/2051/2635
f 2635/2051/2635 2654/2070/2654 2655/2071/2655 2636/2052/2636
f 2636/2052/2636 2655/2071/2655 2656/2072/2656 2637/2053/2637
f 2637/2053/2637 2656/2072/2656 2657/2073/2657 2638/2054/2638
f 2638/2054/2638 2657/2073/2657 2658/2074/2658 2639/2055/2639
f 2639/2055/2639 2658/2074/2658 2659/2075/2659 2640/2056/2640
f 2640/2056/2640 2659/2075/2659 2660/2076/2660 2641/2057/2641
f 2641/2057/2641 2660/2076/2660 2661/2077/2661 2642/2058/2642
f 2642/2058/2642 2661/2077/2661 2643/2059/2643 2624/2040/2624
f 2643/2059/2643 2662/2078/2662 2663/2079/2663 2644/2060/2644
f 2644/2060/2644 2663/2079/2663 2664/2080/2664 2645/2061/2645
f 2645/2061/2645 2664/2080/2664 2665/2081/2665 2646/2062/2646
f 2646/2062/2646 2665/2081/2665 2666/2082/2666 2647/2063/2647
f 2647/2063/2647 2666/2082/2666 2667/2083/2667 2648/2064/2648
f 2648/2064/2648 2667/2083/2667 2668/2084/2668 2649/2065/2649
f 2649/2065/2649 2668/2084/2668 2669/2085/2669 2650/2066/2650
f 2650/2066/2650 2669/2085/2669 2670/2086/2670 2651/2067/2651
f 2651/2067/2651 2670/2086/2670 2671/2087/2671 2652/2068/2652
f 2652/2068/2652 2671/2087/2671 2672/2088/2672 2653/2069/2653
f 2653/2069/2653 2672/2088/2672 2673/2089/2673 2654/2070/2654
f 2654/2070/2654 2673/2089/2673 2674/2090/2674 2655/2071/2655
f 2655/2071/2655 2674/2090/2674 2675/2091/2675 2656/2072/2656
f 2656/2072/2656 2675/2091/2675 2676/2092/2676 2657/2073/2657
f 2657/2073/2657 2676/2092/2676 2677/2093/2677 2658/2074/2658
f 2658/2074/2658 2677/2093/2677 2678/2094/2678 2659/2075/2659
f 2659/2075/2659 2678/2094/2678 2679/2095/2679 2660/2076/2660
f 2660/2076/2660 2679/2095/2679 2680/2096/2680 2661/2077/2661
f 2661/2077/2661 2680/2096/2680 2662/2078/2662 2643/2059/2643
f 2662/2078/2662 2681/2097/2681 2682/2098/2682 2663/2079/2663
f 2663/2079/2663 2682/2098/2682 2683/2099/2683 2664/2080/2664
f 2664/2080/2664 2683/2099/2683 2684/2100/2684 2665/2081/2665
f 2665/2081/2665 2684/2100/2684 2685/2101/2685 2666/2082/2666
f 2666/2082/2666 2685/2101/2685 2686/2102/2686 2667/2083/2667
f 2667/2083/2667 2686/2102/2686 2687/2103/2687 2668/2084/2668
f 2668/2084/2668 2687/2103/2687 2688/2104/2688 2669/2085/2669
f 2669/2085/2669 2688/2104/2688 2689/2105/2689 2670/2086/2670
f 2670/2086/2670 2689/2105/2689 2690/2106/2690 2671/2087/2671
f 2671/2087/2671 2690/2106/2690 2691/2107/2691 2672/2088/2672
f 2672/2088/2672 2691/2107/2691 2692/2108/2692 2673/2089/2673
f 2673/2089/2673 2692/2108/2692 2693/2109/2693 2674/2090/2674
f 2674/2090/2674 2693/2109/2693 2694/2110/2694 2675/2091/2675
f 2675/2091/2675 2694/2110/2694 2695/2111/2695 2676/2092/2676
f 2676/2092/2676 2695/2111/2695 2696/2112/2696 2677/2093/2677
f 2677/2093/2677 2696/2112/2696 2697/2113/2697 2678/2094/2678
f 2678/2094/2678 2697/2113/2697 2698/2114/2698 2679/2095/2679
f 2679/2095/2679 2698/2114/2698 2699/2115/2699 2680/2096/2680
f 2680/2096/2680 2699/2115/2699 2681/2097/2681 2662/2078/2662
f 2681/2097/2681 2700/2116/2700 2701/2117/2701 2682/2098/2682
f 2682/2098/2682 2701/2117/2701 2702/2118/2702 2683/2099/2683
f 2683/2099/2683 2702/2118/2702 2703/2119/2703 2684/2100/2684
f 2684/2100/2684 2703/2119/2703 2704/2120/2704 2685/2101/2685
f 2685/2101/2685 2704/2120/2704 2705/2121/2705 2686/2102/2686
f 2686/2102/2686 2705/2121/2705 2706/2122/2706 2687/2103/2687
f 2687/2103/2687 2706/2122/2706 2707/2123/2707 2688/2104/2688
f 2688/2104/2688 2707/2123/2707 2708/2124/2708 2689/2105/2689
f 2689/2105/2689 2708/2124/2708 2709/2125/2709 2690/2106/2690
f 2690/2106/2690 2709/2125/2709 2710/2126/2710 2691/2107/2691
f 2691/2107/2691 2710/2126/2710 2711/2127/2711 2692/2108/2692
f 2692/2108/2692 2711/2127/2711 2712/2128/2712 2693/2109/2693
f 2693/2109/2693 2712/2128/2712 2713/2129/2713 2694/2110/2694
f 2694/2110/2694 2713/2129/2713 2714/2130/2714 2695/2111/2695
f 2695/2111/2695 2714/2130/2714 2715/2131/2715 2696/2112/2696
f 2696/2112/2696 2715/2131/2715 2716/2132/2716 2697/2113/2697
f 2697/2113/2697 2716/2132/2716 2717/2133/2717 2698/2114/2698
f 2698/2114/2698 2717/2133/2717 2718/2134/2718 2699/2115/2699
f 2699/2115/2699 2718/2134/2718 2700/2116/2700 2681/2097/2681
f 2700/2116/2700 2719/2135/2719 2720/2136/2720 2701/2117/2701
f 2701/2117/2701 2720/2136/2720 2721/2137/2721 2702/2118/2702
f 2702/2118/2702 2721/2137/2721 2722/2138/2722 2703/2119/2703
f 2703/2119/2703 2722/2138/2722 2723/2139/2723 2704/2120/2704
f 2704/2120/2704 2723/2139/2723 2724/2140/2724 2705/2121/2705
f 2705/2121/2705 2724/2140/2724 2725/2141/2725 2706/2122/2706
f 2706/2122/2706 2725/2141/2725 2726/2142/2726 2707/2123/2707
f 2707/2123/2707 2726/2142/2726 2727/2143/2727 2708/2124/2708
f 2708/2124/2708 2727/2143/2727 2728/2144/2728 2709/2125/2709
f 2709/2125/2709 2728/2144/2728 2729/2145/2729 2710/2126/2710
f 2710/2126/2710 2729/2145/2729 2730/2146/2730 2711/2127/2711
f 2711/2127/2711 2730/2146/2730 2731/2147/2731 2712/2128/2712
f 2712/2128/2712 2731/2147/2731 2732/2148/2732 2713/2129/2713
f 2713/2129/2713 2732/2148/2732 2733/2149/2733 2714/2130/2714
f 2714/2130/2714 2733/2149/2733 2734/2150/2734 2715/2131/2715
f 2715/2131/2715 2734/2150/2734 2735/2151/2735 2716/2132/2716
f 2716/2132/2716 2735/2151/2735 2736/2152/2736 2717/2133/2717
f 2717/2133/2717 2736/2152/2736 2737/2153/2737 2718/2134/2718
f 2718/2134/2718 2737/2153/2737 2719/2135/2719 2700/2116/2700
f 2719/2135/2719 2738/2154/2738 2739/2155/2739 2720/2136/2720
f 2720/2136/2720 2739/2155/2739 2740/2156/2740 2721/2137/2721
f 2721/2137/2721 2740/2156/2740 2741/2157/2741 2722/2138/2722
f 2722/2138/2722 2741/2157/2741 2742/2158/2742 2723/2139/2723
f 2723/2139/2723 2742/2158/2742 2743/2159/2743 2724/2140/2724
f 2724/2140/2724 2743/2159/2743 2744/2160/2744 2725/2141/2725
f 2725/2141/2725 2744/2160/2744 2745/2161/2745 2726/2142/2726
f 2726/2142/2726 2745/2161/2745 2746/2162/2746 2727/2143/2727
f 2727/2143/2727 2746/2162/2746 2747/2163/2747 2728/2144/2728
f 2728/2144/2728 2747/2163/2747 2748/2164/2748 2729/2145/2729
f 2729/2145/2729 2748/2164/2748 2749/2165/2749 2730/2146/2730
f 2730/2146/2730 2749/2165/2749 2750/2166/2750 2731/2147/2731
f 2731/2147/2731 2750/2166/2750 2751/2167/2751 2732/2148/2732
f 2732/2148/2732 2751/2167/2751 2752/2168/2752 2733/2149/2733
f 2733/2149/2733 2752/2168/2752 2753/2169/2753 2734/2150/2734
f 2734/2150/2734 2753/2169/2753 2754/2170/2754 2735/2151/2735
f 2735/2151/2735 2754/2170/2754 2755/2171/2755 2736/2152/2736
f 2736/2152/2736 2755/2171/2755 2756/2172/2756 2737/2153/2737
f 2737/2153/2737 2756/2172/2756 2738/2154/2738 2719/2135/2719
f 2738/2154/2738 2757/2173/2757 2758/2174/2758 2739/2155/2739
f 2739/2155/2739 2758/2174/2758 2759/2175/2759 2740/2156/2740
f 2740/2156/2740 2759/2175/2759 2760/2176/2760 2741/2157/2741
f 2741/2157/2741 2760/2176/2760 2761/2177/2761 2742/2158/2742
f 2742/2158/2742 2761/2177/2761 2762/2178/2762 2743/2159/2743
f 2743/2159/2743 2762/2178/2762 2763/2179/2763 2744/2160/2744
f 2744/2160/2744 2763/2179/2763 2764/2180/2764 2745/2161/2745
f 2745/2161/2745 2764/2180/2764 2765/2181/2765 2746/2162/2746
f 2746/2162/2746 2765/2181/2765 2766/2182/2766 2747/2163/2747
f 2747/2163/2747 2766/2182/2766 2767/2183/2767 2748/2164/2748
f 2748/2164/2748 2767/2183/2767 2768/2184/2768 2749/2165/2749
f 2749/2165/2749 2768/2184/2768 2769/2185/2769 2750/2166/2750
f 2750/2166/2750 2769/2185/2769 2770/2186/2770 2751/2167/2751
f 2751/2167/2751 2770/2186/2770 2771/2187/2771 2752/2168/2752
f 2752/2168/2752 2771/2187/2771 2772/2188/2772 2753/2169/2753
f 2753/2169/2753 2772/2188/2772 2773/2189/2773 2754/2170/2754
f 2754/2170/2754 2773/2189/2773 2774/2190/2774 2755/2171/2755
f 2755/2171/2755 2774/2190/2774 2775/2191/2775 2756/2172/2756
f 2756/2172/2756 2775/2191/2775 2757/2173/2757 2738/2154/2738
f 2757/2173/2757 2776/2192/2776 2777/2193/2777 2758/2174/2758
f 2758/2174/2758 2777/2193/2777 2778/2194/2778 2759/2175/2759
f 2759/2175/2759 2778/2194/2778 2779/2195/2779 2760/2176/2760
f 2760/2176/2760 2779/2195/2779 2780/2196/2780 2761/2177/2761
f 2761/2177/2761 2780/2196/2780 2781/2197/2781 2762/2178/2762
f 2762/2178/2762 2781/2197/2781 2782/2198/2782 2763/2179/2763
f 2763/2179/2763 2782/2198/2782 2783/2199/2783 2764/2180/2764
f 2764/2180/2764 2783/2199/2783 2784/2200/2784 2765/2181/2765
f 2765/2181/2765 2784/2200/2784 2785/2201/2785 2766/2182/2766
f 2766/2182/2766 2785/2201/2785 2786/2202/2786 2767/2183/2767
f 2767/2183/2767 2786/2202/2786 2787/2203/2787 2768/2184/2768
f 2768/2184/2768 2787/2203/2787 2788/2204/2788 2769/2185/2769
f 2769/2185/2769 2788/2204/2788 2789/2205/2789 2770/2186/2770
f 2770/2186/2770 2789/2205/2789 2790/2206/2790 2771/2187/2771
f 2771/2187/2771 2790/2206/2790 2791/2207/2791 2772/2188/2772
f 2772/2188/2772 2791/2207/2791 2792/2208/2792 2773/2189/2773
f 2773/2189/2773 2792/2208/2792 2793/2209/2793 2774/2190/2774
f 2774/2190/2774 2793/2209/2793 2794/2210/2794 2775/2191/2775
f 2775/2191/2775 2794/2210/2794 2776/2192/2776 2757/2173/2757
f 2776/2192/2776 2795/2211/2795 2796/2212/2796 2777/2193/2777
f 2777/2193/2777 2796/2212/2796 2797/2213/2797 2778/2194/2778
f 2778/2194/2778 2797/2213/2797 2798/2214/2798 2779/2195/2779
f 2779/2195/2779 2798/2214/2798 2799/2215/2799 2780/2196/2780
f 2780/2196/2780 2799/2215/2799 2800/2216/2800 2781/2197/2781
f 2781/2197/2781 2800/2216/2800 2801/2217/2801 2782/2198/2782
f 2782/2198/2782 2801/2217/2801 2802/2218/2802 2783/2199/2783
f 2783/2199/2783 2802/2218/2802 2803/2202/2803 2784/2200/2784
f 2784/2200/2784 2803/2202/2803 2804/2219/2804 2785/2201/2785
f 2785/2201/2785 2804/2219/2804 2805/2220/2805 2786/2202/2786
f 2786/2202/2786 2805/2220/2805 2806/2221/2806 2787/2203/2787
f 2787/2203/2787 2806/2221/2806 2807/2222/2807 2788/2204/2788
f 2788/2204/2788 2807/2222/2807 2808/2223/2808 2789/2205/2789
f 2789/2205/2789 2808/2223/2808 2809/2224/2809 2790/2206/2790
f 2790/2206/2790 2809/2224/2809 2810/2225/2810 2791/2207/2791
f 2791/2207/2791 2810/2225/2810 2811/2226/2811 2792/2208/2792
f 2792/2208/2792 2811/2226/2811 2812/2227/2812 2793/2209/2793
f 2793/2209/2793 2812/2227/2812 2813/2228/2813 2794/2210/2794
f 2794/2210/2794 2813/2228/2813 2795/2211/2795 2776/2192/2776
f 2795/2211/2795 2814/2229/2814 2815/2230/2815 2796/2212/2796
f 2796/2212/2796 2815/2230/2815 2816/2231/2816 2797/2213/2797
f 2797/2213/2797 2816/2231/2816 2817/2232/2817 2798/2214/2798
f 2798/2214/2798 2817/2232/2817 2818/2233/2818 2799/2215/2799
f 2799/2215/2799 2818/2233/2818 2819/2220/2819 2800/2216/2800
f 2800/2216/2800 2819/2220/2819 2820/2234/2820 2801/2217/2801
f 2801/2217/2801 2820/2234/2820 2821/2235/2821 2802/2218/2802
f 2802/2218/2802 2821/2235/2821 2822/2236/2822 2803/2202/2803
f 2803/2202/2803 2822/2236/2822 2823/2237/2823 2804/2219/2804
f 2804/2219/2804 2823/2237/2823 2824/2238/2824 2805/2220/2805
f 2805/2220/2805 2824/2238/2824 2825/2239/2825 2806/2221/2806
f 2806/2221/2806 2825/2239/2825 2826/2240/2826 2807/2222/2807
f 2807/2222/2807 2826/2240/2826 2827/2241/2827 2808/2223/2808
f 2808/2223/2808 2827/2241/2827 2828/2242/2828 2809/2224/2809
f 2809/2224/2809 2828/2242/2828 2829/2243/2829 2810/2225/2810
f 2810/2225/2810 2829/2243/2829 2830/2244/2830 2811/2226/2811
f 2811/2226/2811 2830/2244/2830 2831/2245/2831 2812/2227/2812
f 2812/2227/2812 2831/2245/2831 2832/2246/2832 2813/2228/2813
f 2813/2228/2813 2832/2246/2832 2814/2229/2814 2795/2211/2795
f 2814/2229/2814 2833/2247/2833 2834/2238/2834 2815/2230/2815
f 2815/2230/2815 2834/2238/2834 2835/2248/2835 2816/2231/2816
f 2816/2231/2816 2835/2248/2835 2836/2249/2836 2817/2232/2817
f 2817/2232/2817 2836/2249/2836 2837/2250/2837 2818/2233/2818
f 2818/2233/2818 2837/2250/2837 2838/2251/2838 2819/2220/2819
f 2819/2220/2819 2838/2251/2838 2839/2252/2839 2820/2234/2820
f 2820/2234/2820 2839/2252/2839 2840/2253/2840 2821/2235/2821
f 2821/2235/2821 2840/2253/2840 2841/2254/2841 2822/2236/2822
f 2822/2236/2822 2841/2254/2841 2842/2255/2842 2823/2237/2823
f 2823/2237/2823 2842/2255/2842 2843/2256/2843 2824/2238/2824
f 2824/2238/2824 2843/2256/2843 2844/2257/2844 2825/2239/2825
f 2825/2239/2825 2844/2257/2844 2845/2258/2845 2826/2240/2826
f 2826/2240/2826 2845/2258/2845 2846/2259/2846 2827/2241/2827
f 2827/2241/2827 2846/2259/2846 2847/2260/2847 2828/2242/2828
f 2828/2242/2828 2847/2260/2847 2848/2251/2848 2829/2243/2829
f 2829/2243/2829 2848/2251/2848 2849/2261/2849 2830/2244/2830
f 2830/2244/2830 2849/2261/2849 2850/2262/2850 2831/2245/2831
f 2831/2245/2831 2850/2262/2850 2851/2263/2851 2832/2246/2832
f 2832/2246/2832 2851/2263/2851 2833/2247/2833 2814/2229/2814
f 2833/2247/2833 2852/2264/2852 2853/2265/2853 2834/2238/2834
f 2834/2238/2834 2853/2265/2853 2854/2266/2854 2835/2248/2835
f 2835/2248/2835 2854/2266/2854 2855/2267/2855 2836/2249/2836
f 2836/2249/2836 2855/2267/2855 2856/2268/2856 2837/2250/2837
f 2837/2250/2837 2856/2268/2856 2857/2269/2857 2838/2251/2838
f 2838/2251/2838 2857/2269/2857 2858/2270/2858 2839/2252/2839
f 2839/2252/2839 2858/2270/2858 2859/2271/2859 2840/2253/2840
f 2840/2253/2840 2859/2271/2859 2860/2272/2860 2841/2254/2841
f 2841/2254/2841 2860/2272/2860 2861/2273/2861 2842/2255/2842
f 2842/2255/2842 2861/2273/2861 2862/2274/2862 2843/2256/2843
f 2843/2256/2843 2862/2274/2862 2863/2275/2863 2844/2257/2844
f 2844/2257/2844 2863/2275/2863 2864/2276/2864 2845/2258/2845
f 2845/2258/2845 2864/2276/2864 2865/2277/2865 2846/2259/2846
f 2846/2259/2846 2865/2277/2865 2866/2278/2866 2847/2260/2847
f 2847/2260/2847 2866/2278/2866 2867/2269/2867 2848/2251/2848
f 2848/2251/2848 2867/2269/2867 2868/2279/2868 2849/2261/2849
f 2849/2261/2849 2868/2279/2868 2869/2280/2869 2850/2262/2850
f 2850/2262/2850 2869/2280/2869 2870/2281/2870 2851/2263/2851
f 2851/2263/2851 2870/2281/2870 2852/2264/2852 2833/2247/2833
f 2852/2264/2852 2871/2282/2871 2872/2283/2872 2853/2265/2853
f 2853/2265/2853 2872/2283/2872 2873/2284/2873 2854/2266/2854
f 2854/2266/2854 2873/2284/2873 2874/2285/2874 2855/2267/2855
f 2855/2267/2855 2874/2285/2874 2875/2286/2875 2856/2268/2856
f 2856/2268/2856 2875/2286/2875 2876/2287/2876 2857/2269/2857
f 2857/2269/2857 2876/2287/2876 2877/2288/2877 2858/2270/2858
f 2858/2270/2858 2877/2288/2877 2878/2289/2878 2859/2271/2859
f 2859/2271/2859 2878/2289/2878 2879/2290/2879 2860/2272/2860
f 2860/2272/2860 2879/2290/2879 2880/2291/2880 2861/2273/2861
f 2861/2273/2861 2880/2291/2880 2881/2292/2881 2862/2274/2862
f 2862/2274/2862 2881/2292/2881 2882/2293/2882 2863/2275/2863
f 2863/2275/2863 2882/2293/2882 2883/2294/2883 2864/2276/2864
f 2864/2276/2864 2883/2294/2883 2884/2294/2884 2865/2277/2865
f 2865/2277/2865 2884/2294/2884 2885/2295/2885 2866/2278/2866
f 2866/2278/2866 2885/2295/2885 2886/2296/2886 2867/2269/2867
f 2867/2269/2867 2886/2296/2886 2887/2297/2887 2868/2279/2868
f 2868/2279/2868 2887/2297/2887 2888/2297/2888 2869/2280/2869
f 2869/2280/2869 2888/2297/2888 2889/2298/2889 2870/2281/2870
f 2870/2281/2870 2889/2298/2889 2871/2282/2871 2852/2264/2852
f 2871/2282/2871 2890/2299/2890 2891/2300/2891 2872/2283/2872
f 2872/2283/2872 2891/2300/2891 2892/2301/2892 2873/2284/2873
f 2873/2284/2873 2892/2301/2892 2893/2301/2893 2874/2285/2874
f 2874/2285/2874 2893/2301/2893 2894/2302/2894 2875/2286/2875
f 2875/2286/2875 2894/2302/2894 2895/2303/2895 2876/2287/2876
f 2876/2287/2876 2895/2303/2895 2896/2304/2896 2877/2288/2877
f 2877/2288/2877 2896/2304/2896 2897/2305/2897 2878/2289/2878
f 2878/2289/2878 2897/2305/2897 2898/2306/2898 2879/2290/2879
f 2879/2290/2879 2898/2306/2898 2899/2307/2899 2880/2291/2880
f 2880/2291/2880 2899/2307/2899 2900/2308/2900 2881/2292/2881
f 2881/2292/2881 2900/2308/2900 2901/2309/2901 2882/2293/2882
f 2882/2293/2882 2901/2309/2901 2902/2310/2902 2883/2294/2883
f 2883/2294/2883 2902/2310/2902 2903/2311/2903 2884/2294/2884
f 2884/2294/2884 2903/2311/2903 2904/2302/2904 2885/2295/2885
f 2885/2295/2885 2904/2302/2904 2905/2312/2905 2886/2296/2886
f 2886/2296/2886 2905/2312/2905 2906/2313/2906 2887/2297/2887
f 2887/2297/2887 2906/2313/2906 2907/2314/2907 2888/2297/2888
f 2888/2297/2888 2907/2314/2907 2908/2315/2908 2889/2298/2889
f 2889/2298/2889 2908/2315/2908 2890/2299/2890 2871/2282/2871
f 2890/2299/2890 2909/2316/2909 2910/2317/2910 2891/2300/2891
f 2891/2300/2891 2910/2317/2910 2911/2318/2911 2892/2301/2892
f 2892/2301/2892 2911/2318/2911 2912/2318/2912 2893/2301/2893
f 2893/2301/2893 2912/2318/2912 2913/2319/2913 2894/2302/2894
f 2894/2302/2894 2913/2319/2913 2914/2320/2914 2895/2303/2895
f 2895/2303/2895 2914/2320/2914 2915/2321/2915 2896/2304/2896
f 2896/2304/2896 2915/2321/2915 2916/2322/2916 2897/2305/2897
f 2897/2305/2897 2916/2322/2916 2917/2323/2917 2898/2306/2898
f 2898/2306/2898 2917/2323/2917 2918/2324/2918 2899/2307/2899
f 2899/2307/2899 2918/2324/2918 2919/2325/2919 2900/2308/2900
f 2900/2308/2900 2919/2325/2919 2920/2326/2920 2901/2309/2901
f 2901/2309/2901 2920/2326/2920 2921/2327/2921 2902/2310/2902
f 2902/2310/2902 2921/2327/2921 2922/2327/2922 2903/2311/2903
f 2903/2311/2903 2922/2327/2922 2923/2319/2923 2904/2302/2904
f 2904/2302/2904 2923/2319/2923 2924/2328/2924 2905/2312/2905
f 2905/2312/2905 2924/2328/2924 2925/2329/2925 2906/2313/2906
f 2906/2313/2906 2925/2329/2925 2926/2330/2926 2907/2314/2907
f 2907/2314/2907 2926/2330/2926 2927/2331/2927 2908/2315/2908
f 2908/2315/2908 2927/2331/2927 2909/2316/2909 2890/2299/2890
f 2909/2316/2909 2928/2332/2928 2929/2333/2929 2910/2317/2910
f 2910/2317/2910 2929/2333/2929 2930/2334/2930 2911/2318/2911
f 2911/2318/2911 2930/2334/2930 2931/2335/2931 2912/2318/2912
f 2912/2318/2912 2931/2335/2931 2932/2336/2932 2913/2319/2913
f 2913/2319/2913 2932/2336/2932 2933/2337/2933 2914/2320/2914
f 2914/2320/2914 2933/2337/2933 2934/2338/2934 2915/2321/2915
f 2915/2321/2915 2934/2338/2934 2935/2339/2935 2916/2322/2916
f 2916/2322/2916 2935/2339/2935 2936/2340/2936 2917/2323/2917
f 2917/2323/2917 2936/2340/2936 2937/2341/2937 2918/2324/2918
f 2918/2324/2918 2937/2341/2937 2938/2342/2938 2919/2325/2919
f 2919/2325/2919 2938/2342/2938 2939/2335/2939 2920/2326/2920
f 2920/2326/2920 2939/2335/2939 2940/2343/2940 2921/2327/2921
f 2921/2327/2921 2940/2343/2940 2941/2344/2941 2922/2327/2922
f 2922/2327/2922 2941/2344/2941 2942/2335/2942 2923/2319/2923
f 2923/2319/2923 2942/2335/2942 2943/2341/2943 2924/2328/2924
f 2924/2328/2924 2943/2341/2943 2944/2345/2944 2925/2329/2925
f 2925/2329/2925 2944/2345/2944 2945/2345/2945 2926/2330/2926
f 2926/2330/2926 2945/2345/2945 2946/2346/2946 2927/2331/2927
f 2927/2331/2927 2946/2346/2946 2928/2332/2928 2909/2316/2909
f 2928/2332/2928 2947/2347/2947 2948/2348/2948 2929/2333/2929
f 2929/2333/2929 2948/2348/2948 2949/2349/2949 2930/2334/2930
f 2930/2334/2930 2949/2349/2949 2950/2349/2950 2931/2335/2931
f 2931/2335/2931 2950/2349/2950 2951/2350/2951 2932/2336/2932
f 2932/2336/2932 2951/2350/2951 2952/2351/2952 2933/2337/2933
f 2933/2337/2933 2952/2351/2952 2953/2352/2953 2934/2338/2934
f 2934/2338/2934 2953/2352/2953 2954/2352/2954 2935/2339/2935
f 2935/2339/2935 2954/2352/2954 2955/2353/2955 2936/2340/2936
f 2936/2340/2936 2955/2353/2955 2956/2354/2956 2937/2341/2937
f 2937/2341/2937 2956/2354/2956 2957/2355/2957 2938/2342/2938
f 2938/2342/2938 2957/2355/2957 2958/2356/2958 2939/2335/2939
f 2939/2335/2939 2958/2356/2958 2959/2357/2959 2940/2343/2940
f 2940/2343/2940 2959/2357/2959 2960/2358/2960 2941/2344/2941
f 2941/2344/2941 2960/2358/2960 2961/2349/2961 2942/2335/2942
f 2942/2335/2942 2961/2349/2961 2962/2359/2962 2943/2341/2943
f 2943/2341/2943 2962/2359/2962 2963/2360/2963 2944/2345/2944
f 2944/2345/2944 2963/2360/2963 2964/2361/2964 2945/2345/2945
f 2945/2345/2945 2964/2361/2964 2965/2362/2965 2946/2346/2946
f 2946/2346/2946 2965/2362/2965 2947/2347/2947 2928/2332/2928
f 2947/2347/2947 2966/2363/2966 2967/2364/2967 2948/2348/2948
f 2948/2348/2948 2967/2364/2967 2968/2365/2968 2949/2349/2949
f 2949/2349/2949 2968/2365/2968 2969/2366/2969 2950/2349/2950
f 2950/2349/2950 2969/2366/2969 2970/2367/2970 2951/2350/2951
f 2951/2350/2951 2970/2367/2970 2971/2368/2971 2952/2351/2952
f 2952/2351/2952 2971/2368/2971 2972/2369/2972 2953/2352/2953
f 2953/2352/2953 2972/2369/2972 2973/2370/2973 2954/2352/2954
f 2954/2352/2954 2973/2370/2973 2974/2371/2974 2955/2353/2955
f 2955/2353/2955 2974/2371/2974 2975/2372/2975 2956/2354/2956
f 2956/2354/2956 2975/2372/2975 2976/2373/2976 2957/2355/2957
f 2957/2355/2957 2976/2373/2976 2977/2374/2977 2958/2356/2958
f 2958/2356/2958 2977/2374/2977 2978/2375/2978 2959/2357/2959
f 2959/2357/2959 2978/2375/2978 2979/2376/2979 2960/2358/2960
f 2960/2358/2960 2979/2376/2979 2980/2377/2980 2961/2349/2961
f 2961/2349/2961 2980/2377/2980 2981/2378/2981 2962/2359/2962
f 2962/2359/2962 2981/2378/2981 2982/2379/2982 2963/2360/2963
f 2963/2360/2963 2982/2379/2982 2983/2380/2983 2964/2361/2964
f 2964/2361/2964 2983/2380/2983 2984/2381/2984 2965/2362/2965
f 2965/2362/2965 2984/2381/2984 2966/2363/2966 2947/2347/2947
f 2966/2363/2966 2985/2382/2985 2986/2383/2986 2967/2364/2967
f 2967/2364/2967 2986/2383/2986 2987/2384/2987 2968/2365/2968
f 2968/2365/2968 2987/2384/2987 2988/2385/2988 2969/2366/2969
f 2969/2366/2969 2988/2385/2988 2989/2386/2989 2970/2367/2970
f 2970/2367/2970 2989/2386/2989 2990/2387/2990 2971/2368/2971
f 2971/2368/2971 2990/2387/2990 2991/2388/2991 2972/2369/2972
f 2972/2369/2972 2991/2388/2991 2992/2389/2992 2973/2370/2973
f 2973/2370/2973 2992/2389/2992 2993/2390/2993 2974/2371/2974
f 2974/2371/2974 2993/2390/2993 2994/2391/2994 2975/2372/2975
f 2975/2372/2975 2994/2391/2994 2995/2392/2995 2976/2373/2976
f 2976/2373/2976 2995/2392/2995 2996/2393/2996 2977/2374/2977
f 2977/2374/2977 2996/2393/2996 2997/2394/2997 2978/2375/2978
f 2978/2375/2978 2997/2394/2997 2998/2395/2998 2979/2376/2979
f 2979/2376/2979 2998/2395/2998 2999/2396/2999 2980/2377/2980
f 2980/2377/2980 2999/2396/2999 3000/2386/3000 2981/2378/2981
f 2981/2378/2981 3000/2386/3000 3001/2397/3001 2982/2379/2982
f 2982/2379/2982 3001/2397/3001 3002/2397/3002 2983/2380/2983
f 2983/2380/2983 3002/2397/3002 3003/2398/3003 2984/2381/2984
f 2984/2381/2984 3003/2398/3003 2985/2382/2985 2966/2363/2966
f 2985/2382/2985 3004/2399/3004 3005/2400/3005 2986/2383/2986
f 2986/2383/2986 3005/2400/3005 3006/2401/3006 2987/2384/2987
f 2987/2384/2987 3006/2401/3006 3007/2402/3007 2988/2385/2988
f 2988/2385/2988 3007/2402/3007 3008/2403/3008 2989/2386/2989
f 2989/2386/2989 3008/2403/3008 3009/2404/3009 2990/2387/2990
f 2990/2387/2990 3009/2404/3009 3010/2405/3010 2991/2388/2991
f 2991/2388/2991 3010/2405/3010 3011/2406/3011 2992/2389/2992
f 2992/2389/2992 3011/2406/3011 3012/2407/3012 2993/2390/2993
f 2993/2390/2993 3012/2407/3012 3013/2408/3013 2994/2391/2994
f 2994/2391/2994 3013/2408/3013 3014/2409/3014 2995/2392/2995
f 2995/2392/2995 3014/2409/3014 3015/2410/3015 2996/2393/2996
f 2996/2393/2996 3015/2410/3015 3016/2411/3016 2997/2394/2997
f 2997/2394/2997 3016/2411/3016 3017/2412/3017 2998/2395/2998
f 2998/2395/2998 3017/2412/3017 3018/2413/3018 2999/2396/2999
f 2999/2396/2999 3018/2413/3018 3019/2403/3019 3000/2386/3000
f 3000/2386/3000 3019/2403/3019 3020/2414/3020 3001/2397/3001
f 3001/2397/3001 3020/2414/3020 3021/2415/3021 3002/2397/3002
f 3002/2397/3002 3021/2415/3021 3022/2416/3022 3003/2398/3003
f 3003/2398/3003 3022/2416/3022 3004/2399/3004 2985/2382/2985
f 3004/2399/3004 3023/2417/3023 3024/2418/3024 3005/2400/3005
f 3005/2400/3005 3024/2418/3024 3025/2419/3025 3006/2401/3006
f 3006/2401/3006 3025/2419/3025 3026/2420/3026 3007/2402/3007
f 3007/2402/3007 3026/2420/3026 3027/2421/3027 3008/2403/3008
f 3008/2403/3008 3027/2421/3027 3028/2422/3028 3009/2404/3009
f 3009/2404/3009 3028/2422/3028 3029/2423/3029 3010/2405/3010
f 3010/2405/3010 3029/2423/3029 3030/2424/3030 3011/2406/3011
f 3011/2406/3011 3030/2424/3030 3031/2425/3031 3012/2407/3012
f 3012/2407/3012 3031/2425/3031 3032/2426/3032 3013/2408/3013
f 3013/2408/3013 3032/2426/3032 3033/2427/3033 3014/2409/3014
f 3014/2409/3014 3033/2427/3033 3034/2428/3034 3015/2410/3015
f 3015/2410/3015 3034/2428/3034 3035/2429/3035 3016/2411/3016
f 3016/2411/3016 3035/2429/3035 3036/2430/3036 3017/2412/3017
f 3017/2412/3017 3036/2430/3036 3037/2431/3037 3018/2413/3018
f 3018/2413/3018 3037/2431/3037 3038/2421/3038 3019/2403/3019
f 3019/2403/3019 3038/2421/3038 3039/2432/3039 3020/2414/3020
f 3020/2414/3020 3039/2432/3039 3040/2433/3040 3021/2415/3021
f 3021/2415/3021 3040/2433/3040 3041/2434/3041 3022/2416/3022
f 3022/2416/3022 3041/2434/3041 3023/2417/3023 3004/2399/3004
f 3023/2417/3023 3042/2435/3042 3043/2436/3043 3024/2418/3024
f 3024/2418/3024 3043/2436/3043 3044/2437/3044 3025/2419/3025
f 3025/2419/3025 3044/2437/3044 3045/2438/3045 3026/2420/3026
f 3026/2420/3026 3045/2438/3045 3046/2439/3046 3027/2421/3027
f 3027/2421/3027 3046/2439/3046 3047/2440/3047 3028/2422/3028
f 3028/2422/3028 3047/2440/3047 3048/2441/3048 3029/2423/3029
f 3029/2423/3029 3048/2441/3048 3049/2442/3049 3030/2424/3030
f 3030/2424/3030 3049/2442/3049 3050/2443/3050 3031/2425/3031
f 3031/2425/3031 3050/2443/3050 3051/2434/3051 3032/2426/3032
f 3032/2426/3032 3051/2434/3051 3052/2444/3052 3033/2427/3033
f 3033/2427/3033 3052/2444/3052 3053/2445/3053 3034/2428/3034
f 3034/2428/3034 3053/2445/3053 3054/2446/3054 3035/2429/3035
f 3035/2429/3035 3054/2446/3054 3055/2447/3055 3036/2430/3036
f 3036/2430/3036 3055/2447/3055 3056/2448/3056 3037/2431/3037
f 3037/2431/3037 3056/2448/3056 3057/2439/3057 3038/2421/3038
f 3038/2421/3038 3057/2439/3057 3058/2449/3058 3039/2432/3039
f 3039/2432/3039 3058/2449/3058 3059/2450/3059 3040/2433/3040
f 3040/2433/3040 3059/2450/3059 3060/2451/3060 3041/2434/3041
f 3041/2434/3041 3060/2451/3060 3042/2435/3042 3023/2417/3023
f 3042/2435/3042 3061/2452/3061 3062/2453/3062 3043/2436/3043
f 3043/2436/3043 3062/2453/3062 3063/2454/3063 3044/2437/3044
f 3044/2437/3044 3063/2454/3063 3064/2455/3064 3045/2438/3045
f 3045/2438/3045 3064/2455/3064 3065/2456/3065 3046/2439/3046
f 3046/2439/3046 3065/2456/3065 3066/2457/3066 3047/2440/3047
f 3047/2440/3047 3066/2457/3066 3067/2458/3067 3048/2441/3048
f 3048/2441/3048 3067/2458/3067 3068/2459/3068 3049/2442/3049
f 3049/2442/3049 3068/2459/3068 3069/2450/3069 3050/2443/3050
f 3050/2443/3050 3069/2450/3069 3070/2460/3070 3051/2434/3051
f 3051/2434/3051 3070/2460/3070 3071/2437/3071 3052/2444/3052
f 3052/2444/3052 3071/2437/3071 3072/2461/3072 3053/2445/3053
f 3053/2445/3053 3072/2461/3072 3073/2462/3073 3054/2446/3054
f 3054/2446/3054 3073/2462/3073 3074/2463/3074 3055/2447/3055
f 3055/2447/3055 3074/2463/3074 3075/2464/3075 3056/2448/3056
f 3056/2448/3056 3075/2464/3075 3076/2465/3076 3057/2439/3057
f 3057/2439/3057 3076/2465/3076 3077/2466/3077 3058/2449/3058
f 3058/2449/3058 3077/2466/3077 3078/2467/3078 3059/2450/3059
f 3059/2450/3059 3078/2467/3078 3079/2468/3079 3060/2451/3060
f 3060/2451/3060 3079/2468/3079 3061/2452/3061 3042/2435/3042
f 3061/2452/3061 3080/2469/3080 3081/2470/3081 3062/2453/3062
f 3062/2453/3062 3081/2470/3081 3082/2471/3082 3063/2454/3063
f 3063/2454/3063 3082/2471/3082 3083/2472/3083 3064/2455/3064
f 3064/2455/3064 3083/2472/3083 3084/2473/3084 3065/2456/3065
f 3065/2456/3065 3084/2473/3084 3085/2474/3085 3066/2457/3066
f 3066/2457/3066 3085/2474/3085 3086/2475/3086 3067/2458/3067
f 3067/2458/3067 3086/2475/3086 3087/2476/3087 3068/2459/3068
f 3068/2459/3068 3087/2476/3087 3088/2477/3088 3069/2450/3069
f 3069/2450/3069 3088/2477/3088 3089/2456/3089 3070/2460/3070
f 3070/2460/3070 3089/2456/3089 3090/2455/3090 3071/2437/3071
f 3071/2437/3071 3090/2455/3090 3091/2454/3091 3072/2461/3072
f 3072/2461/3072 3091/2454/3091 3092/2478/3092 3073/2462/3073
f 3073/2462/3073 3092/2478/3092 3093/2479/3093 3074/2463/3074
f 3074/2463/3074 3093/2479/3093 3094/2480/3094 3075/2464/3075
f 3075/2464/3075 3094/2480/3094 3095/2481/3095 3076/2465/3076
f 3076/2465/3076 3095/2481/3095 3096/2482/3096 3077/2466/3077
f 3077/2466/3077 3096/2482/3096 3097/2483/3097 3078/2467/3078
f 3078/2467/3078 3097/2483/3097 3098/2469/3098 3079/2468/3079
f 3079/2468/3079 3098/2469/3098 3080/2469/3080 3061/2452/3061
f 3080/2469/3080 3099/1911/3099 3100/1908/3100 3081/2470/3081
f 3081/2470/3081 3100/1908/3100 3101/1910/3101 3082/2471/3082
f 3082/2471/3082 3101/1910/3101 3102/2484/3102 3083/2472/3083
f 3083/2472/3083 3102/2484/3102 3103/2485/3103 3084/2473/3084
f 3084/2473/3084 3103/2485/3103 3104/2486/3104 3085/2474/3085
f 3085/2474/3085 3104/2486/3104 3105/2482/3105 3086/2475/3086
f 3086/2475/3086 3105/2482/3105 3106/2487/3106 3087/2476/3087
f 3087/2476/3087 3106/2487/3106 3107/2481/3107 3088/2477/3088
f 3088/2477/3088 3107/2481/3107 3108/2473/3108 3089/2456/3089
f 3089/2456/3089 3108/2473/3108 3109/2488/3109 3090/2455/3090
f 3090/2455/3090 3109/2488/3109 3110/2472/3110 3091/2454/3091
f 3091/2454/3091 3110/2472/3110 3111/2489/3111 3092/2478/3092
f 3092/2478/3092 3111/2489/3111 3112/2490/3112 3093/2479/3093
f 3093/2479/3093 3112/2490/3112 3113/2491/3113 3094/2480/3094
f 3094/2480/3094 3113/2491/3113 3114/1907/3114 3095/2481/3095
f 3095/2481/3095 3114/1907/3114 3115/2492/3115 3096/2482/3096
f 3096/2482/3096 3115/2492/3115 3116/1905/3116 3097/2483/3097
f 3097/2483/3097 3116/1905/3116 3117/1903/3117 3098/2469/3098
f 3098/2469/3098 3117/1903/3117 3099/1911/3099 3080/2469/3080
f 3099/1911/3099 3118/2493/3118 3119/1915/3119 3100/1908/3100
f 3100/1908/3100 3119/1915/3119 3120/1902/3120 3101/1910/3101
f 3101/1910/3101 3120/1902/3120 3121/1911/3121 3102/2484/3102
f 3102/2484/3102 3121/1911/3121 3122/1908/3122 3103/2485/3103
f 3103/2485/3103 3122/1908/3122 3123/1907/3123 3104/2486/3104
f 3104/2486/3104 3123/1907/3123 3124/2484/3124 3105/2482/3105
f 3105/2482/3105 3124/2484/3124 3125/2494/3125 3106/2487/3106
f 3106/2487/3106 3125/2494/3125 3126/2469/3126 3107/2481/3107
f 3107/2481/3107 3126/2469/3126 3127/2470/3127 3108/2473/3108
f 3108/2473/3108 3127/2470/3127 3128/2469/3128 3109/2488/3109
f 3109/2488/3109 3128/2469/3128 3129/2495/3129 3110/2472/3110
f 3110/2472/3110 3129/2495/3129 3130/2496/3130 3111/2489/3111
f 3111/2489/3111 3130/2496/3130 3131/1912/3131 3112/2490/3112
f 3112/2490/3112 3131/1912/3131 3132/1911/3132 3113/2491/3113
f 3113/2491/3113 3132/1911/3132 3133/1902/3133 3114/1907/3114
f 3114/1907/3114 3133/1902/3133 3134/1899/3134 3115/2492/3115
f 3115/2492/3115 3134/1899/3134 3135/1924/3135 3116/1905/3116
f 3116/1905/3116 3135/1924/3135 3136/1896/3136 3117/1903/3117
f 3117/1903/3117 3136/1896/3136 3118/2493/3118 3099/1911/3099
f 3118/2493/3118 2263/1893/2263 2264/1896/2264 3119/1915/3119
f 3119/1915/3119 2264/1896/2264 2265/1898/2265 3120/1902/3120
f 3120/1902/3120 2265/1898/2265 2266/1899/2266 3121/1911/3121
f 3121/1911/3121 2266/1899/2266 2267/1901/2267 3122/1908/3122
f 3122/1908/3122 2267/1901/2267 2268/1903/2268 3123/1907/3123
f 3123/1907/3123 2268/1903/2268 2269/1905/2269 3124/2484/3124
f 3124/2484/3124 2269/1905/2269 2270/1906/2270 3125/2494/3125
f 3125/2494/3125 2270/1906/2270 2271/1907/2271 3126/2469/3126
f 3126/2469/3126 2271/1907/2271 2272/1907/2272 3127/2470/3127
f 3127/2470/3127 2272/1907/2272 2273/1910/2273 3128/2469/3128
f 3128/2469/3128 2273/1910/2273 2274/1912/2274 3129/2495/3129
f 3129/2495/3129 2274/1912/2274 2275/1909/2275 3130/2496/3130
f 3130/2496/3130 2275/1909/2275 2276/1914/2276 3131/1912/3131
f 3131/1912/3131 2276/1914/2276 2277/1916/2277 3132/1911/3132
f 3132/1911/3132 2277/1916/2277 2278/1917/2278 3133/1902/3133
f 3133/1902/3133 2278/1917/2278 2279/1919/2279 3134/1899/3134
f 3134/1899/3134 2279/1919/2279 2280/1921/2280 3135/1924/3135
f 3135/1924/3135 2280/1921/2280 2281/1923/2281 3136/1896/3136
f 3136/1896/3136 2281/1923/2281 2263/1893/2263 3118/2493/3118
o ear
v -0.015008 3.221050 0.227011
v -0.481304 3.911301 0.568339
v -0.011391 3.277861 0.122379
v -0.492006 3.989442 0.475136
v -0.200617 3.165789 0.195873
v -0.687792 3.839154 0.533846
v -0.209439 3.224665 0.094466
v -0.696745 3.906803 0.437061
v -0.196634 3.594548 0.428760
v -0.194090 3.678417 0.298655
v -0.550374 3.512722 0.222880
v -0.528456 3.429599 0.347860
v -0.078932 3.239992 0.077045
v -0.651580 4.053877 0.485097
v -0.077106 3.164252 0.219327
v -0.643616 3.949282 0.612173
v -0.378762 3.531626 0.440468
v -0.386841 3.656959 0.238532
v 0.016483 3.218480 0.226322
v 0.434088 3.928641 0.568771
v 0.012790 3.274778 0.121510
v 0.441480 4.006674 0.475157
v 0.215246 3.162578 0.196460
v 0.645901 3.870991 0.539714
v 0.222423 3.221191 0.094779
v 0.652371 3.938410 0.442571
v 0.175824 3.591615 0.425425
v 0.170533 3.674179 0.294574
v 0.539212 3.533465 0.228531
v 0.520231 3.449900 0.353696
v 0.084826 3.233599 0.075582
v 0.595844 4.082272 0.488249
v 0.084052 3.158267 0.218119
v 0.592239 3.978287 0.616023
v 0.361573 3.541775 0.441904
v 0.365613 3.665919 0.239114
v -0.000771 3.245180 0.133994
v 0.003713 3.217965 0.160239
v -0.002892 3.211684 0.196139
v -0.276744 3.698879 0.480752
v -0.358041 3.789382 0.523667
v -0.431170 3.863181 0.553551
v -0.489987 3.938706 0.555259
v -0.496715 3.967708 0.530571
v -0.496600 3.985313 0.500094
v -0.121037 3.560538 0.239996
v -0.063861 3.446877 0.186111
v -0.026489 3.344467 0.144166
v -0.053260 3.242704 0.079945
v -0.031540 3.248130 0.087338
v -0.017090 3.261146 0.103247
v -0.674937 4.034671 0.476523
v -0.689313 3.999731 0.463226
v -0.695949 3.951791 0.448543
v -0.459796 3.409314 0.170636
v -0.360038 3.324856 0.129735
v -0.269620 3.261762 0.104312
v -0.188801 3.162564 0.167798
v -0.184468 3.172551 0.134036
v -0.194006 3.197502 0.107633
v -0.701786 3.907723 0.464148
v -0.702355 3.895094 0.496591
v -0.696475 3.867587 0.521570
v -0.439481 3.328154 0.296897
v -0.343428 3.248095 0.254229
v -0.257276 3.193319 0.219331
v -0.102509 3.158484 0.215024
v -0.132190 3.154168 0.208864
v -0.167878 3.156928 0.201662
v -0.607912 3.950570 0.611910
v -0.564287 3.941476 0.603285
v -0.518036 3.926062 0.586520
v -0.031359 3.277047 0.263079
v -0.068397 3.371810 0.315738
v -0.125808 3.481119 0.372278
v -0.441764 3.950397 0.445585
v -0.365981 3.881068 0.403055
v -0.279375 3.788106 0.353714
v -0.685507 3.844968 0.397131
v -0.660211 3.746552 0.341385
v -0.616821 3.630136 0.281442
v -0.673144 3.768722 0.508055
v -0.643588 3.664185 0.462936
v -0.596499 3.546078 0.406182
v -0.328593 3.551981 0.449902
v -0.278354 3.566444 0.452258
v -0.232791 3.579230 0.445794
v -0.562342 3.476990 0.244344
v -0.561368 3.448644 0.275755
v -0.549418 3.431556 0.311974
v -0.439554 3.627569 0.227066
v -0.486386 3.591459 0.217762
v -0.524329 3.552040 0.214931
v -0.173883 3.615243 0.400638
v -0.165633 3.638741 0.365827
v -0.172256 3.661113 0.329959
v -0.175907 3.224317 0.082938
v -0.138390 3.228082 0.075298
v -0.106514 3.234568 0.074549
v -0.530581 4.017717 0.478903
v -0.577130 4.044041 0.483658
v -0.618547 4.056828 0.486753
v -0.020139 3.196048 0.224991
v -0.033317 3.176306 0.223223
v -0.053370 3.167927 0.221694
v -0.687520 3.871846 0.560633
v -0.681917 3.907907 0.587321
v -0.667986 3.934781 0.604429
v -0.500211 3.444790 0.379135
v -0.465477 3.471711 0.404971
v -0.424808 3.503082 0.425404
v -0.230580 3.687296 0.276073
v -0.277908 3.686856 0.260574
v -0.331518 3.676836 0.249086
v -0.298063 3.537352 0.179087
v -0.211023 3.426292 0.128401
v -0.133964 3.327084 0.092555
v -0.291285 3.418238 0.383561
v -0.205560 3.314562 0.328382
v -0.130604 3.227878 0.274015
v -0.677868 4.077437 0.538316
v -0.684975 4.063760 0.580968
v -0.673393 4.018991 0.607453
v -0.046748 3.175740 0.087551
v -0.035172 3.140155 0.119632
v -0.045469 3.135046 0.165872
v -0.596549 3.860586 0.591702
v -0.534743 3.758085 0.551302
v -0.461160 3.646769 0.498412
v -0.606273 3.989941 0.426284
v -0.544745 3.894532 0.364354
v -0.470450 3.779567 0.301153
v 0.001763 3.243337 0.133492
v -0.002860 3.216544 0.159862
v 0.003954 3.209935 0.195677
v 0.247116 3.701700 0.478336
v 0.320803 3.798016 0.522327
v 0.387829 3.877001 0.553248
v 0.441131 3.956497 0.555655
v 0.446386 3.985723 0.530875
v 0.445758 4.003058 0.500250
v 0.107369 3.551069 0.235291
v 0.059697 3.433854 0.181298
v 0.028140 3.336337 0.141643
v 0.056715 3.238236 0.078848
v 0.033609 3.244995 0.086527
v 0.018577 3.258442 0.102514
v 0.620692 4.064700 0.480389
v 0.637802 4.030766 0.467737
v 0.648140 3.983310 0.453635
v 0.457399 3.423556 0.175112
v 0.364829 3.331983 0.132654
v 0.279701 3.262489 0.105696
v 0.204197 3.158369 0.168144
v 0.199904 3.167813 0.134205
v 0.208455 3.193144 0.107817
v 0.656690 3.939877 0.469758
v 0.657375 3.927552 0.502316
v 0.652852 3.899877 0.527393
v 0.439848 3.342071 0.301578
v 0.350705 3.255133 0.257400
v 0.269473 3.194170 0.220996
v 0.112747 3.151399 0.213822
v 0.145203 3.147330 0.208059
v 0.182393 3.151696 0.201562
v 0.556550 3.977052 0.614920
v 0.513890 3.964842 0.605366
v 0.469249 3.946085 0.587668
v 0.033335 3.271237 0.261366
v 0.066406 3.360919 0.311881
v 0.114512 3.473085 0.368320
v 0.394827 3.963971 0.444794
v 0.325140 3.889168 0.401129
v 0.246483 3.789980 0.350612
v 0.646461 3.875652 0.402937
v 0.629483 3.775301 0.347488
v 0.595825 3.655690 0.287582
v 0.636861 3.799520 0.514212
v 0.615810 3.692838 0.469342
v 0.578508 3.571302 0.412553
v 0.309888 3.558608 0.449992
v 0.258713 3.569509 0.451055
v 0.212531 3.579003 0.443423
v 0.553150 3.498822 0.250580
v 0.553426 3.470702 0.282209
v 0.541850 3.453073 0.318290
v 0.420520 3.640238 0.229133
v 0.469984 3.607455 0.221237
v 0.510662 3.570791 0.219634
v 0.152402 3.610471 0.396614
v 0.143402 3.633099 0.361428
v 0.149290 3.655625 0.325528
v 0.188774 3.218599 0.082490
v 0.149874 3.220558 0.074091
v 0.115440 3.226817 0.072976
v 0.477870 4.037624 0.479569
v 0.522325 4.067200 0.485171
v 0.562656 4.082896 0.489112
v 0.021842 3.193594 0.224365
v 0.035866 3.173242 0.222490
v 0.057606 3.163581 0.220726
v 0.642694 3.903774 0.566199
v 0.633936 3.939540 0.592431
v 0.617746 3.965486 0.608974
v 0.490253 3.463284 0.384172
v 0.453107 3.487872 0.408958
v 0.409858 3.516442 0.428165
v 0.206773 3.685430 0.272754
v 0.254353 3.688215 0.258359
v 0.308793 3.681919 0.248206
v 0.286905 3.539926 0.178681
v 0.209122 3.422645 0.126970
v 0.139387 3.318921 0.090448
v 0.283665 3.422097 0.383984
v 0.206778 3.312244 0.327747
v 0.137909 3.221281 0.272643
v 0.619138 4.108007 0.541854
v 0.626174 4.095171 0.584778
v 0.617143 4.049888 0.611381
v 0.051365 3.171291 0.086591
v 0.040131 3.135672 0.118700
v 0.051051 3.130184 0.164884
v 0.552028 3.886348 0.595246
v 0.498562 3.779458 0.554328
v 0.434268 3.662854 0.500727
v 0.556557 4.014880 0.428967
v 0.503381 3.914930 0.366468
v 0.438879 3.794562 0.302576
v -0.254711 3.719213 0.452399
v -0.247984 3.743702 0.418124
v -0.256163 3.767966 0.383344
v -0.339436 3.808947 0.495890
v -0.335658 3.834151 0.463295
v -0.343955 3.858927 0.430248
v -0.419738 3.882683 0.529326
v -0.420331 3.908549 0.500629
v -0.425731 3.930602 0.469924
v -0.519245 3.750222 0.289473
v -0.561302 3.712744 0.279061
v -0.594514 3.671242 0.274734
v -0.585558 3.867661 0.353352
v -0.618908 3.830612 0.342165
v -0.643952 3.787908 0.336063
v -0.637708 3.966792 0.416438
v -0.660929 3.930672 0.404325
v -0.676354 3.885951 0.395076
v -0.626803 3.593689 0.302405
v -0.625552 3.565215 0.333789
v -0.614822 3.547994 0.370088
v -0.667484 3.712677 0.362356
v -0.666307 3.686459 0.393692
v -0.657664 3.668138 0.428496
v -0.690406 3.819672 0.418469
v -0.689747 3.799330 0.449314
v -0.683029 3.778080 0.479498
v -0.411498 3.664531 0.506445
v -0.360420 3.675838 0.507072
v -0.313569 3.685594 0.498929
v -0.488685 3.770701 0.556671
v -0.439441 3.776194 0.554341
v -0.393360 3.780103 0.543384
v -0.555651 3.867138 0.594003
v -0.509357 3.865276 0.588228
v -0.464252 3.860616 0.573995
v -0.069674 3.174095 0.086269
v -0.056543 3.139406 0.118385
v -0.067444 3.133243 0.163702
v -0.097914 3.174240 0.087771
v -0.083866 3.141640 0.118671
v -0.094894 3.134301 0.161428
v -0.137466 3.179975 0.095007
v -0.124008 3.151185 0.123030
v -0.133585 3.142982 0.161035
v -0.647957 4.076717 0.537862
v -0.655251 4.061388 0.579370
v -0.641597 4.017241 0.605873
v -0.607193 4.060054 0.530959
v -0.613816 4.044089 0.570059
v -0.599392 4.002675 0.595982
v -0.556482 4.028622 0.519038
v -0.561193 4.012805 0.553711
v -0.548891 3.977043 0.578163
v -0.098967 3.237368 0.278703
v -0.070927 3.246853 0.279835
v -0.048668 3.261647 0.276373
v -0.165440 3.330252 0.335673
v -0.127414 3.343102 0.337593
v -0.094512 3.356699 0.332072
v -0.244702 3.437557 0.392568
v -0.199089 3.452071 0.395082
v -0.158252 3.465484 0.389059
v -0.273607 3.235211 0.125273
v -0.269217 3.210791 0.154185
v -0.266238 3.197299 0.188233
v -0.370243 3.294956 0.152910
v -0.368913 3.269147 0.184538
v -0.360428 3.252826 0.220315
v -0.472128 3.376054 0.193314
v -0.471520 3.348759 0.225333
v -0.460151 3.331554 0.261623
v -0.170570 3.313327 0.087292
v -0.207942 3.297141 0.085448
v -0.244329 3.280917 0.090917
v -0.255713 3.405510 0.120490
v -0.297855 3.380658 0.115677
v -0.334495 3.353704 0.117819
v -0.348840 3.511129 0.168995
v -0.394981 3.479356 0.161583
v -0.433178 3.444627 0.160844
v -0.017120 3.285593 0.233946
v -0.010220 3.298641 0.198925
v -0.014070 3.322714 0.168574
v -0.050562 3.388680 0.286832
v -0.043119 3.408225 0.251339
v -0.047762 3.429901 0.216399
v -0.104871 3.501135 0.343857
v -0.096676 3.523412 0.308441
v -0.101927 3.544584 0.271964
v -0.043865 3.347557 0.122736
v -0.067803 3.342139 0.106906
v -0.098723 3.336010 0.098080
v -0.090105 3.452986 0.163133
v -0.124909 3.450052 0.147116
v -0.166300 3.441107 0.136552
v -0.153618 3.567756 0.216636
v -0.196543 3.566000 0.200547
v -0.246005 3.555809 0.189003
v -0.231167 3.193968 0.240519
v -0.196992 3.201014 0.255219
v -0.163255 3.214183 0.266200
v -0.316304 3.255407 0.281207
v -0.282205 3.271937 0.301643
v -0.244859 3.293602 0.317103
v -0.410832 3.340513 0.326797
v -0.375676 3.363947 0.350881
v -0.335450 3.392061 0.369663
v -0.706850 3.976620 0.494964
v -0.709293 3.967839 0.532774
v -0.702731 3.931995 0.556970
v -0.705673 4.028061 0.516139
v -0.710056 4.018612 0.558258
v -0.702170 3.977132 0.584071
v -0.696627 4.061510 0.530811
v -0.702673 4.049997 0.574115
v -0.693107 4.005894 0.600623
v -0.000023 3.202926 0.109935
v 0.006027 3.170613 0.136869
v -0.001297 3.167366 0.177497
v -0.009127 3.183268 0.095281
v -0.001263 3.148016 0.125169
v -0.009580 3.144456 0.170016
v -0.025776 3.176861 0.089291
v -0.016020 3.140870 0.120853
v -0.025390 3.136539 0.167262
v -0.572116 3.561681 0.437828
v -0.541668 3.588866 0.463910
v -0.504782 3.619744 0.484139
v -0.625667 3.679505 0.494146
v -0.602661 3.706501 0.520046
v -0.572766 3.735132 0.539117
v -0.663052 3.785973 0.537835
v -0.649067 3.815429 0.564026
v -0.627552 3.842374 0.581968
v -0.316965 3.800772 0.333386
v -0.364698 3.804317 0.320263
v -0.417481 3.797569 0.310702
v -0.402843 3.898906 0.386545
v -0.449065 3.909073 0.377683
v -0.497979 3.908189 0.371653
v -0.477250 3.973350 0.435059
v -0.522472 3.991800 0.432241
v -0.566980 3.998104 0.430728
v 0.224395 3.720227 0.449302
v 0.301533 3.816021 0.493954
v 0.375633 3.895474 0.528594
v 0.216789 3.743936 0.414668
v 0.296767 3.840662 0.461060
v 0.375086 3.921112 0.499692
v 0.224061 3.768466 0.379874
v 0.304085 3.865725 0.427997
v 0.379652 3.943270 0.468927
v 0.489881 3.768649 0.292290
v 0.546233 3.890926 0.356653
v 0.589767 3.993937 0.420056
v 0.534705 3.734157 0.283187
v 0.582363 3.856242 0.346569
v 0.615753 3.959459 0.408804
v 0.570848 3.695071 0.279997
v 0.610486 3.815368 0.341427
v 0.634500 3.915872 0.400310
v 0.607845 3.620188 0.309092
v 0.638620 3.742174 0.368920
v 0.652620 3.850918 0.424605
v 0.607854 3.591922 0.340687
v 0.638546 3.716163 0.400450
v 0.652660 3.830801 0.455604
v 0.597503 3.574246 0.376878
v 0.630388 3.697527 0.435204
v 0.646738 3.809347 0.485811
v 0.383303 3.677127 0.507450
v 0.451616 3.788832 0.558516
v 0.510727 3.890016 0.596541
v 0.331556 3.684808 0.506792
v 0.402177 3.790821 0.554996
v 0.464829 3.884853 0.589710
v 0.284342 3.691175 0.497479
v 0.356208 3.791393 0.542939
v 0.420515 3.876922 0.574476
v 0.077311 3.167719 0.085009
v 0.109393 3.166291 0.086422
v 0.151685 3.172488 0.094122
v 0.064334 3.133184 0.117193
v 0.095520 3.133747 0.117360
v 0.138841 3.143367 0.122104
v 0.076203 3.126630 0.162489
v 0.107386 3.126461 0.160229
v 0.148678 3.135756 0.160336
v 0.589371 4.105176 0.540712
v 0.550056 4.085631 0.533013
v 0.501978 4.050616 0.520196
v 0.596736 4.090697 0.582512
v 0.556854 4.070453 0.572395
v 0.506965 4.035419 0.555107
v 0.585596 4.045888 0.609079
v 0.544766 4.028311 0.598340
v 0.496632 3.999055 0.579581
v 0.104499 3.230246 0.276955
v 0.165488 3.325185 0.333990
v 0.235639 3.438146 0.391737
v 0.074784 3.240202 0.278055
v 0.126632 3.335604 0.335004
v 0.189071 3.449424 0.393065
v 0.051325 3.255532 0.274636
v 0.093049 3.347280 0.328766
v 0.147549 3.459882 0.385979
v 0.285047 3.236436 0.126977
v 0.376558 3.303043 0.156321
v 0.471497 3.391412 0.198362
v 0.281700 3.211974 0.155994
v 0.376295 3.277431 0.188136
v 0.472050 3.364372 0.230598
v 0.278870 3.198549 0.190081
v 0.368132 3.260809 0.223849
v 0.461060 3.346668 0.266764
v 0.177414 3.307045 0.085974
v 0.255338 3.405010 0.120281
v 0.339626 3.517277 0.170001
v 0.216102 3.293314 0.085097
v 0.299226 3.383158 0.116666
v 0.388051 3.488785 0.163942
v 0.253451 3.279716 0.091550
v 0.337610 3.358871 0.119895
v 0.428603 3.456832 0.164395
v 0.018730 3.280450 0.232414
v 0.048183 3.376647 0.282551
v 0.092936 3.491408 0.339263
v 0.011685 3.293608 0.197413
v 0.040264 3.395333 0.246717
v 0.084076 3.512837 0.303488
v 0.015593 3.316392 0.166639
v 0.044185 3.416543 0.211541
v 0.088704 3.534073 0.266962
v 0.045983 3.338798 0.120055
v 0.085909 3.441267 0.158751
v 0.139857 3.560353 0.212610
v 0.070810 3.333044 0.104215
v 0.121150 3.440476 0.143498
v 0.183142 3.561497 0.197528
v 0.102881 3.326864 0.095502
v 0.163287 3.434330 0.133952
v 0.233457 3.554736 0.187224
v 0.242863 3.193128 0.241564
v 0.322500 3.260707 0.283676
v 0.409698 3.352592 0.330696
v 0.207729 3.197901 0.255398
v 0.286847 3.274937 0.303169
v 0.372419 3.373659 0.353750
v 0.172378 3.209042 0.265520
v 0.247713 3.294024 0.317567
v 0.329880 3.398999 0.371346
v 0.656162 4.009178 0.500076
v 0.650866 4.060558 0.520763
v 0.639144 4.093390 0.534927
v 0.658317 4.000861 0.538008
v 0.654901 4.051743 0.563054
v 0.644954 4.082642 0.578459
v 0.653720 3.964818 0.562360
v 0.649341 4.009996 0.589042
v 0.637886 4.038165 0.605125
v 0.001016 3.201530 0.109582
v 0.010745 3.181314 0.094813
v 0.028529 3.173888 0.088612
v -0.004952 3.169247 0.136536
v 0.003220 3.145860 0.124672
v 0.019209 3.137690 0.120154
v 0.002557 3.165767 0.177106
v 0.011719 3.142119 0.169479
v 0.028898 3.133113 0.166517
v 0.552342 3.585372 0.443486
v 0.596120 3.707080 0.499992
v 0.624875 3.816228 0.543597
v 0.519446 3.610527 0.468614
v 0.570664 3.732569 0.525112
v 0.608234 3.844810 0.569195
v 0.480010 3.638871 0.487710
v 0.538384 3.759156 0.543231
v 0.584457 3.870299 0.586395
v 0.283561 3.805120 0.331052
v 0.361039 3.909444 0.385322
v 0.428850 3.989295 0.434891
v 0.331224 3.811929 0.319008
v 0.406627 3.922782 0.377446
v 0.472715 4.010867 0.432961
v 0.384563 3.808852 0.310734
v 0.455610 3.925307 0.372560
v 0.516693 4.020284 0.432425
vn 0.8436 -0.1283 0.5214
vn 0.5614 0.3818 0.7342
vn 0.8770 0.2921 -0.3816
vn 0.6169 0.7847 0.0612
vn -0.3524 -0.9242 0.1472
vn -0.9011 -0.2894 0.3229
vn -0.3644 -0.4254 -0.8284
vn -0.9360 0.0699 -0.3449
vn 0.6107 0.0299 0.7913
vn 0.6619 0.6495 -0.3743
vn -0.6156 -0.0358 -0.7873
vn -0.5607 -0.6583 0.5023
vn 0.0883 0.0582 -0.9944
vn -0.1786 0.7744 -0.6070
vn 0.0580 -0.7533 0.6551
vn -0.1014 -0.0955 0.9903
vn 0.0006 -0.4486 0.8937
vn -0.0172 0.4403 -0.8977
vn -0.8368 -0.1295 0.5320
vn -0.6041 0.3465 0.7176
vn -0.8688 0.3075 -0.3880
vn -0.6718 0.7396 0.0399
vn 0.4058 -0.8993 0.1632
vn 0.9113 -0.2228 0.3462
vn 0.4088 -0.4062 -0.8172
vn 0.9367 0.1333 -0.3237
vn -0.6302 -0.0074 0.7764
vn -0.6972 0.5984 -0.3949
vn 0.6351 0.0021 -0.7724
vn 0.5936 -0.6135 0.5209
vn -0.0876 0.0502 -0.9949
vn 0.1380 0.7807 -0.6095
vn -0.0794 -0.7500 0.6567
vn 0.0843 -0.0810 0.9931
vn 0.0097 -0.4411 0.8974
vn 0.0075 0.4339 -0.9009
vn 0.9674 0.1767 -0.1811
vn 0.9958 0.0634 0.0653
vn 0.9496 -0.0497 0.3094
vn 0.5869 0.0966 0.8038
vn 0.5778 0.1903 0.7937
vn 0.5713 0.2952 0.7658
vn 0.6046 0.5284 0.5960
vn 0.6300 0.6285 0.4563
vn 0.6357 0.7132 0.2953
vn 0.7044 0.5878 -0.3979
vn 0.7685 0.5058 -0.3918
vn 0.8350 0.3930 -0.3852
vn 0.1888 0.0962 -0.9773
vn 0.4589 0.1833 -0.8694
vn 0.7336 0.2650 -0.6258
vn -0.4742 0.5859 -0.6572
vn -0.6988 0.3831 -0.6041
vn -0.8567 0.2039 -0.4738
vn -0.5312 -0.1237 -0.8382
vn -0.4701 -0.2275 -0.8528
vn -0.4151 -0.3361 -0.8454
vn -0.3848 -0.9107 -0.1500
vn -0.4032 -0.8070 -0.4315
vn -0.3890 -0.6378 -0.6647
vn -0.9899 -0.0300 -0.1385
vn -0.9934 -0.1140 0.0090
vn -0.9702 -0.1905 0.1500
vn -0.4953 -0.7451 0.4467
vn -0.4479 -0.8210 0.3540
vn -0.4003 -0.8834 0.2437
vn 0.0279 -0.7915 0.6106
vn -0.0809 -0.8639 0.4971
vn -0.2251 -0.9202 0.3204
vn 0.1206 0.0157 0.9926
vn 0.3049 0.1455 0.9412
vn 0.4584 0.2836 0.8423
vn 0.7956 -0.0839 0.6000
vn 0.7263 -0.0372 0.6864
vn 0.6562 -0.0075 0.7545
vn 0.6297 0.7744 -0.0616
vn 0.6334 0.7476 -0.1995
vn 0.6393 0.7045 -0.3080
vn -0.8880 0.0690 -0.4547
vn -0.8090 0.0592 -0.5848
vn -0.7137 0.0275 -0.6999
vn -0.8412 -0.3719 0.3925
vn -0.7495 -0.4702 0.4661
vn -0.6486 -0.5655 0.5095
vn 0.0433 -0.4225 0.9053
vn 0.1504 -0.3533 0.9234
vn 0.3539 -0.2042 0.9127
vn -0.7989 -0.3079 -0.5168
vn -0.8397 -0.5097 -0.1876
vn -0.7600 -0.6304 0.1581
vn -0.0783 0.4039 -0.9115
vn -0.1816 0.3371 -0.9238
vn -0.3631 0.2032 -0.9093
vn 0.7872 0.2614 0.5585
vn 0.8505 0.4340 0.2969
vn 0.8220 0.5694 -0.0067
vn -0.2432 -0.2917 -0.9251
vn -0.0985 -0.1273 -0.9870
vn 0.0277 -0.0001 -0.9996
vn 0.5249 0.8458 -0.0959
vn 0.3583 0.8836 -0.3014
vn 0.1223 0.8701 -0.4774
vn 0.6987 -0.3317 0.6339
vn 0.4146 -0.5820 0.6996
vn 0.1374 -0.7214 0.6787
vn -0.8188 -0.3030 0.4876
vn -0.6479 -0.2910 0.7040
vn -0.3911 -0.2108 0.8959
vn -0.3108 -0.5957 0.7407
vn -0.1314 -0.5195 0.8443
vn -0.0385 -0.4712 0.8812
vn 0.3960 0.6200 -0.6774
vn 0.1764 0.5392 -0.8235
vn 0.0502 0.4774 -0.8773
vn -0.0083 0.4256 -0.9049
vn 0.0125 0.3871 -0.9219
vn 0.0503 0.2919 -0.9551
vn 0.0042 -0.4561 0.8899
vn 0.0185 -0.4879 0.8727
vn 0.0395 -0.5696 0.8210
vn -0.2968 0.9513 -0.0831
vn -0.3242 0.7466 0.5809
vn -0.1991 0.2754 0.9405
vn 0.0956 -0.3975 -0.9126
vn 0.0789 -0.8853 -0.4582
vn 0.0667 -0.9738 0.2173
vn -0.0493 -0.3092 0.9497
vn -0.0187 -0.4037 0.9147
vn -0.0031 -0.4399 0.8981
vn -0.0907 0.5832 -0.8073
vn -0.0461 0.4944 -0.8680
vn -0.0258 0.4558 -0.8897
vn -0.9651 0.1865 -0.1838
vn -0.9954 0.0665 0.0682
vn -0.9470 -0.0495 0.3175
vn -0.6113 0.0608 0.7890
vn -0.6085 0.1547 0.7783
vn -0.6087 0.2596 0.7497
vn -0.6542 0.4887 0.5771
vn -0.6833 0.5857 0.4360
vn -0.6911 0.6687 0.2742
vn -0.7341 0.5343 -0.4191
vn -0.7836 0.4652 -0.4117
vn -0.8318 0.3868 -0.3982
vn -0.1857 0.0928 -0.9782
vn -0.4459 0.1830 -0.8762
vn -0.7213 0.2717 -0.6371
vn 0.4473 0.6131 -0.6512
vn 0.6843 0.4271 -0.5911
vn 0.8513 0.2604 -0.4556
vn 0.5583 -0.0919 -0.8245
vn 0.5051 -0.1999 -0.8396
vn 0.4570 -0.3123 -0.8328
vn 0.4377 -0.8887 -0.1364
vn 0.4531 -0.7869 -0.4190
vn 0.4378 -0.6189 -0.6521
vn 0.9926 0.0389 -0.1152
vn 0.9985 -0.0436 0.0331
vn 0.9773 -0.1205 0.1742
vn 0.5357 -0.7051 0.4646
vn 0.4960 -0.7849 0.3715
vn 0.4541 -0.8519 0.2607
vn -0.0366 -0.7872 0.6156
vn 0.0927 -0.8569 0.5070
vn 0.2614 -0.9058 0.3335
vn -0.1449 0.0143 0.9893
vn -0.3367 0.1304 0.9326
vn -0.4971 0.2565 0.8289
vn -0.7903 -0.0963 0.6051
vn -0.7307 -0.0703 0.6790
vn -0.6716 -0.0479 0.7394
vn -0.6810 0.7276 -0.0830
vn -0.6795 0.6997 -0.2207
vn -0.6800 0.6554 -0.3288
vn 0.8915 0.1282 -0.4346
vn 0.8165 0.1119 -0.5664
vn 0.7264 0.0727 -0.6834
vn 0.8557 -0.3088 0.4152
vn 0.7694 -0.4128 0.4875
vn 0.6744 -0.5147 0.5294
vn -0.0349 -0.4180 0.9078
vn -0.1470 -0.3564 0.9227
vn -0.3603 -0.2221 0.9060
vn 0.8306 -0.2544 -0.4954
vn 0.8777 -0.4505 -0.1636
vn 0.7985 -0.5741 0.1813
vn 0.0713 0.4018 -0.9129
vn 0.1793 0.3425 -0.9223
vn 0.3694 0.2218 -0.9024
vn -0.8169 0.2095 0.5373
vn -0.8858 0.3752 0.2730
vn -0.8597 0.5099 -0.0306
vn 0.2725 -0.2839 -0.9193
vn 0.1108 -0.1295 -0.9854
vn -0.0240 -0.0085 -0.9997
vn -0.5806 0.8059 -0.1155
vn -0.4123 0.8540 -0.3174
vn -0.1718 0.8559 -0.4878
vn -0.6906 -0.3393 0.6387
vn -0.4147 -0.5838 0.6980
vn -0.1574 -0.7177 0.6783
vn 0.8262 -0.2410 0.5091
vn 0.6498 -0.2396 0.7214
vn 0.3836 -0.1763 0.9065
vn 0.3342 -0.5670 0.7529
vn 0.1475 -0.5029 0.8517
vn 0.0506 -0.4610 0.8860
vn -0.4226 0.5856 -0.6917
vn -0.1943 0.5195 -0.8321
vn -0.0628 0.4664 -0.8824
vn -0.0002 0.4186 -0.9082
vn -0.0170 0.3788 -0.9253
vn -0.0465 0.2822 -0.9582
vn 0.0067 -0.4489 0.8936
vn -0.0073 -0.4821 0.8761
vn -0.0362 -0.5675 0.8226
vn 0.2311 0.9692 -0.0846
vn 0.2570 0.7718 0.5816
vn 0.1568 0.2955 0.9424
vn -0.1228 -0.3926 -0.9115
vn -0.1348 -0.8791 -0.4572
vn -0.1183 -0.9673 0.2244
vn 0.0483 -0.2982 0.9533
vn 0.0253 -0.3949 0.9184
vn 0.0127 -0.4321 0.9017
vn 0.0686 0.5824 -0.8100
vn 0.0318 0.4902 -0.8710
vn 0.0148 0.4501 -0.8929
vn 0.7379 0.3410 0.5824
vn 0.7888 0.5106 0.3421
vn 0.7700 0.6353 0.0591
vn 0.6948 0.4220 0.5824
vn 0.7301 0.5673 0.3809
vn 0.7247 0.6738 0.1444
vn 0.6551 0.4925 0.5729
vn 0.6775 0.6049 0.4185
vn 0.6836 0.6907 0.2358
vn -0.0934 0.4205 -0.9025
vn -0.2148 0.3590 -0.9083
vn -0.4324 0.2376 -0.8698
vn -0.1335 0.4526 -0.8817
vn -0.2876 0.3839 -0.8774
vn -0.5379 0.2562 -0.8032
vn -0.2390 0.5097 -0.8265
vn -0.4444 0.4061 -0.7985
vn -0.6742 0.2605 -0.6911
vn -0.8938 -0.2017 -0.4004
vn -0.9242 -0.3703 -0.0932
vn -0.8461 -0.4930 0.2026
vn -0.9512 -0.1293 -0.2800
vn -0.9664 -0.2553 -0.0314
vn -0.9104 -0.3662 0.1924
vn -0.9803 -0.0837 -0.1788
vn -0.9853 -0.1709 0.0002
vn -0.9531 -0.2600 0.1549
vn 0.0438 -0.4106 0.9108
vn 0.1530 -0.3323 0.9307
vn 0.3513 -0.1622 0.9221
vn 0.0456 -0.3630 0.9307
vn 0.1693 -0.2664 0.9489
vn 0.3682 -0.0754 0.9267
vn 0.0632 -0.2393 0.9689
vn 0.2142 -0.1161 0.9699
vn 0.3955 0.0611 0.9165
vn 0.0305 -0.4389 -0.8980
vn 0.0216 -0.8856 -0.4640
vn 0.0230 -0.9854 0.1689
vn -0.1160 -0.5120 -0.8511
vn -0.1295 -0.8756 -0.4653
vn -0.1103 -0.9913 0.0716
vn -0.2712 -0.5911 -0.7596
vn -0.2877 -0.8442 -0.4522
vn -0.2635 -0.9631 -0.0543
vn 0.1839 0.9823 0.0358
vn 0.2168 0.7626 0.6095
vn 0.1926 0.3715 0.9082
vn 0.4470 0.8807 0.1566
vn 0.4640 0.6932 0.5515
vn 0.4053 0.4413 0.8006
vn 0.5718 0.7800 0.2544
vn 0.5716 0.6522 0.4980
vn 0.5310 0.5003 0.6839
vn 0.0902 -0.5388 0.8376
vn 0.2666 -0.4534 0.8505
vn 0.5363 -0.2895 0.7928
vn 0.0636 -0.4604 0.8855
vn 0.1976 -0.3878 0.9003
vn 0.4471 -0.2423 0.8610
vn 0.0477 -0.4300 0.9015
vn 0.1628 -0.3628 0.9175
vn 0.3833 -0.2226 0.8964
vn -0.4936 -0.6043 -0.6254
vn -0.5037 -0.7658 -0.3998
vn -0.4900 -0.8624 -0.1274
vn -0.5835 -0.5203 -0.6236
vn -0.6088 -0.7109 -0.3521
vn -0.5754 -0.8173 -0.0314
vn -0.6843 -0.4209 -0.5954
vn -0.7227 -0.6307 -0.2826
vn -0.6639 -0.7444 0.0710
vn -0.0076 0.2418 -0.9703
vn -0.1118 0.1282 -0.9854
vn -0.2559 -0.0565 -0.9651
vn -0.0447 0.3432 -0.9382
vn -0.1396 0.2500 -0.9581
vn -0.2894 0.0660 -0.9549
vn -0.0665 0.3856 -0.9203
vn -0.1616 0.3074 -0.9378
vn -0.3196 0.1491 -0.9357
vn 0.9368 0.0681 0.3432
vn 0.9774 0.1640 0.1332
vn 0.9591 0.2713 -0.0804
vn 0.8914 0.1405 0.4310
vn 0.9438 0.2665 0.1953
vn 0.9188 0.3902 -0.0588
vn 0.8375 0.1997 0.5087
vn 0.9009 0.3553 0.2493
vn 0.8709 0.4896 -0.0429
vn 0.5811 0.4296 -0.6912
vn 0.3159 0.3852 -0.8671
vn 0.1297 0.3293 -0.9353
vn 0.4870 0.5326 -0.6922
vn 0.2323 0.4818 -0.8449
vn 0.0832 0.4251 -0.9013
vn 0.4238 0.5853 -0.6913
vn 0.1915 0.5208 -0.8319
vn 0.0595 0.4630 -0.8843
vn -0.2260 -0.7983 0.5582
vn -0.0792 -0.6896 0.7199
vn 0.0105 -0.6052 0.7960
vn -0.2520 -0.7088 0.6588
vn -0.0989 -0.5880 0.8028
vn -0.0151 -0.5167 0.8560
vn -0.2746 -0.6422 0.7157
vn -0.1160 -0.5399 0.8337
vn -0.0320 -0.4812 0.8760
vn -0.9768 0.0768 -0.1997
vn -0.9982 -0.0520 0.0287
vn -0.9537 -0.1684 0.2492
vn -0.9212 0.2776 -0.2725
vn -0.9882 0.0893 0.1247
vn -0.8766 -0.1141 0.4676
vn -0.7460 0.6198 -0.2436
vn -0.8275 0.4252 0.3667
vn -0.6545 0.0594 0.7537
vn 0.9047 0.0742 -0.4195
vn 0.9867 -0.1509 -0.0605
vn 0.8897 -0.2938 0.3494
vn 0.6539 -0.1684 -0.7377
vn 0.7573 -0.5857 -0.2891
vn 0.6351 -0.7014 0.3235
vn 0.2590 -0.3522 -0.8994
vn 0.3043 -0.8480 -0.4339
vn 0.2264 -0.9407 0.2528
vn -0.3776 -0.5563 0.7402
vn -0.1636 -0.5054 0.8472
vn -0.0504 -0.4631 0.8849
vn -0.4870 -0.5061 0.7118
vn -0.2395 -0.4773 0.8455
vn -0.0896 -0.4350 0.8959
vn -0.6297 -0.4276 0.6486
vn -0.3969 -0.4140 0.8192
vn -0.1861 -0.3651 0.9122
vn 0.3965 0.6620 -0.6360
vn 0.1766 0.5651 -0.8059
vn 0.0455 0.4948 -0.8678
vn 0.4213 0.7227 -0.5479
vn 0.1944 0.6255 -0.7556
vn 0.0423 0.5426 -0.8389
vn 0.4588 0.7960 -0.3949
vn 0.2510 0.7451 -0.6179
vn 0.0565 0.6587 -0.7503
vn -0.7739 0.2923 0.5618
vn -0.7365 0.3761 0.5623
vn -0.7016 0.4491 0.5532
vn -0.8309 0.4560 0.3190
vn -0.7771 0.5171 0.3588
vn -0.7281 0.5586 0.3973
vn -0.8141 0.5796 0.0357
vn -0.7735 0.6220 0.1216
vn -0.7359 0.6425 0.2138
vn 0.0850 0.4196 -0.9037
vn 0.1223 0.4545 -0.8823
vn 0.2222 0.5194 -0.8252
vn 0.2105 0.3667 -0.9062
vn 0.2806 0.3969 -0.8739
vn 0.4336 0.4307 -0.7915
vn 0.4352 0.2613 -0.8616
vn 0.5374 0.2877 -0.7927
vn 0.6705 0.3025 -0.6775
vn 0.9151 -0.1410 -0.3778
vn 0.9644 -0.0639 -0.2567
vn 0.9878 -0.0156 -0.1552
vn 0.9499 -0.3049 -0.0685
vn 0.9824 -0.1867 -0.0067
vn 0.9946 -0.1010 0.0245
vn 0.8736 -0.4307 0.2265
vn 0.9291 -0.2997 0.2167
vn 0.9651 -0.1910 0.1793
vn -0.0364 -0.4061 0.9131
vn -0.0421 -0.3586 0.9325
vn -0.0692 -0.2362 0.9692
vn -0.1513 -0.3356 0.9298
vn -0.1727 -0.2709 0.9470
vn -0.2285 -0.1239 0.9656
vn -0.3609 -0.1799 0.9151
vn -0.3839 -0.0946 0.9185
vn -0.4204 0.0396 0.9065
vn -0.0566 -0.4367 -0.8978
vn 0.1063 -0.5125 -0.8521
vn 0.2935 -0.5847 -0.7563
vn -0.0762 -0.8832 -0.4627
vn 0.0976 -0.8798 -0.4653
vn 0.3012 -0.8414 -0.4486
vn -0.0664 -0.9819 0.1773
vn 0.0941 -0.9922 0.0816
vn 0.2869 -0.9570 -0.0428
vn -0.2533 0.9671 0.0229
vn -0.5114 0.8481 0.1384
vn -0.6311 0.7395 0.2342
vn -0.2843 0.7497 0.5976
vn -0.5246 0.6627 0.5345
vn -0.6277 0.6138 0.4788
vn -0.2398 0.3635 0.9002
vn -0.4543 0.4174 0.7871
vn -0.5809 0.4665 0.6670
vn -0.0905 -0.5410 0.8361
vn -0.0551 -0.4582 0.8871
vn -0.0388 -0.4259 0.9040
vn -0.2620 -0.4607 0.8480
vn -0.1921 -0.3945 0.8986
vn -0.1587 -0.3668 0.9167
vn -0.5275 -0.3015 0.7942
vn -0.4453 -0.2627 0.8560
vn -0.3878 -0.2425 0.8893
vn 0.5489 -0.5733 -0.6083
vn 0.6333 -0.4823 -0.6053
vn 0.7262 -0.3759 -0.5757
vn 0.5645 -0.7320 -0.3815
vn 0.6655 -0.6687 -0.3316
vn 0.7718 -0.5802 -0.2602
vn 0.5512 -0.8272 -0.1092
vn 0.6320 -0.7749 -0.0108
vn 0.7128 -0.6952 0.0929
vn 0.0134 0.2347 -0.9720
vn 0.0429 0.3388 -0.9399
vn 0.0611 0.3828 -0.9218
vn 0.1239 0.1284 -0.9840
vn 0.1444 0.2523 -0.9568
vn 0.1618 0.3113 -0.9364
vn 0.2803 -0.0451 -0.9588
vn 0.3067 0.0794 -0.9485
vn 0.3305 0.1645 -0.9294
vn -0.9352 0.0625 0.3484
vn -0.9012 0.1025 0.4211
vn -0.8610 0.1450 0.4876
vn -0.9774 0.1632 0.1343
vn -0.9568 0.2276 0.1808
vn -0.9288 0.2943 0.2252
vn -0.9587 0.2710 -0.0866
vn -0.9338 0.3491 -0.0788
vn -0.9013 0.4278 -0.0675
vn -0.5724 0.4221 -0.7030
vn -0.4992 0.5014 -0.7067
vn -0.4473 0.5491 -0.7060
vn -0.3060 0.3760 -0.8746
vn -0.2406 0.4618 -0.8537
vn -0.2078 0.5000 -0.8407
vn -0.1241 0.3187 -0.9397
vn -0.0893 0.4126 -0.9065
vn -0.0708 0.4513 -0.8895
vn 0.2639 -0.7771 0.5713
vn 0.2853 -0.6846 0.6708
vn 0.3020 -0.6161 0.7275
vn 0.1023 -0.6780 0.7279
vn 0.1203 -0.5738 0.8101
vn 0.1338 -0.5244 0.8409
vn 0.0011 -0.5998 0.8002
vn 0.0298 -0.5082 0.8607
vn 0.0449 -0.4714 0.8808
vn 0.9735 0.1441 -0.1777
vn 0.9057 0.3399 -0.2535
vn 0.7061 0.6691 -0.2317
vn 0.9985 0.0187 0.0523
vn 0.9762 0.1597 0.1468
vn 0.7866 0.4851 0.3821
vn 0.9570 -0.0989 0.2728
vn 0.8711 -0.0486 0.4888
vn 0.6306 0.1108 0.7682
vn -0.9002 0.0707 -0.4297
vn -0.6486 -0.1706 -0.7417
vn -0.2744 -0.3464 -0.8971
vn -0.9844 -0.1633 -0.0648
vn -0.7563 -0.5862 -0.2906
vn -0.3344 -0.8385 -0.4302
vn -0.8850 -0.3051 0.3517
vn -0.6358 -0.7009 0.3232
vn -0.2601 -0.9307 0.2572
vn 0.3981 -0.5230 0.7537
vn 0.5044 -0.4654 0.7274
vn 0.6426 -0.3775 0.6668
vn 0.1785 -0.4866 0.8552
vn 0.2524 -0.4531 0.8550
vn 0.4054 -0.3791 0.8318
vn 0.0618 -0.4520 0.8899
vn 0.0987 -0.4212 0.9016
vn 0.1896 -0.3446 0.9194
vn -0.4269 0.6278 -0.6508
vn -0.4580 0.6873 -0.5638
vn -0.5041 0.7588 -0.4124
vn -0.1968 0.5455 -0.8147
vn -0.2199 0.6048 -0.7654
vn -0.2881 0.7211 -0.6301
vn -0.0596 0.4841 -0.8730
vn -0.0605 0.5323 -0.8444
vn -0.0848 0.6476 -0.7572
vt 0.928417 0.560055
vt 0.938015 0.565187
vt 0.923461 0.588776
vt 0.916220 0.581470
vt 0.948939 0.571753
vt 0.930875 0.597982
vt 0.907782 0.609349
vt 0.903519 0.599666
vt 0.911817 0.622068
vt 0.928588 0.534689
vt 0.938291 0.536520
vt 0.919318 0.556570
vt 0.949078 0.539324
vt 0.962414 0.543381
vt 0.984147 0.550411
vt 0.961298 0.579292
vt 0.938450 0.608173
vt 0.915601 0.637054
vt 0.892753 0.665935
vt 0.893760 0.640822
vt 0.892587 0.625131
vt 0.891433 0.613208
vt 0.898216 0.593822
vt 0.890848 0.605252
vt 0.908569 0.576688
vt 0.893894 0.882037
vt 0.908035 0.884106
vt 0.891664 0.913922
vt 0.879681 0.914197
vt 0.924638 0.885644
vt 0.904864 0.912525
vt 0.873225 0.943482
vt 0.863493 0.947035
vt 0.883508 0.938936
vt 0.892686 0.845462
vt 0.905453 0.849796
vt 0.881743 0.878444
vt 0.920449 0.853241
vt 0.939106 0.856911
vt 0.968070 0.863887
vt 0.943386 0.887270
vt 0.918702 0.910653
vt 0.894018 0.934036
vt 0.869333 0.957419
vt 0.861590 0.965203
vt 0.853848 0.972987
vt 0.846105 0.980770
vt 0.855259 0.947290
vt 0.838361 0.988554
vt 0.869278 0.912013
vt 0.817616 0.520275
vt 0.830604 0.522900
vt 0.826763 0.551203
vt 0.815126 0.552016
vt 0.841423 0.525696
vt 0.836932 0.551316
vt 0.825778 0.578047
vt 0.814804 0.582908
vt 0.834987 0.574731
vt 0.802673 0.481563
vt 0.825728 0.490393
vt 0.802673 0.517403
vt 0.839228 0.495888
vt 0.849650 0.500787
vt 0.858539 0.505963
vt 0.850664 0.529401
vt 0.845652 0.553255
vt 0.842426 0.574332
vt 0.840563 0.588439
vt 0.835248 0.593742
vt 0.827000 0.600649
vt 0.816477 0.609114
vt 0.802673 0.589084
vt 0.802673 0.624925
vt 0.802673 0.553244
vt 0.891386 0.552411
vt 0.900598 0.553665
vt 0.891011 0.574052
vt 0.882212 0.573457
vt 0.910010 0.554714
vt 0.900013 0.574628
vt 0.882019 0.593095
vt 0.873635 0.593400
vt 0.890654 0.592504
vt 0.891641 0.528277
vt 0.900481 0.531070
vt 0.882651 0.549985
vt 0.909665 0.532609
vt 0.919074 0.533586
vt 0.883651 0.607863
vt 0.874741 0.610299
vt 0.866330 0.611453
vt 0.866117 0.592334
vt 0.859041 0.610788
vt 0.874065 0.571702
vt 0.939427 0.404536
vt 0.934177 0.419450
vt 0.927722 0.418882
vt 0.932334 0.403378
vt 0.928292 0.434667
vt 0.922423 0.433858
vt 0.919272 0.420178
vt 0.923713 0.403712
vt 0.914934 0.434418
vt 0.952262 0.392000
vt 0.945427 0.406196
vt 0.944463 0.389769
vt 0.939377 0.420757
vt 0.933122 0.435948
vt 0.926218 0.452068
vt 0.921214 0.450409
vt 0.915568 0.448673
vt 0.909168 0.447276
vt 0.903528 0.446676
vt 0.905148 0.438204
vt 0.907358 0.425495
vt 0.910946 0.408878
vt 0.928864 0.385307
vt 0.921064 0.383076
vt 0.936663 0.387538
vt 0.852567 0.654823
vt 0.856380 0.641262
vt 0.867004 0.639588
vt 0.865019 0.653581
vt 0.860739 0.627149
vt 0.869947 0.625490
vt 0.879004 0.634763
vt 0.878507 0.649921
vt 0.880262 0.621242
vt 0.834181 0.669314
vt 0.841726 0.653160
vt 0.848824 0.668469
vt 0.847385 0.640004
vt 0.852939 0.626374
vt 0.878110 0.666780
vt 0.863467 0.667624
vt 0.924046 0.471083
vt 0.929683 0.472391
vt 0.923873 0.491323
vt 0.916773 0.490070
vt 0.935415 0.473385
vt 0.931228 0.491729
vt 0.917359 0.511599
vt 0.908953 0.510162
vt 0.926032 0.512185
vt 0.930884 0.453452
vt 0.918384 0.469358
vt 0.935344 0.455135
vt 0.939575 0.457716
vt 0.942785 0.460643
vt 0.941449 0.472680
vt 0.939004 0.490926
vt 0.934999 0.512237
vt 0.900791 0.507494
vt 0.909806 0.487844
vt 0.890751 0.423191
vt 0.891047 0.436598
vt 0.872307 0.452634
vt 0.867139 0.442801
vt 0.892319 0.447352
vt 0.877388 0.461283
vt 0.853944 0.472397
vt 0.843949 0.464998
vt 0.862310 0.479146
vt 0.891466 0.407698
vt 0.895098 0.455262
vt 0.882868 0.468677
vt 0.869877 0.485584
vt 0.832271 0.456941
vt 0.861868 0.432319
vt 0.924137 0.749267
vt 0.931877 0.752460
vt 0.930694 0.786853
vt 0.919884 0.783237
vt 0.939963 0.755463
vt 0.942492 0.790245
vt 0.927526 0.820668
vt 0.913925 0.816834
vt 0.943449 0.824516
vt 0.922754 0.712434
vt 0.927462 0.715127
vt 0.917143 0.745721
vt 0.932170 0.717821
vt 0.936879 0.720514
vt 0.941587 0.723208
vt 0.948208 0.758377
vt 0.954829 0.793547
vt 0.961449 0.828717
vt 0.902087 0.812367
vt 0.910163 0.779088
vt 0.948257 0.468165
vt 0.956035 0.460512
vt 0.956578 0.484914
vt 0.947388 0.488575
vt 0.964675 0.450250
vt 0.966662 0.480340
vt 0.954850 0.511949
vt 0.944404 0.512058
vt 0.966970 0.512190
vt 0.947395 0.452961
vt 0.954056 0.441701
vt 0.961798 0.426657
vt 0.970357 0.400196
vt 0.973804 0.437750
vt 0.977252 0.475304
vt 0.980699 0.512858
vt 0.901412 0.732600
vt 0.906271 0.737250
vt 0.893298 0.768485
vt 0.885253 0.762316
vt 0.911368 0.741672
vt 0.901450 0.774141
vt 0.880806 0.799956
vt 0.869724 0.792247
vt 0.891325 0.806728
vt 0.916072 0.699797
vt 0.917743 0.702956
vt 0.896645 0.727840
vt 0.919413 0.706116
vt 0.921083 0.709275
vt 0.881131 0.839487
vt 0.869691 0.831927
vt 0.856978 0.822966
vt 0.857789 0.783926
vt 0.838362 0.811969
vt 0.877217 0.755883
vt 0.900290 0.460256
vt 0.906509 0.463870
vt 0.895974 0.480104
vt 0.889167 0.474887
vt 0.912577 0.466920
vt 0.902880 0.484474
vt 0.885069 0.498018
vt 0.877414 0.491963
vt 0.892846 0.503343
vt 0.883210 0.523779
vt 0.875026 0.518072
vt 0.866875 0.511888
vt 0.820834 0.626228
vt 0.830078 0.616990
vt 0.834587 0.628145
vt 0.826706 0.637954
vt 0.837763 0.607370
vt 0.841749 0.616875
vt 0.840240 0.635676
vt 0.833451 0.647072
vt 0.846716 0.623064
vt 0.810550 0.636022
vt 0.843805 0.595351
vt 0.848184 0.602654
vt 0.853127 0.607895
vt 0.826304 0.658216
vt 0.818427 0.647119
vt 0.958298 0.415304
vt 0.951183 0.430564
vt 0.947712 0.425033
vt 0.954422 0.410577
vt 0.944840 0.444167
vt 0.941332 0.439611
vt 0.943811 0.422301
vt 0.950241 0.408002
vt 0.937415 0.437305
vt 0.965833 0.398147
vt 0.956786 0.394049
vt 0.961309 0.396098
vt 0.858968 0.534496
vt 0.866794 0.540274
vt 0.860032 0.563015
vt 0.853177 0.557569
vt 0.874552 0.545742
vt 0.866806 0.568050
vt 0.854070 0.584357
vt 0.848500 0.578510
vt 0.859743 0.589241
vt 0.849901 0.855225
vt 0.860641 0.864627
vt 0.852918 0.898021
vt 0.845601 0.888296
vt 0.870957 0.872548
vt 0.860572 0.906334
vt 0.845596 0.931970
vt 0.841922 0.921622
vt 0.849712 0.941290
vt 0.838377 0.844945
vt 0.838377 0.977384
vt 0.838392 0.966214
vt 0.838407 0.955044
vt 0.838407 0.910898
vt 0.838422 0.943874
vt 0.838392 0.877922
vt 0.928417 0.560055
vt 0.916220 0.581470
vt 0.938015 0.565187
vt 0.903519 0.599666
vt 0.907782 0.609349
vt 0.948939 0.571753
vt 0.938291 0.536520
vt 0.898216 0.593822
vt 0.893760 0.640822
vt 0.962414 0.543381
vt 0.949078 0.539324
vt 0.893894 0.882037
vt 0.891664 0.913922
vt 0.863493 0.947035
vt 0.873225 0.943482
vt 0.924638 0.885644
vt 0.883508 0.938936
vt 0.892686 0.845462
vt 0.869278 0.912013
vt 0.855259 0.947290
vt 0.817616 0.520275
vt 0.815127 0.552016
vt 0.826763 0.551203
vt 0.830604 0.522901
vt 0.825778 0.578047
vt 0.836932 0.551316
vt 0.841423 0.525696
vt 0.834987 0.574731
vt 0.825728 0.490393
vt 0.827000 0.600649
vt 0.835248 0.593742
vt 0.840563 0.588439
vt 0.842426 0.574332
vt 0.845652 0.553255
vt 0.850664 0.529401
vt 0.849650 0.500787
vt 0.858539 0.505963
vt 0.839228 0.495888
vt 0.891386 0.552411
vt 0.882212 0.573457
vt 0.891011 0.574052
vt 0.900598 0.553665
vt 0.873635 0.593400
vt 0.882019 0.593095
vt 0.900013 0.574628
vt 0.910010 0.554714
vt 0.890654 0.592504
vt 0.891641 0.528277
vt 0.882651 0.549985
vt 0.900481 0.531070
vt 0.874065 0.571702
vt 0.866330 0.611453
vt 0.919074 0.533586
vt 0.932334 0.403378
vt 0.927721 0.418882
vt 0.934177 0.419450
vt 0.923712 0.403712
vt 0.922423 0.433858
vt 0.928292 0.434667
vt 0.914934 0.434418
vt 0.945427 0.406196
vt 0.910946 0.408878
vt 0.907358 0.425495
vt 0.905148 0.438204
vt 0.915568 0.448673
vt 0.921214 0.450409
vt 0.933122 0.435949
vt 0.926218 0.452068
vt 0.939377 0.420757
vt 0.852567 0.654823
vt 0.867004 0.639588
vt 0.879005 0.634763
vt 0.869947 0.625490
vt 0.841726 0.653160
vt 0.847385 0.640004
vt 0.924046 0.471083
vt 0.916773 0.490071
vt 0.923873 0.491323
vt 0.908953 0.510162
vt 0.917359 0.511599
vt 0.931228 0.491729
vt 0.926032 0.512185
vt 0.918383 0.469358
vt 0.930884 0.453452
vt 0.909806 0.487844
vt 0.934999 0.512237
vt 0.939004 0.490926
vt 0.941449 0.472680
vt 0.939575 0.457716
vt 0.935344 0.455135
vt 0.890751 0.423191
vt 0.867139 0.442801
vt 0.872307 0.452634
vt 0.891047 0.436598
vt 0.843949 0.464998
vt 0.853944 0.472397
vt 0.877388 0.461283
vt 0.892319 0.447352
vt 0.862310 0.479146
vt 0.869877 0.485584
vt 0.882868 0.468677
vt 0.895098 0.455262
vt 0.924137 0.749267
vt 0.919884 0.783237
vt 0.930694 0.786853
vt 0.913925 0.816834
vt 0.927526 0.820668
vt 0.942492 0.790245
vt 0.939963 0.755463
vt 0.943449 0.824516
vt 0.917144 0.745720
vt 0.947388 0.488575
vt 0.956035 0.460512
vt 0.944404 0.512058
vt 0.954850 0.511949
vt 0.966662 0.480340
vt 0.964676 0.450250
vt 0.966970 0.512190
vt 0.947395 0.452961
vt 0.961798 0.426657
vt 0.954056 0.441701
vt 0.901412 0.732600
vt 0.885253 0.762316
vt 0.906271 0.737250
vt 0.869724 0.792247
vt 0.880806 0.799956
vt 0.901450 0.774141
vt 0.891325 0.806728
vt 0.856978 0.822966
vt 0.881131 0.839487
vt 0.900290 0.460256
vt 0.895974 0.480104
vt 0.906509 0.463870
vt 0.877414 0.491963
vt 0.912576 0.466920
vt 0.892846 0.503343
vt 0.866875 0.511888
vt 0.875027 0.518072
vt 0.883210 0.523779
vt 0.820834 0.626229
vt 0.834587 0.628145
vt 0.833451 0.647072
vt 0.840240 0.635676
vt 0.841749 0.616875
vt 0.837763 0.607370
vt 0.846716 0.623065
vt 0.848183 0.602654
vt 0.843805 0.595351
vt 0.951183 0.430564
vt 0.950241 0.408002
vt 0.943811 0.422301
vt 0.944840 0.444167
vt 0.937416 0.437305
vt 0.858968 0.534496
vt 0.853177 0.557569
vt 0.860032 0.563015
vt 0.866794 0.540274
vt 0.848500 0.578511
vt 0.854070 0.584357
vt 0.866806 0.568050
vt 0.874552 0.545742
vt 0.859743 0.589241
vt 0.849901 0.855225
vt 0.852918 0.898021
vt 0.860641 0.864627
vt 0.841922 0.921622
vt 0.845596 0.931970
vt 0.860572 0.906334
vt 0.870957 0.872548
vt 0.849711 0.941290
s 1
usemtl Material
f 3365/2497/3365 3366/2498/3366 3369/2499/3369 3368/2500/3368
f 3366/2498/3366 3367/2501/3367 3370/2502/3370 3369/2499/3369
f 3368/2500/3368 3369/2499/3369 3372/2503/3372 3371/2504/3371
f 3369/2499/3369 3370/2502/3370 3373/2505/3373 3372/2503/3372
f 3145/2506/3145 3230/2507/3230 3365/2497/3365 3176/2508/3176
f 3230/2507/3230 3231/2509/3231 3366/2498/3366 3365/2497/3365
f 3231/2509/3231 3232/2510/3232 3367/2501/3367 3366/2498/3366
f 3232/2510/3232 3146/2511/3146 3214/2512/3214 3367/2501/3367
f 3367/2501/3367 3214/2512/3214 3213/2513/3213 3370/2502/3370
f 3370/2502/3370 3213/2513/3213 3212/2514/3212 3373/2505/3373
f 3373/2505/3373 3212/2514/3212 3140/2515/3140 3181/2516/3181
f 3372/2503/3372 3373/2505/3373 3181/2516/3181 3180/2517/3180
f 3371/2504/3371 3372/2503/3372 3180/2517/3180 3179/2518/3179
f 3178/2519/3178 3371/2504/3371 3179/2518/3179 3138/2520/3138
f 3177/2521/3177 3368/2500/3368 3371/2504/3371 3178/2519/3178
f 3176/2508/3176 3365/2497/3365 3368/2500/3368 3177/2521/3177
f 3374/2522/3374 3375/2523/3375 3378/2524/3378 3377/2525/3377
f 3375/2523/3375 3376/2526/3376 3379/2527/3379 3378/2524/3378
f 3377/2525/3377 3378/2524/3378 3381/2528/3381 3380/2529/3380
f 3378/2524/3378 3379/2527/3379 3382/2530/3382 3381/2528/3381
f 3154/2531/3154 3227/2532/3227 3374/2522/3374 3268/2533/3268
f 3227/2532/3227 3228/2534/3228 3375/2523/3375 3374/2522/3374
f 3228/2534/3228 3229/2535/3229 3376/2526/3376 3375/2523/3375
f 3229/2535/3229 3147/2536/3147 3217/2537/3217 3376/2526/3376
f 3376/2526/3376 3217/2537/3217 3216/2538/3216 3379/2527/3379
f 3379/2527/3379 3216/2538/3216 3215/2539/3215 3382/2530/3382
f 3382/2530/3382 3215/2539/3215 3144/2540/3144 3190/2541/3190
f 3381/2528/3381 3382/2530/3382 3190/2541/3190 3189/2542/3189
f 3380/2529/3380 3381/2528/3381 3189/2542/3189 3188/2543/3188
f 3266/2544/3266 3380/2529/3380 3188/2543/3188 3150/2545/3150
f 3267/2546/3267 3377/2525/3377 3380/2529/3380 3266/2544/3266
f 3268/2533/3268 3374/2522/3374 3377/2525/3377 3267/2546/3267
f 3383/2547/3383 3384/2548/3384 3387/2549/3387 3386/2550/3386
f 3384/2548/3384 3385/2551/3385 3388/2552/3388 3387/2549/3387
f 3386/2550/3386 3387/2549/3387 3390/2553/3390 3389/2554/3389
f 3387/2549/3387 3388/2552/3388 3391/2555/3391 3390/2553/3390
f 3147/2556/3147 3224/2557/3224 3383/2547/3383 3217/2558/3217
f 3224/2557/3224 3225/2559/3225 3384/2548/3384 3383/2547/3383
f 3225/2559/3225 3226/2560/3226 3385/2551/3385 3384/2548/3384
f 3226/2560/3226 3148/2561/3148 3220/2562/3220 3385/2551/3385
f 3385/2551/3385 3220/2562/3220 3219/2563/3219 3388/2552/3388
f 3388/2552/3388 3219/2563/3219 3218/2564/3218 3391/2555/3391
f 3391/2555/3391 3218/2564/3218 3142/2565/3142 3199/2566/3199
f 3390/2553/3390 3391/2555/3391 3199/2566/3199 3198/2567/3198
f 3389/2554/3389 3390/2553/3390 3198/2567/3198 3197/2568/3197
f 3215/2569/3215 3389/2554/3389 3197/2568/3197 3144/2570/3144
f 3216/2571/3216 3386/2550/3386 3389/2554/3389 3215/2569/3215
f 3217/2558/3217 3383/2547/3383 3386/2550/3386 3216/2571/3216
f 3392/2572/3392 3393/2573/3393 3396/2574/3396 3395/2575/3395
f 3393/2573/3393 3394/2576/3394 3397/2577/3397 3396/2574/3396
f 3395/2575/3395 3396/2574/3396 3399/2578/3399 3398/2579/3398
f 3396/2574/3396 3397/2577/3397 3400/2580/3400 3399/2578/3399
f 3153/2581/3153 3221/2582/3221 3392/2572/3392 3265/2583/3265
f 3221/2582/3221 3222/2584/3222 3393/2573/3393 3392/2572/3392
f 3222/2584/3222 3223/2585/3223 3394/2576/3394 3393/2573/3393
f 3223/2585/3223 3145/2506/3145 3176/2508/3176 3394/2576/3394
f 3394/2576/3394 3176/2508/3176 3177/2521/3177 3397/2577/3397
f 3397/2577/3397 3177/2521/3177 3178/2519/3178 3400/2580/3400
f 3400/2580/3400 3178/2519/3178 3138/2520/3138 3208/2586/3208
f 3399/2578/3399 3400/2580/3400 3208/2586/3208 3207/2587/3207
f 3398/2579/3398 3399/2578/3399 3207/2587/3207 3206/2588/3206
f 3263/2589/3263 3398/2579/3398 3206/2588/3206 3152/2590/3152
f 3264/2591/3264 3395/2575/3395 3398/2579/3398 3263/2589/3263
f 3265/2583/3265 3392/2572/3392 3395/2575/3395 3264/2591/3264
f 3401/2592/3401 3402/2593/3402 3405/2594/3405 3404/2595/3404
f 3402/2593/3402 3403/2596/3403 3406/2597/3406 3405/2594/3405
f 3404/2595/3404 3405/2594/3405 3408/2598/3408 3407/2599/3407
f 3405/2594/3405 3406/2597/3406 3409/2600/3409 3408/2598/3408
f 3149/2601/3149 3260/2602/3260 3401/2592/3401 3235/2603/3235
f 3260/2602/3260 3261/2604/3261 3402/2593/3402 3401/2592/3401
f 3261/2604/3261 3262/2605/3262 3403/2596/3403 3402/2593/3402
f 3262/2605/3262 3151/2606/3151 3203/2607/3203 3403/2596/3403
f 3403/2596/3403 3203/2607/3203 3204/2608/3204 3406/2597/3406
f 3406/2597/3406 3204/2608/3204 3205/2609/3205 3409/2600/3409
f 3409/2600/3409 3205/2609/3205 3141/2610/3141 3194/2611/3194
f 3408/2598/3408 3409/2600/3409 3194/2611/3194 3195/2612/3195
f 3407/2599/3407 3408/2598/3408 3195/2612/3195 3196/2613/3196
f 3233/2614/3233 3407/2599/3407 3196/2613/3196 3143/2615/3143
f 3234/2616/3234 3404/2595/3404 3407/2599/3407 3233/2614/3233
f 3235/2603/3235 3401/2592/3401 3404/2595/3404 3234/2616/3234
f 3410/2617/3410 3411/2618/3411 3414/2619/3414 3413/2620/3413
f 3411/2618/3411 3412/2621/3412 3415/2622/3415 3414/2619/3414
f 3413/2620/3413 3414/2619/3414 3417/2623/3417 3416/2624/3416
f 3414/2619/3414 3415/2622/3415 3418/2625/3418 3417/2623/3417
f 3150/2626/3150 3257/2627/3257 3410/2617/3410 3238/2628/3238
f 3257/2627/3257 3258/2629/3258 3411/2618/3411 3410/2617/3410
f 3258/2629/3258 3259/2630/3259 3412/2621/3412 3411/2618/3411
f 3259/2630/3259 3152/2590/3152 3206/2588/3206 3412/2621/3412
f 3412/2621/3412 3206/2588/3206 3207/2587/3207 3415/2622/3415
f 3415/2622/3415 3207/2587/3207 3208/2586/3208 3418/2625/3418
f 3418/2625/3418 3208/2586/3208 3138/2520/3138 3179/2518/3179
f 3417/2623/3417 3418/2625/3418 3179/2518/3179 3180/2517/3180
f 3416/2624/3416 3417/2623/3417 3180/2517/3180 3181/2516/3181
f 3236/2631/3236 3416/2624/3416 3181/2516/3181 3140/2515/3140
f 3237/2632/3237 3413/2620/3413 3416/2624/3416 3236/2631/3236
f 3238/2628/3238 3410/2617/3410 3413/2620/3413 3237/2632/3237
f 3419/2633/3419 3420/2634/3420 3423/2635/3423 3422/2636/3422
f 3420/2634/3420 3421/2637/3421 3424/2638/3424 3423/2635/3423
f 3422/2636/3422 3423/2635/3423 3426/2639/3426 3425/2640/3425
f 3423/2635/3423 3424/2638/3424 3427/2641/3427 3426/2639/3426
f 3151/2606/3151 3241/2642/3241 3419/2633/3419 3256/2643/3256
f 3241/2642/3241 3240/2644/3240 3420/2634/3420 3419/2633/3419
f 3240/2644/3240 3239/2645/3239 3421/2637/3421 3420/2634/3420
f 3239/2645/3239 3137/2646/3137 3209/2647/3209 3421/2637/3421
f 3421/2637/3421 3209/2647/3209 3210/2648/3210 3424/2638/3424
f 3424/2638/3424 3210/2648/3210 3211/2649/3211 3427/2641/3427
f 3427/2641/3427 3211/2649/3211 3145/2506/3145 3223/2585/3223
f 3426/2639/3426 3427/2641/3427 3223/2585/3223 3222/2584/3222
f 3425/2640/3425 3426/2639/3426 3222/2584/3222 3221/2582/3221
f 3254/2650/3254 3425/2640/3425 3221/2582/3221 3153/2581/3153
f 3255/2651/3255 3422/2636/3422 3425/2640/3425 3254/2650/3254
f 3256/2643/3256 3419/2633/3419 3422/2636/3422 3255/2651/3255
f 3428/2652/3428 3429/2653/3429 3432/2654/3432 3431/2655/3431
f 3429/2653/3429 3430/2656/3430 3433/2657/3433 3432/2654/3432
f 3431/2655/3431 3432/2654/3432 3435/2658/3435 3434/2659/3434
f 3432/2654/3432 3433/2657/3433 3436/2660/3436 3435/2658/3435
f 3143/2615/3143 3196/2613/3196 3428/2652/3428 3193/2661/3193
f 3196/2613/3196 3195/2612/3195 3429/2653/3429 3428/2652/3428
f 3195/2612/3195 3194/2611/3194 3430/2656/3430 3429/2653/3429
f 3194/2611/3194 3141/2610/3141 3202/2662/3202 3430/2656/3430
f 3430/2656/3430 3202/2662/3202 3201/2663/3201 3433/2657/3433
f 3433/2657/3433 3201/2663/3201 3200/2664/3200 3436/2660/3436
f 3436/2660/3436 3200/2664/3200 3148/2561/3148 3226/2560/3226
f 3435/2658/3435 3436/2660/3436 3226/2560/3226 3225/2559/3225
f 3434/2659/3434 3435/2658/3435 3225/2559/3225 3224/2557/3224
f 3191/2665/3191 3434/2659/3434 3224/2557/3224 3147/2556/3147
f 3192/2666/3192 3431/2655/3431 3434/2659/3434 3191/2665/3191
f 3193/2661/3193 3428/2652/3428 3431/2655/3431 3192/2666/3192
f 3437/2667/3437 3438/2668/3438 3441/2669/3441 3440/2670/3440
f 3438/2668/3438 3439/2671/3439 3442/2672/3442 3441/2669/3441
f 3440/2670/3440 3441/2669/3441 3444/2673/3444 3443/2674/3443
f 3441/2669/3441 3442/2672/3442 3445/2675/3445 3444/2673/3444
f 3149/2676/3149 3235/2677/3235 3437/2667/3437 3253/2678/3253
f 3235/2677/3235 3234/2679/3234 3438/2668/3438 3437/2667/3437
f 3234/2679/3234 3233/2680/3233 3439/2671/3439 3438/2668/3438
f 3233/2680/3233 3143/2681/3143 3193/2682/3193 3439/2671/3439
f 3439/2671/3439 3193/2682/3193 3192/2683/3192 3442/2672/3442
f 3442/2672/3442 3192/2683/3192 3191/2684/3191 3445/2675/3445
f 3445/2675/3445 3191/2684/3191 3147/2536/3147 3229/2535/3229
f 3444/2673/3444 3445/2675/3445 3229/2535/3229 3228/2534/3228
f 3443/2674/3443 3444/2673/3444 3228/2534/3228 3227/2532/3227
f 3251/2685/3251 3443/2674/3443 3227/2532/3227 3154/2531/3154
f 3252/2686/3252 3440/2670/3440 3443/2674/3443 3251/2685/3251
f 3253/2678/3253 3437/2667/3437 3440/2670/3440 3252/2686/3252
f 3446/2687/3446 3447/2688/3447 3450/2689/3450 3449/2690/3449
f 3447/2688/3447 3448/2691/3448 3451/2692/3451 3450/2689/3450
f 3449/2690/3449 3450/2689/3450 3453/2693/3453 3452/2694/3452
f 3450/2689/3450 3451/2692/3451 3454/2695/3454 3453/2693/3453
f 3137/2646/3137 3175/2696/3175 3446/2687/3446 3209/2647/3209
f 3175/2696/3175 3174/2697/3174 3447/2688/3447 3446/2687/3446
f 3174/2697/3174 3173/2698/3173 3448/2691/3448 3447/2688/3447
f 3173/2698/3173 3139/2699/3139 3184/2700/3184 3448/2691/3448
f 3448/2691/3448 3184/2700/3184 3183/2701/3183 3451/2692/3451
f 3451/2692/3451 3183/2701/3183 3182/2702/3182 3454/2695/3454
f 3454/2695/3454 3182/2702/3182 3146/2511/3146 3232/2510/3232
f 3453/2693/3453 3454/2695/3454 3232/2510/3232 3231/2509/3231
f 3452/2694/3452 3453/2693/3453 3231/2509/3231 3230/2507/3230
f 3211/2649/3211 3452/2694/3452 3230/2507/3230 3145/2506/3145
f 3210/2648/3210 3449/2690/3449 3452/2694/3452 3211/2649/3211
f 3209/2647/3209 3446/2687/3446 3449/2690/3449 3210/2648/3210
f 3455/2703/3455 3456/2704/3456 3459/2705/3459 3458/2706/3458
f 3456/2704/3456 3457/2707/3457 3460/2708/3460 3459/2705/3459
f 3458/2706/3458 3459/2705/3459 3462/2709/3462 3461/2710/3461
f 3459/2705/3459 3460/2708/3460 3463/2711/3463 3462/2709/3462
f 3139/2712/3139 3187/2713/3187 3455/2703/3455 3184/2714/3184
f 3187/2713/3187 3186/2715/3186 3456/2704/3456 3455/2703/3455
f 3186/2715/3186 3185/2716/3185 3457/2707/3457 3456/2704/3456
f 3185/2716/3185 3149/2676/3149 3253/2678/3253 3457/2707/3457
f 3457/2707/3457 3253/2678/3253 3252/2686/3252 3460/2708/3460
f 3460/2708/3460 3252/2686/3252 3251/2685/3251 3463/2711/3463
f 3463/2711/3463 3251/2685/3251 3154/2531/3154 3250/2717/3250
f 3462/2709/3462 3463/2711/3463 3250/2717/3250 3249/2718/3249
f 3461/2710/3461 3462/2709/3462 3249/2718/3249 3248/2719/3248
f 3182/2720/3182 3461/2710/3461 3248/2719/3248 3146/2721/3146
f 3183/2722/3183 3458/2706/3458 3461/2710/3461 3182/2720/3182
f 3184/2714/3184 3455/2703/3455 3458/2706/3458 3183/2722/3183
f 3464/2723/3464 3465/2724/3465 3468/2725/3468 3467/2726/3467
f 3465/2724/3465 3466/2727/3466 3469/2728/3469 3468/2725/3468
f 3467/2726/3467 3468/2725/3468 3471/2729/3471 3470/2730/3470
f 3468/2725/3468 3469/2728/3469 3472/2731/3472 3471/2729/3471
f 3141/2610/3141 3205/2609/3205 3464/2723/3464 3202/2662/3202
f 3205/2609/3205 3204/2608/3204 3465/2724/3465 3464/2723/3464
f 3204/2608/3204 3203/2607/3203 3466/2727/3466 3465/2724/3465
f 3203/2607/3203 3151/2606/3151 3256/2643/3256 3466/2727/3466
f 3466/2727/3466 3256/2643/3256 3255/2651/3255 3469/2728/3469
f 3469/2728/3469 3255/2651/3255 3254/2650/3254 3472/2731/3472
f 3472/2731/3472 3254/2650/3254 3153/2581/3153 3247/2732/3247
f 3471/2729/3471 3472/2731/3472 3247/2732/3247 3246/2733/3246
f 3470/2730/3470 3471/2729/3471 3246/2733/3246 3245/2734/3245
f 3200/2664/3200 3470/2730/3470 3245/2734/3245 3148/2561/3148
f 3201/2663/3201 3467/2726/3467 3470/2730/3470 3200/2664/3200
f 3202/2662/3202 3464/2723/3464 3467/2726/3467 3201/2663/3201
f 3473/2735/3473 3474/2736/3474 3477/2737/3477 3476/2738/3476
f 3474/2736/3474 3475/2739/3475 3478/2740/3478 3477/2737/3477
f 3476/2738/3476 3477/2737/3477 3480/2741/3480 3479/2742/3479
f 3477/2737/3477 3478/2740/3478 3481/2743/3481 3480/2741/3480
f 3144/2570/3144 3197/2568/3197 3473/2735/3473 3190/2744/3190
f 3197/2568/3197 3198/2567/3198 3474/2736/3474 3473/2735/3473
f 3198/2567/3198 3199/2566/3199 3475/2739/3475 3474/2736/3474
f 3199/2566/3199 3142/2565/3142 3242/2745/3242 3475/2739/3475
f 3475/2739/3475 3242/2745/3242 3243/2746/3243 3478/2740/3478
f 3478/2740/3478 3243/2746/3243 3244/2747/3244 3481/2743/3481
f 3481/2743/3481 3244/2747/3244 3152/2590/3152 3259/2630/3259
f 3480/2741/3480 3481/2743/3481 3259/2630/3259 3258/2629/3258
f 3479/2742/3479 3480/2741/3480 3258/2629/3258 3257/2627/3257
f 3188/2748/3188 3479/2742/3479 3257/2627/3257 3150/2626/3150
f 3189/2749/3189 3476/2738/3476 3479/2742/3479 3188/2748/3188
f 3190/2744/3190 3473/2735/3473 3476/2738/3476 3189/2749/3189
f 3482/2750/3482 3483/2751/3483 3486/2752/3486 3485/2753/3485
f 3483/2751/3483 3484/2754/3484 3487/2755/3487 3486/2752/3486
f 3485/2753/3485 3486/2752/3486 3489/2756/3489 3488/2757/3488
f 3486/2752/3486 3487/2755/3487 3490/2758/3490 3489/2756/3489
f 3139/2699/3139 3173/2698/3173 3482/2750/3482 3187/2759/3187
f 3173/2698/3173 3174/2697/3174 3483/2751/3483 3482/2750/3482
f 3174/2697/3174 3175/2696/3175 3484/2754/3484 3483/2751/3483
f 3175/2696/3175 3137/2646/3137 3239/2645/3239 3484/2754/3484
f 3484/2754/3484 3239/2645/3239 3240/2644/3240 3487/2755/3487
f 3487/2755/3487 3240/2644/3240 3241/2642/3241 3490/2758/3490
f 3490/2758/3490 3241/2642/3241 3151/2606/3151 3262/2605/3262
f 3489/2756/3489 3490/2758/3490 3262/2605/3262 3261/2604/3261
f 3488/2757/3488 3489/2756/3489 3261/2604/3261 3260/2602/3260
f 3185/2760/3185 3488/2757/3488 3260/2602/3260 3149/2601/3149
f 3186/2761/3186 3485/2753/3485 3488/2757/3488 3185/2760/3185
f 3187/2759/3187 3482/2750/3482 3485/2753/3485 3186/2761/3186
f 3491/2762/3491 3492/2763/3492 3495/2764/3495 3494/2765/3494
f 3492/2763/3492 3493/2766/3493 3496/2767/3496 3495/2764/3495
f 3494/2765/3494 3495/2764/3495 3498/2768/3498 3497/2769/3497
f 3495/2764/3495 3496/2767/3496 3499/2770/3499 3498/2768/3498
f 3148/2561/3148 3245/2734/3245 3491/2762/3491 3220/2562/3220
f 3245/2734/3245 3246/2733/3246 3492/2763/3492 3491/2762/3491
f 3246/2733/3246 3247/2732/3247 3493/2766/3493 3492/2763/3492
f 3247/2732/3247 3153/2581/3153 3265/2583/3265 3493/2766/3493
f 3493/2766/3493 3265/2583/3265 3264/2591/3264 3496/2767/3496
f 3496/2767/3496 3264/2591/3264 3263/2589/3263 3499/2770/3499
f 3499/2770/3499 3263/2589/3263 3152/2590/3152 3244/2747/3244
f 3498/2768/3498 3499/2770/3499 3244/2747/3244 3243/2746/3243
f 3497/2769/3497 3498/2768/3498 3243/2746/3243 3242/2745/3242
f 3218/2564/3218 3497/2769/3497 3242/2745/3242 3142/2565/3142
f 3219/2563/3219 3494/2765/3494 3497/2769/3497 3218/2564/3218
f 3220/2562/3220 3491/2762/3491 3494/2765/3494 3219/2563/3219
f 3500/2771/3500 3501/2772/3501 3504/2773/3504 3503/2774/3503
f 3501/2772/3501 3502/2775/3502 3505/2776/3505 3504/2773/3504
f 3503/2774/3503 3504/2773/3504 3507/2777/3507 3506/2778/3506
f 3504/2773/3504 3505/2776/3505 3508/2779/3508 3507/2777/3507
f 3146/2721/3146 3248/2719/3248 3500/2771/3500 3214/2780/3214
f 3248/2719/3248 3249/2718/3249 3501/2772/3501 3500/2771/3500
f 3249/2718/3249 3250/2717/3250 3502/2775/3502 3501/2772/3501
f 3250/2717/3250 3154/2531/3154 3268/2533/3268 3502/2775/3502
f 3502/2775/3502 3268/2533/3268 3267/2546/3267 3505/2776/3505
f 3505/2776/3505 3267/2546/3267 3266/2544/3266 3508/2779/3508
f 3508/2779/3508 3266/2544/3266 3150/2545/3150 3238/2781/3238
f 3507/2777/3507 3508/2779/3508 3238/2781/3238 3237/2782/3237
f 3506/2778/3506 3507/2777/3507 3237/2782/3237 3236/2783/3236
f 3212/2784/3212 3506/2778/3506 3236/2783/3236 3140/2785/3140
f 3213/2786/3213 3503/2774/3503 3506/2778/3506 3212/2784/3212
f 3214/2780/3214 3500/2771/3500 3503/2774/3503 3213/2786/3213
f 3509/2787/3509 3510/2788/3510 3513/2499/3513 3512/2789/3512
f 3510/2788/3510 3511/2790/3511 3514/2791/3514 3513/2499/3513
f 3512/2789/3512 3513/2499/3513 3516/2502/3516 3515/2792/3515
f 3513/2499/3513 3514/2791/3514 3517/2505/3517 3516/2502/3516
f 3163/2506/3163 3272/2508/3272 3509/2787/3509 3326/2793/3326
f 3272/2508/3272 3273/2521/3273 3510/2788/3510 3509/2787/3509
f 3273/2521/3273 3274/2794/3274 3511/2790/3511 3510/2788/3510
f 3274/2794/3274 3156/2520/3156 3275/2518/3275 3511/2790/3511
f 3511/2790/3511 3275/2518/3275 3276/2517/3276 3514/2791/3514
f 3514/2791/3514 3276/2517/3276 3277/2795/3277 3517/2505/3517
f 3517/2505/3517 3277/2795/3277 3158/2515/3158 3308/2514/3308
f 3516/2502/3516 3517/2505/3517 3308/2514/3308 3309/2513/3309
f 3515/2792/3515 3516/2502/3516 3309/2513/3309 3310/2512/3310
f 3328/2796/3328 3515/2792/3515 3310/2512/3310 3164/2511/3164
f 3327/2797/3327 3512/2789/3512 3515/2792/3515 3328/2796/3328
f 3326/2793/3326 3509/2787/3509 3512/2789/3512 3327/2797/3327
f 3518/2798/3518 3519/2525/3519 3522/2799/3522 3521/2523/3521
f 3519/2525/3519 3520/2800/3520 3523/2801/3523 3522/2799/3522
f 3521/2523/3521 3522/2799/3522 3525/2527/3525 3524/2802/3524
f 3522/2799/3522 3523/2801/3523 3526/2803/3526 3525/2527/3525
f 3172/2804/3172 3364/2533/3364 3518/2798/3518 3323/2532/3323
f 3364/2533/3364 3363/2805/3363 3519/2525/3519 3518/2798/3518
f 3363/2805/3363 3362/2806/3362 3520/2800/3520 3519/2525/3519
f 3362/2806/3362 3168/2545/3168 3284/2543/3284 3520/2800/3520
f 3520/2800/3520 3284/2543/3284 3285/2542/3285 3523/2801/3523
f 3523/2801/3523 3285/2542/3285 3286/2541/3286 3526/2803/3526
f 3526/2803/3526 3286/2541/3286 3162/2540/3162 3311/2539/3311
f 3525/2527/3525 3526/2803/3526 3311/2539/3311 3312/2538/3312
f 3524/2802/3524 3525/2527/3525 3312/2538/3312 3313/2537/3313
f 3325/2535/3325 3524/2802/3524 3313/2537/3313 3165/2536/3165
f 3324/2534/3324 3521/2523/3521 3524/2802/3524 3325/2535/3325
f 3323/2532/3323 3518/2798/3518 3521/2523/3521 3324/2534/3324
f 3527/2807/3527 3528/2808/3528 3531/2809/3531 3530/2810/3530
f 3528/2808/3528 3529/2554/3529 3532/2811/3532 3531/2809/3531
f 3530/2810/3530 3531/2809/3531 3534/2812/3534 3533/2813/3533
f 3531/2809/3531 3532/2811/3532 3535/2814/3535 3534/2812/3534
f 3165/2556/3165 3313/2558/3313 3527/2807/3527 3320/2815/3320
f 3313/2558/3313 3312/2571/3312 3528/2808/3528 3527/2807/3527
f 3312/2571/3312 3311/2569/3311 3529/2554/3529 3528/2808/3528
f 3311/2569/3311 3162/2570/3162 3293/2568/3293 3529/2554/3529
f 3529/2554/3529 3293/2568/3293 3294/2816/3294 3532/2811/3532
f 3532/2811/3532 3294/2816/3294 3295/2817/3295 3535/2814/3535
f 3535/2814/3535 3295/2817/3295 3160/2818/3160 3314/2819/3314
f 3534/2812/3534 3535/2814/3535 3314/2819/3314 3315/2820/3315
f 3533/2813/3533 3534/2812/3534 3315/2820/3315 3316/2821/3316
f 3322/2822/3322 3533/2813/3533 3316/2821/3316 3166/2823/3166
f 3321/2824/3321 3530/2810/3530 3533/2813/3533 3322/2822/3322
f 3320/2815/3320 3527/2807/3527 3530/2810/3530 3321/2824/3321
f 3536/2825/3536 3537/2826/3537 3540/2827/3540 3539/2828/3539
f 3537/2826/3537 3538/2829/3538 3541/2830/3541 3540/2827/3540
f 3539/2828/3539 3540/2827/3540 3543/2831/3543 3542/2832/3542
f 3540/2827/3540 3541/2830/3541 3544/2833/3544 3543/2831/3543
f 3171/2834/3171 3361/2835/3361 3536/2825/3536 3317/2836/3317
f 3361/2835/3361 3360/2837/3360 3537/2826/3537 3536/2825/3536
f 3360/2837/3360 3359/2589/3359 3538/2829/3538 3537/2826/3537
f 3359/2589/3359 3170/2590/3170 3302/2838/3302 3538/2829/3538
f 3538/2829/3538 3302/2838/3302 3303/2587/3303 3541/2830/3541
f 3541/2830/3541 3303/2587/3303 3304/2586/3304 3544/2833/3544
f 3544/2833/3544 3304/2586/3304 3156/2520/3156 3274/2794/3274
f 3543/2831/3543 3544/2833/3544 3274/2794/3274 3273/2521/3273
f 3542/2832/3542 3543/2831/3543 3273/2521/3273 3272/2508/3272
f 3319/2839/3319 3542/2832/3542 3272/2508/3272 3163/2506/3163
f 3318/2584/3318 3539/2828/3539 3542/2832/3542 3319/2839/3319
f 3317/2836/3317 3536/2825/3536 3539/2828/3539 3318/2584/3318
f 3545/2592/3545 3546/2840/3546 3549/2841/3549 3548/2842/3548
f 3546/2840/3546 3547/2843/3547 3550/2598/3550 3549/2841/3549
f 3548/2842/3548 3549/2841/3549 3552/2844/3552 3551/2845/3551
f 3549/2841/3549 3550/2598/3550 3553/2846/3553 3552/2844/3552
f 3167/2601/3167 3331/2603/3331 3545/2592/3545 3356/2847/3356
f 3331/2603/3331 3330/2616/3330 3546/2840/3546 3545/2592/3545
f 3330/2616/3330 3329/2614/3329 3547/2843/3547 3546/2840/3546
f 3329/2614/3329 3161/2615/3161 3292/2848/3292 3547/2843/3547
f 3547/2843/3547 3292/2848/3292 3291/2849/3291 3550/2598/3550
f 3550/2598/3550 3291/2849/3291 3290/2850/3290 3553/2846/3553
f 3553/2846/3553 3290/2850/3290 3159/2610/3159 3301/2609/3301
f 3552/2844/3552 3553/2846/3553 3301/2609/3301 3300/2851/3300
f 3551/2845/3551 3552/2844/3552 3300/2851/3300 3299/2852/3299
f 3358/2853/3358 3551/2845/3551 3299/2852/3299 3169/2854/3169
f 3357/2855/3357 3548/2842/3548 3551/2845/3551 3358/2853/3358
f 3356/2847/3356 3545/2592/3545 3548/2842/3548 3357/2855/3357
f 3554/2856/3554 3555/2620/3555 3558/2857/3558 3557/2618/3557
f 3555/2620/3555 3556/2624/3556 3559/2858/3559 3558/2857/3558
f 3557/2618/3557 3558/2857/3558 3561/2859/3561 3560/2621/3560
f 3558/2857/3558 3559/2858/3559 3562/2625/3562 3561/2859/3561
f 3168/2626/3168 3334/2628/3334 3554/2856/3554 3353/2860/3353
f 3334/2628/3334 3333/2632/3333 3555/2620/3555 3554/2856/3554
f 3333/2632/3333 3332/2631/3332 3556/2624/3556 3555/2620/3555
f 3332/2631/3332 3158/2515/3158 3277/2795/3277 3556/2624/3556
f 3556/2624/3556 3277/2795/3277 3276/2517/3276 3559/2858/3559
f 3559/2858/3559 3276/2517/3276 3275/2518/3275 3562/2625/3562
f 3562/2625/3562 3275/2518/3275 3156/2520/3156 3304/2586/3304
f 3561/2859/3561 3562/2625/3562 3304/2586/3304 3303/2587/3303
f 3560/2621/3560 3561/2859/3561 3303/2587/3303 3302/2838/3302
f 3355/2630/3355 3560/2621/3560 3302/2838/3302 3170/2590/3170
f 3354/2861/3354 3557/2618/3557 3560/2621/3560 3355/2630/3355
f 3353/2860/3353 3554/2856/3554 3557/2618/3557 3354/2861/3354
f 3563/2862/3563 3564/2863/3564 3567/2864/3567 3566/2634/3566
f 3564/2863/3564 3565/2865/3565 3568/2866/3568 3567/2864/3567
f 3566/2634/3566 3567/2864/3567 3570/2867/3570 3569/2637/3569
f 3567/2864/3567 3568/2866/3568 3571/2868/3571 3570/2867/3570
f 3169/2854/3169 3352/2869/3352 3563/2862/3563 3337/2870/3337
f 3352/2869/3352 3351/2871/3351 3564/2863/3564 3563/2862/3563
f 3351/2871/3351 3350/2650/3350 3565/2865/3565 3564/2863/3564
f 3350/2650/3350 3171/2834/3171 3317/2836/3317 3565/2865/3565
f 3565/2865/3565 3317/2836/3317 3318/2584/3318 3568/2866/3568
f 3568/2866/3568 3318/2584/3318 3319/2839/3319 3571/2868/3571
f 3571/2868/3571 3319/2839/3319 3163/2506/3163 3307/2872/3307
f 3570/2867/3570 3571/2868/3571 3307/2872/3307 3306/2873/3306
f 3569/2637/3569 3570/2867/3570 3306/2873/3306 3305/2874/3305
f 3335/2875/3335 3569/2637/3569 3305/2874/3305 3155/2646/3155
f 3336/2876/3336 3566/2634/3566 3569/2637/3569 3335/2875/3335
f 3337/2870/3337 3563/2862/3563 3566/2634/3566 3336/2876/3336
f 3572/2877/3572 3573/2878/3573 3576/2879/3576 3575/2880/3575
f 3573/2878/3573 3574/2881/3574 3577/2882/3577 3576/2879/3576
f 3575/2880/3575 3576/2879/3576 3579/2883/3579 3578/2884/3578
f 3576/2879/3576 3577/2882/3577 3580/2885/3580 3579/2883/3579
f 3161/2615/3161 3289/2661/3289 3572/2877/3572 3292/2848/3292
f 3289/2661/3289 3288/2666/3288 3573/2878/3573 3572/2877/3572
f 3288/2666/3288 3287/2665/3287 3574/2881/3574 3573/2878/3573
f 3287/2665/3287 3165/2556/3165 3320/2815/3320 3574/2881/3574
f 3574/2881/3574 3320/2815/3320 3321/2824/3321 3577/2882/3577
f 3577/2882/3577 3321/2824/3321 3322/2822/3322 3580/2885/3580
f 3580/2885/3580 3322/2822/3322 3166/2823/3166 3296/2886/3296
f 3579/2883/3579 3580/2885/3580 3296/2886/3296 3297/2887/3297
f 3578/2884/3578 3579/2883/3579 3297/2887/3297 3298/2888/3298
f 3290/2850/3290 3578/2884/3578 3298/2888/3298 3159/2610/3159
f 3291/2849/3291 3575/2880/3575 3578/2884/3578 3290/2850/3290
f 3292/2848/3292 3572/2877/3572 3575/2880/3575 3291/2849/3291
f 3581/2889/3581 3582/2890/3582 3585/2891/3585 3584/2668/3584
f 3582/2890/3582 3583/2892/3583 3586/2893/3586 3585/2891/3585
f 3584/2668/3584 3585/2891/3585 3588/2894/3588 3587/2895/3587
f 3585/2891/3585 3586/2893/3586 3589/2896/3589 3588/2894/3588
f 3167/2676/3167 3349/2897/3349 3581/2889/3581 3331/2677/3331
f 3349/2897/3349 3348/2686/3348 3582/2890/3582 3581/2889/3581
f 3348/2686/3348 3347/2685/3347 3583/2892/3583 3582/2890/3582
f 3347/2685/3347 3172/2804/3172 3323/2532/3323 3583/2892/3583
f 3583/2892/3583 3323/2532/3323 3324/2534/3324 3586/2893/3586
f 3586/2893/3586 3324/2534/3324 3325/2535/3325 3589/2896/3589
f 3589/2896/3589 3325/2535/3325 3165/2536/3165 3287/2684/3287
f 3588/2894/3588 3589/2896/3589 3287/2684/3287 3288/2683/3288
f 3587/2895/3587 3588/2894/3588 3288/2683/3288 3289/2682/3289
f 3329/2680/3329 3587/2895/3587 3289/2682/3289 3161/2681/3161
f 3330/2679/3330 3584/2668/3584 3587/2895/3587 3329/2680/3329
f 3331/2677/3331 3581/2889/3581 3584/2668/3584 3330/2679/3330
f 3590/2687/3590 3591/2898/3591 3594/2689/3594 3593/2899/3593
f 3591/2898/3591 3592/2900/3592 3595/2901/3595 3594/2689/3594
f 3593/2899/3593 3594/2689/3594 3597/2902/3597 3596/2903/3596
f 3594/2689/3594 3595/2901/3595 3598/2904/3598 3597/2902/3597
f 3155/2646/3155 3305/2874/3305 3590/2687/3590 3271/2905/3271
f 3305/2874/3305 3306/2873/3306 3591/2898/3591 3590/2687/3590
f 3306/2873/3306 3307/2872/3307 3592/2900/3592 3591/2898/3591
f 3307/2872/3307 3163/2506/3163 3326/2793/3326 3592/2900/3592
f 3592/2900/3592 3326/2793/3326 3327/2797/3327 3595/2901/3595
f 3595/2901/3595 3327/2797/3327 3328/2796/3328 3598/2904/3598
f 3598/2904/3598 3328/2796/3328 3164/2511/3164 3278/2702/3278
f 3597/2902/3597 3598/2904/3598 3278/2702/3278 3279/2701/3279
f 3596/2903/3596 3597/2902/3597 3279/2701/3279 3280/2700/3280
f 3269/2906/3269 3596/2903/3596 3280/2700/3280 3157/2699/3157
f 3270/2907/3270 3593/2899/3593 3596/2903/3596 3269/2906/3269
f 3271/2905/3271 3590/2687/3590 3593/2899/3593 3270/2907/3270
f 3599/2908/3599 3600/2909/3600 3603/2705/3603 3602/2910/3602
f 3600/2909/3600 3601/2911/3601 3604/2912/3604 3603/2705/3603
f 3602/2910/3602 3603/2705/3603 3606/2913/3606 3605/2707/3605
f 3603/2705/3603 3604/2912/3604 3607/2914/3607 3606/2913/3606
f 3157/2712/3157 3280/2714/3280 3599/2908/3599 3283/2713/3283
f 3280/2714/3280 3279/2722/3279 3600/2909/3600 3599/2908/3599
f 3279/2722/3279 3278/2720/3278 3601/2911/3601 3600/2909/3600
f 3278/2720/3278 3164/2721/3164 3344/2915/3344 3601/2911/3601
f 3601/2911/3601 3344/2915/3344 3345/2718/3345 3604/2912/3604
f 3604/2912/3604 3345/2718/3345 3346/2916/3346 3607/2914/3607
f 3607/2914/3607 3346/2916/3346 3172/2804/3172 3347/2685/3347
f 3606/2913/3606 3607/2914/3607 3347/2685/3347 3348/2686/3348
f 3605/2707/3605 3606/2913/3606 3348/2686/3348 3349/2897/3349
f 3281/2716/3281 3605/2707/3605 3349/2897/3349 3167/2676/3167
f 3282/2715/3282 3602/2910/3602 3605/2707/3605 3281/2716/3281
f 3283/2713/3283 3599/2908/3599 3602/2910/3602 3282/2715/3282
f 3608/2917/3608 3609/2726/3609 3612/2918/3612 3611/2919/3611
f 3609/2726/3609 3610/2920/3610 3613/2729/3613 3612/2918/3612
f 3611/2919/3611 3612/2918/3612 3615/2728/3615 3614/2921/3614
f 3612/2918/3612 3613/2729/3613 3616/2922/3616 3615/2728/3615
f 3159/2610/3159 3298/2888/3298 3608/2917/3608 3301/2609/3301
f 3298/2888/3298 3297/2887/3297 3609/2726/3609 3608/2917/3608
f 3297/2887/3297 3296/2886/3296 3610/2920/3610 3609/2726/3609
f 3296/2886/3296 3166/2823/3166 3341/2923/3341 3610/2920/3610
f 3610/2920/3610 3341/2923/3341 3342/2924/3342 3613/2729/3613
f 3613/2729/3613 3342/2924/3342 3343/2925/3343 3616/2922/3616
f 3616/2922/3616 3343/2925/3343 3171/2834/3171 3350/2650/3350
f 3615/2728/3615 3616/2922/3616 3350/2650/3350 3351/2871/3351
f 3614/2921/3614 3615/2728/3615 3351/2871/3351 3352/2869/3352
f 3299/2852/3299 3614/2921/3614 3352/2869/3352 3169/2854/3169
f 3300/2851/3300 3611/2919/3611 3614/2921/3614 3299/2852/3299
f 3301/2609/3301 3608/2917/3608 3611/2919/3611 3300/2851/3300
f 3617/2926/3617 3618/2738/3618 3621/2927/3621 3620/2736/3620
f 3618/2738/3618 3619/2928/3619 3622/2929/3622 3621/2927/3621
f 3620/2736/3620 3621/2927/3621 3624/2930/3624 3623/2931/3623
f 3621/2927/3621 3622/2929/3622 3625/2932/3625 3624/2930/3624
f 3162/2570/3162 3286/2744/3286 3617/2926/3617 3293/2568/3293
f 3286/2744/3286 3285/2749/3285 3618/2738/3618 3617/2926/3617
f 3285/2749/3285 3284/2748/3284 3619/2928/3619 3618/2738/3618
f 3284/2748/3284 3168/2626/3168 3353/2860/3353 3619/2928/3619
f 3619/2928/3619 3353/2860/3353 3354/2861/3354 3622/2929/3622
f 3622/2929/3622 3354/2861/3354 3355/2630/3355 3625/2932/3625
f 3625/2932/3625 3355/2630/3355 3170/2590/3170 3340/2747/3340
f 3624/2930/3624 3625/2932/3625 3340/2747/3340 3339/2933/3339
f 3623/2931/3623 3624/2930/3624 3339/2933/3339 3338/2934/3338
f 3295/2817/3295 3623/2931/3623 3338/2934/3338 3160/2818/3160
f 3294/2816/3294 3620/2736/3620 3623/2931/3623 3295/2817/3295
f 3293/2568/3293 3617/2926/3617 3620/2736/3620 3294/2816/3294
f 3626/2750/3626 3627/2753/3627 3630/2752/3630 3629/2935/3629
f 3627/2753/3627 3628/2936/3628 3631/2937/3631 3630/2752/3630
f 3629/2935/3629 3630/2752/3630 3633/2755/3633 3632/2938/3632
f 3630/2752/3630 3631/2937/3631 3634/2939/3634 3633/2755/3633
f 3157/2699/3157 3283/2759/3283 3626/2750/3626 3269/2906/3269
f 3283/2759/3283 3282/2761/3282 3627/2753/3627 3626/2750/3626
f 3282/2761/3282 3281/2760/3281 3628/2936/3628 3627/2753/3627
f 3281/2760/3281 3167/2601/3167 3356/2847/3356 3628/2936/3628
f 3628/2936/3628 3356/2847/3356 3357/2855/3357 3631/2937/3631
f 3631/2937/3631 3357/2855/3357 3358/2853/3358 3634/2939/3634
f 3634/2939/3634 3358/2853/3358 3169/2854/3169 3337/2870/3337
f 3633/2755/3633 3634/2939/3634 3337/2870/3337 3336/2876/3336
f 3632/2938/3632 3633/2755/3633 3336/2876/3336 3335/2875/3335
f 3271/2905/3271 3632/2938/3632 3335/2875/3335 3155/2646/3155
f 3270/2907/3270 3629/2935/3629 3632/2938/3632 3271/2905/3271
f 3269/2906/3269 3626/2750/3626 3629/2935/3629 3270/2907/3270
f 3635/2940/3635 3636/2941/3636 3639/2942/3639 3638/2943/3638
f 3636/2941/3636 3637/2944/3637 3640/2945/3640 3639/2942/3639
f 3638/2943/3638 3639/2942/3639 3642/2946/3642 3641/2947/3641
f 3639/2942/3639 3640/2945/3640 3643/2948/3643 3642/2946/3642
f 3166/2823/3166 3316/2821/3316 3635/2940/3635 3341/2923/3341
f 3316/2821/3316 3315/2820/3315 3636/2941/3636 3635/2940/3635
f 3315/2820/3315 3314/2819/3314 3637/2944/3637 3636/2941/3636
f 3314/2819/3314 3160/2818/3160 3338/2934/3338 3637/2944/3637
f 3637/2944/3637 3338/2934/3338 3339/2933/3339 3640/2945/3640
f 3640/2945/3640 3339/2933/3339 3340/2747/3340 3643/2948/3643
f 3643/2948/3643 3340/2747/3340 3170/2590/3170 3359/2589/3359
f 3642/2946/3642 3643/2948/3643 3359/2589/3359 3360/2837/3360
f 3641/2947/3641 3642/2946/3642 3360/2837/3360 3361/2835/3361
f 3343/2925/3343 3641/2947/3641 3361/2835/3361 3171/2834/3171
f 3342/2924/3342 3638/2943/3638 3641/2947/3641 3343/2925/3343
f 3341/2923/3341 3635/2940/3635 3638/2943/3638 3342/2924/3342
f 3644/2949/3644 3645/2774/3645 3648/2950/3648 3647/2951/3647
f 3645/2774/3645 3646/2952/3646 3649/2953/3649 3648/2950/3648
f 3647/2951/3647 3648/2950/3648 3651/2954/3651 3650/2955/3650
f 3648/2950/3648 3649/2953/3649 3652/2956/3652 3651/2954/3651
f 3164/2721/3164 3310/2780/3310 3644/2949/3644 3344/2915/3344
f 3310/2780/3310 3309/2786/3309 3645/2774/3645 3644/2949/3644
f 3309/2786/3309 3308/2784/3308 3646/2952/3646 3645/2774/3645
f 3308/2784/3308 3158/2785/3158 3332/2783/3332 3646/2952/3646
f 3646/2952/3646 3332/2783/3332 3333/2782/3333 3649/2953/3649
f 3649/2953/3649 3333/2782/3333 3334/2781/3334 3652/2956/3652
f 3652/2956/3652 3334/2781/3334 3168/2545/3168 3362/2806/3362
f 3651/2954/3651 3652/2956/3652 3362/2806/3362 3363/2805/3363
f 3650/2955/3650 3651/2954/3651 3363/2805/3363 3364/2533/3364
f 3346/2916/3346 3650/2955/3650 3364/2533/3364 3172/2804/3172
f 3345/2718/3345 3647/2951/3647 3650/2955/3650 3346/2916/3346
f 3344/2915/3344 3644/2949/3644 3647/2951/3647 3345/2718/3345
o body
v -0.289241 1.747266 0.355611
v -0.180883 2.206176 -0.000861
v -0.310664 1.395461 -0.399641
v -0.180883 2.158179 -0.413195
v 0.289191 1.747266 0.355611
v 0.180392 2.206176 -0.000861
v 0.310614 1.395461 -0.399641
v 0.180392 2.158179 -0.413195
v -0.280214 1.985798 0.189052
v -0.280214 1.793283 -0.469476
v 0.278975 1.793283 -0.469475
v 0.278975 1.985798 0.189052
v -0.504682 1.556961 -0.008367
v -0.246480 2.214513 -0.212101
v 0.504482 1.556961 -0.008367
v 0.245172 2.214513 -0.212101
v 0.467538 1.885405 -0.125007
v -0.472493 1.885405 -0.125007
v -0.377152 1.374381 0.153811
v -0.173585 1.598544 0.530356
v 0.265995 1.234094 -0.184150
v -0.265926 1.234094 -0.184150
v 0.377429 1.374381 0.153811
v 0.173635 1.598831 0.530368
v -0.121932 1.258496 0.281807
v -0.070396 1.398885 0.506174
v 0.114785 1.195855 0.043085
v -0.114785 1.195855 0.043085
v 0.121932 1.258496 0.281807
v 0.070396 1.400028 0.506266
v -0.099702 1.550588 0.686108
v 0.099702 1.559122 0.683061
v 0.055043 1.404926 0.688606
v -0.055043 1.369873 0.698169
v -0.080741 1.666053 0.757052
v 0.080741 1.651391 0.756478
v 0.044575 1.534366 0.787587
v -0.044575 1.531688 0.790412
v -0.026641 1.599198 0.953814
v 0.026641 1.595223 0.934933
v 0.016453 1.561333 0.939284
v -0.016453 1.562127 0.958333
v 0.057512 1.402081 0.607346
v -0.057512 1.383304 0.608966
v 0.104174 1.559227 0.640833
v -0.104174 1.552803 0.641493
v -0.104174 1.582226 0.617475
v 0.104174 1.584622 0.617580
v 0.057512 1.421597 0.571184
v -0.057512 1.414739 0.570629
v -0.035059 1.570920 0.853442
v -0.063504 1.669134 0.826961
v 0.063504 1.653188 0.819064
v 0.035059 1.565848 0.844973
v -0.490135 1.610757 0.102248
v -0.453292 1.663506 0.203650
v -0.388284 1.710559 0.290038
v -0.265761 2.055778 0.137168
v -0.244328 2.121172 0.083654
v -0.212931 2.174122 0.034303
v -0.243918 2.209033 -0.274596
v -0.232499 2.198622 -0.332767
v -0.208624 2.179628 -0.381646
v -0.291756 1.678189 -0.466908
v -0.300916 1.570822 -0.454582
v -0.307338 1.475231 -0.432244
v 0.167296 1.378373 -0.444683
v -0.000006 1.372676 -0.459697
v -0.167318 1.378373 -0.444683
v -0.106401 2.174987 -0.421229
v -0.000077 2.183526 -0.425057
v 0.106141 2.174987 -0.421229
v 0.290686 1.678189 -0.466908
v 0.300175 1.570822 -0.454582
v 0.306974 1.475231 -0.432244
v 0.500328 1.506315 -0.121967
v 0.471894 1.461218 -0.230620
v 0.411287 1.423617 -0.325964
v 0.242715 2.218869 -0.149692
v 0.231543 2.219946 -0.090441
v 0.207948 2.214951 -0.037759
v 0.290351 1.918198 0.235154
v 0.297497 1.855211 0.276628
v 0.297936 1.797884 0.315953
v -0.154598 1.769756 0.395535
v -0.000006 1.777252 0.408843
v 0.154576 1.769756 0.395535
v 0.106141 2.219054 0.000166
v -0.000077 2.225421 0.000544
v -0.106401 2.219054 0.000166
v -0.298300 1.797884 0.315953
v -0.298239 1.855211 0.276627
v -0.291421 1.918198 0.235154
v -0.212931 2.105511 -0.430239
v -0.244328 2.018738 -0.448909
v -0.265761 1.910593 -0.462859
v 0.212256 2.105512 -0.430239
v 0.243380 2.018738 -0.448909
v 0.264588 1.910593 -0.462859
v 0.212256 2.174122 0.034303
v 0.243380 2.121172 0.083654
v 0.264588 2.055778 0.137168
v 0.149785 1.997402 0.223244
v -0.000155 2.001271 0.234641
v -0.150327 1.997402 0.223244
v 0.459071 1.914434 -0.028920
v 0.429245 1.942304 0.058618
v 0.371425 1.966823 0.132858
v -0.150327 1.783229 -0.509369
v -0.000155 1.779878 -0.522666
v 0.149785 1.783229 -0.509369
v -0.463619 1.857281 -0.224421
v -0.432806 1.831608 -0.320036
v -0.373767 1.809803 -0.404254
v -0.411381 1.423617 -0.325964
v -0.472038 1.461218 -0.230620
v -0.500512 1.506315 -0.121967
v -0.208624 2.214951 -0.037759
v -0.232499 2.219946 -0.090441
v -0.243918 2.218869 -0.149692
v 0.388190 1.710559 0.290038
v 0.453149 1.663506 0.203650
v 0.489951 1.610757 0.102248
v 0.207948 2.179628 -0.381646
v 0.231543 2.198622 -0.332767
v 0.242715 2.209033 -0.274596
v 0.371425 1.809803 -0.404254
v 0.429245 1.831608 -0.320036
v 0.459071 1.857281 -0.224420
v -0.373767 1.966823 0.132858
v -0.432806 1.942304 0.058618
v -0.463619 1.914434 -0.028920
v -0.493918 1.792571 -0.098795
v -0.506831 1.705322 -0.071432
v -0.510622 1.626004 -0.041697
v 0.489639 1.792571 -0.098795
v 0.503867 1.705322 -0.071432
v 0.509166 1.626004 -0.041697
v -0.130944 2.252510 -0.221920
v -0.000163 2.265175 -0.225193
v 0.130372 2.252510 -0.221920
v 0.310343 1.334288 -0.356872
v 0.304267 1.289394 -0.305454
v 0.290210 1.257192 -0.247257
v 0.332346 2.152376 -0.196011
v 0.394397 2.072051 -0.175030
v 0.437427 1.980679 -0.150810
v -0.334814 2.152376 -0.196011
v -0.398123 2.072051 -0.175030
v -0.442113 1.980679 -0.150810
v -0.347401 1.429974 0.255487
v -0.304398 1.488933 0.353916
v -0.248574 1.546205 0.445448
v 0.144966 1.220844 -0.222008
v 0.000009 1.216428 -0.234627
v -0.144935 1.220844 -0.222008
v 0.391829 1.326401 0.053073
v 0.383684 1.286962 -0.040950
v 0.344553 1.256160 -0.122082
v -0.091355 1.641212 0.561747
v 0.000007 1.652654 0.570301
v 0.091379 1.641344 0.561750
v -0.344422 1.256160 -0.122082
v -0.383485 1.286962 -0.040950
v -0.391575 1.326401 0.053073
v 0.248699 1.546337 0.445454
v 0.304595 1.488973 0.353918
v 0.347655 1.429980 0.255487
v 0.168751 1.537053 0.525371
v 0.142859 1.483246 0.518532
v 0.108000 1.436340 0.511779
v -0.290084 1.257192 -0.247257
v -0.304109 1.289394 -0.305454
v -0.310227 1.334288 -0.356872
v 0.269759 1.703952 0.397470
v 0.242033 1.666730 0.440944
v 0.209393 1.633606 0.484878
v 0.425299 1.411286 0.112106
v 0.462517 1.452077 0.070021
v 0.488955 1.499664 0.029285
v -0.488490 1.499664 0.029285
v -0.461885 1.452077 0.070021
v -0.424796 1.411286 0.112106
v -0.209273 1.633538 0.484876
v -0.241876 1.666714 0.440943
v -0.269643 1.703950 0.397470
v -0.110256 1.294077 0.348822
v -0.096164 1.333256 0.410603
v -0.082072 1.370153 0.464078
v 0.066702 1.191811 0.041725
v 0.000000 1.189883 0.041167
v -0.066702 1.191811 0.041725
v 0.128999 1.231242 0.212805
v 0.130154 1.212435 0.145753
v 0.124609 1.201002 0.085459
v -0.034482 1.376957 0.502784
v 0.000000 1.369909 0.501675
v 0.034482 1.377635 0.502839
v -0.124609 1.201002 0.085459
v -0.130154 1.212435 0.145753
v -0.128999 1.231242 0.212805
v 0.082072 1.370635 0.464117
v 0.096164 1.333399 0.410614
v 0.110256 1.294095 0.348823
v 0.059726 1.245751 0.295572
v 0.000000 1.241503 0.300161
v -0.059726 1.245751 0.295572
v 0.188041 1.279425 0.259159
v 0.255241 1.306969 0.229100
v 0.319661 1.339248 0.193395
v -0.168728 1.536355 0.525327
v -0.142852 1.482195 0.518457
v -0.108000 1.435098 0.511682
v 0.230794 1.217065 -0.118472
v 0.189180 1.205293 -0.054441
v 0.147227 1.198449 0.002831
v -0.147225 1.198449 0.002831
v -0.189172 1.205294 -0.054441
v -0.230765 1.217065 -0.118472
v -0.188037 1.279425 0.259159
v -0.255206 1.306969 0.229100
v -0.319544 1.339248 0.193395
v -0.057665 1.577002 0.683951
v 0.000000 1.586252 0.682934
v 0.057665 1.579804 0.682743
v 0.114485 1.526319 0.683660
v 0.106387 1.486110 0.684651
v 0.083782 1.443858 0.686234
v -0.026962 1.353334 0.697469
v -0.000000 1.356002 0.695038
v 0.026962 1.374368 0.691781
v -0.114485 1.507512 0.689498
v -0.106387 1.456144 0.693321
v -0.083782 1.406819 0.696552
v -0.057473 1.369732 0.626913
v -0.057203 1.358772 0.648465
v -0.056470 1.356719 0.672568
v -0.105026 1.588741 0.611413
v -0.110996 1.594468 0.600427
v -0.128209 1.598465 0.578689
v 0.105027 1.590544 0.611492
v 0.110999 1.595706 0.600482
v 0.128221 1.599198 0.578722
v 0.057713 1.424715 0.563965
v 0.059122 1.424429 0.553142
v 0.062947 1.417335 0.535110
v -0.046698 1.681016 0.752310
v 0.000000 1.682289 0.750721
v 0.046698 1.671779 0.752154
v 0.092713 1.623425 0.763366
v 0.086155 1.591755 0.771713
v 0.067849 1.560647 0.780220
v -0.021834 1.514010 0.794384
v 0.000000 1.509460 0.795043
v 0.021834 1.516694 0.792681
v -0.092713 1.637063 0.764770
v -0.086155 1.599994 0.774051
v -0.067849 1.562363 0.783172
v -0.095633 1.574694 0.703507
v -0.090624 1.606485 0.722300
v -0.085415 1.639194 0.740734
v 0.085415 1.630064 0.739665
v 0.090624 1.604021 0.720433
v 0.095633 1.578596 0.700868
v -0.052797 1.401894 0.724152
v -0.050032 1.445890 0.749145
v -0.047155 1.492331 0.771710
v 0.047155 1.503596 0.767043
v 0.050032 1.467021 0.742219
v 0.052797 1.431759 0.715333
v -0.015814 1.597428 0.957051
v -0.000000 1.595660 0.954899
v 0.015814 1.595078 0.945643
v 0.026693 1.585937 0.940694
v 0.024245 1.575178 0.944202
v 0.020127 1.566469 0.943022
v -0.009248 1.558578 0.960923
v -0.000000 1.556881 0.958309
v 0.009248 1.558278 0.949408
v -0.026693 1.589237 0.963436
v -0.024245 1.577363 0.969007
v -0.020127 1.567719 0.965872
v -0.030484 1.567948 0.882437
v -0.025232 1.564923 0.914056
v -0.020159 1.562772 0.941459
v -0.069444 1.681610 0.801453
v -0.073622 1.686337 0.783935
v -0.077051 1.681692 0.770452
v 0.055155 1.638274 0.849201
v 0.045204 1.621487 0.882998
v 0.034899 1.605916 0.914064
v 0.038338 1.566575 0.827666
v 0.040645 1.563625 0.814754
v 0.042538 1.553916 0.802605
v 0.056470 1.391731 0.663939
v 0.057203 1.389747 0.641964
v 0.057473 1.394642 0.622995
v -0.057512 1.409185 0.577302
v -0.057512 1.402710 0.585140
v -0.057512 1.394390 0.595307
v 0.102287 1.549555 0.668627
v 0.103615 1.548340 0.657283
v 0.104104 1.552541 0.648270
v -0.102287 1.539159 0.671483
v -0.103615 1.538305 0.659507
v -0.104104 1.544145 0.649678
v -0.028171 1.364156 0.603991
v 0.000000 1.362069 0.601967
v 0.028171 1.375293 0.603037
v 0.060251 1.580304 0.645658
v 0.000000 1.586638 0.647352
v -0.060251 1.577659 0.645951
v -0.119620 1.513062 0.634250
v -0.111159 1.465690 0.625443
v -0.087540 1.419499 0.616530
v 0.087540 1.439890 0.614739
v 0.111159 1.483016 0.623875
v 0.119620 1.524961 0.633119
v -0.104174 1.561088 0.634488
v -0.104174 1.568576 0.628341
v -0.104174 1.575534 0.622765
v 0.104174 1.565970 0.634305
v 0.104174 1.572375 0.628389
v 0.104174 1.578554 0.622882
v 0.057512 1.408526 0.595126
v 0.057512 1.413629 0.585631
v 0.057512 1.417837 0.577953
v -0.062947 1.415138 0.534932
v -0.059122 1.420857 0.552853
v -0.057713 1.419554 0.563547
v 0.028171 1.396960 0.564518
v 0.000000 1.387182 0.562165
v -0.028171 1.392897 0.564183
v 0.119620 1.548180 0.607099
v 0.111159 1.503977 0.594444
v 0.087540 1.459339 0.581758
v -0.060251 1.606164 0.624071
v 0.000000 1.614409 0.626269
v 0.060251 1.607161 0.624097
v -0.087540 1.451877 0.581180
v -0.111159 1.497615 0.593990
v -0.119620 1.543785 0.606831
v -0.042538 1.556669 0.804682
v -0.040645 1.568935 0.817427
v -0.038338 1.572385 0.832422
v -0.034899 1.611947 0.933573
v -0.045204 1.630585 0.900604
v -0.055155 1.650927 0.862266
v 0.077051 1.663766 0.769738
v 0.073622 1.667350 0.782148
v 0.069444 1.663404 0.797370
v 0.020159 1.561390 0.921705
v 0.025232 1.562428 0.896103
v 0.030484 1.564117 0.868907
v -0.036729 1.678951 0.821468
v 0.000000 1.678557 0.818100
v 0.036729 1.669466 0.817189
v 0.017173 1.554332 0.850556
v -0.000000 1.550988 0.854120
v -0.017173 1.556342 0.855228
v 0.072920 1.631540 0.823803
v 0.067762 1.607547 0.830484
v 0.053364 1.584540 0.837932
v -0.053364 1.594267 0.848613
v -0.067762 1.621997 0.841736
v -0.072920 1.648743 0.834091
v -0.434458 1.959482 -0.241244
v -0.392092 2.057251 -0.255320
v -0.330571 2.142916 -0.266463
v -0.407009 1.939992 -0.327916
v -0.369262 2.042723 -0.331672
v -0.313267 2.131190 -0.332576
v -0.353031 1.923238 -0.404039
v -0.322470 2.028846 -0.398104
v -0.276313 2.116261 -0.388881
v -0.142915 1.903183 -0.498769
v -0.131878 2.014883 -0.479507
v -0.116541 2.107438 -0.453435
v -0.000147 1.900827 -0.510719
v -0.000120 2.014506 -0.489549
v -0.000091 2.110822 -0.460769
v 0.142401 1.903183 -0.498769
v 0.131458 2.014883 -0.479507
v 0.116229 2.107438 -0.453435
v 0.430157 2.002511 -0.063026
v 0.388671 2.087078 -0.096533
v 0.328304 2.161396 -0.126435
v 0.403641 2.023384 0.017244
v 0.366580 2.100908 -0.024291
v 0.311481 2.168254 -0.061706
v 0.350815 2.041629 0.085499
v 0.320698 2.112180 0.037400
v 0.275111 2.171375 -0.005974
v 0.142401 2.064603 0.168466
v 0.131458 2.128047 0.110613
v 0.116229 2.180932 0.053945
v -0.000147 2.067612 0.178842
v -0.000120 2.130882 0.119145
v -0.000091 2.184869 0.059180
v -0.142915 2.064603 0.168466
v -0.131878 2.128047 0.110613
v -0.116541 2.180932 0.053945
v 0.469954 1.556603 0.140188
v 0.430169 1.613137 0.242666
v 0.364979 1.664025 0.330552
v 0.438524 1.510439 0.179871
v 0.395746 1.569494 0.282777
v 0.331241 1.623642 0.372448
v 0.397222 1.469270 0.219107
v 0.352790 1.529470 0.321335
v 0.290722 1.586450 0.413279
v 0.129230 2.254027 -0.163802
v -0.000151 2.265752 -0.168453
v -0.129757 2.254026 -0.163802
v 0.123680 2.251621 -0.106955
v -0.000121 2.262228 -0.112041
v -0.124103 2.251621 -0.106955
v 0.112746 2.241233 -0.052466
v -0.000091 2.250220 -0.056135
v -0.113059 2.241233 -0.052466
v 0.159595 1.818012 0.354955
v 0.159491 1.872651 0.314468
v 0.155732 1.932753 0.271443
v -0.000045 1.824722 0.367955
v -0.000093 1.878464 0.327082
v -0.000134 1.937605 0.283539
v -0.159755 1.818012 0.354955
v -0.159816 1.872651 0.314468
v -0.156200 1.932753 0.271443
v 0.497506 1.675052 0.067565
v 0.493758 1.748378 0.035188
v 0.480387 1.828812 0.003549
v 0.462728 1.722724 0.167242
v 0.460383 1.789969 0.132211
v 0.448444 1.863682 0.096642
v 0.398362 1.765007 0.251862
v 0.397157 1.826710 0.214428
v 0.387277 1.894403 0.175504
v -0.165121 1.459060 -0.477414
v -0.161406 1.556268 -0.499002
v -0.156399 1.665742 -0.509601
v -0.000045 1.453670 -0.492471
v -0.000093 1.551416 -0.513809
v -0.000134 1.661593 -0.523833
v 0.164962 1.459060 -0.477414
v 0.161081 1.556268 -0.499002
v 0.155930 1.665742 -0.509601
v -0.503220 1.579264 -0.154556
v -0.497776 1.663950 -0.181890
v -0.484477 1.757560 -0.204876
v -0.471683 1.537198 -0.262971
v -0.464856 1.626446 -0.288234
v -0.451813 1.725677 -0.307044
v -0.408795 1.501842 -0.358386
v -0.401445 1.594755 -0.381965
v -0.389660 1.698645 -0.397115
v -0.399051 1.765007 0.251862
v -0.398558 1.826710 0.214428
v -0.389299 1.894403 0.175504
v -0.463775 1.722724 0.167242
v -0.462513 1.789969 0.132211
v -0.451520 1.863682 0.096642
v -0.498842 1.675052 0.067565
v -0.496479 1.748377 0.035188
v -0.484315 1.828812 0.003549
v 0.408106 1.501842 -0.358386
v 0.400044 1.594755 -0.381965
v 0.387638 1.698645 -0.397115
v 0.470636 1.537199 -0.262971
v 0.462726 1.626446 -0.288234
v 0.448737 1.725677 -0.307044
v 0.501883 1.579264 -0.154556
v 0.495055 1.663949 -0.181890
v 0.480549 1.757560 -0.204876
v 0.112746 2.216856 -0.381568
v -0.000091 2.229395 -0.382869
v -0.113059 2.216856 -0.381568
v 0.123680 2.239748 -0.333883
v -0.000121 2.253469 -0.334689
v -0.124103 2.239748 -0.333883
v 0.129230 2.249446 -0.279635
v -0.000151 2.262918 -0.281369
v -0.129757 2.249446 -0.279635
v -0.167590 1.317129 -0.401008
v 0.000015 1.311409 -0.415719
v 0.167641 1.317129 -0.401008
v -0.164817 1.272939 -0.348015
v 0.000020 1.267455 -0.362202
v 0.164886 1.272940 -0.348015
v -0.157699 1.242085 -0.287688
v 0.000016 1.237049 -0.301165
v 0.157754 1.242085 -0.287688
v 0.350815 1.923238 -0.404039
v 0.320698 2.028847 -0.398104
v 0.275111 2.116261 -0.388881
v 0.403641 1.939992 -0.327916
v 0.366580 2.042723 -0.331672
v 0.311481 2.131190 -0.332576
v 0.430157 1.959482 -0.241244
v 0.388671 2.057251 -0.255320
v 0.328304 2.142916 -0.266463
v -0.353031 2.041629 0.085499
v -0.322470 2.112180 0.037400
v -0.276313 2.171375 -0.005974
v -0.407009 2.023384 0.017244
v -0.369262 2.100908 -0.024291
v -0.313267 2.168254 -0.061706
v -0.434458 2.002511 -0.063026
v -0.392092 2.087078 -0.096533
v -0.330571 2.161396 -0.126435
v -0.119620 1.537223 0.612430
v -0.111159 1.491265 0.599962
v -0.087540 1.445855 0.587530
v -0.119620 1.530213 0.618531
v -0.111159 1.484263 0.606690
v -0.087540 1.439003 0.594874
v -0.119620 1.522308 0.625637
v -0.111159 1.475956 0.614931
v -0.087540 1.430495 0.604209
v 0.291610 1.390446 0.286954
v 0.254013 1.445229 0.377013
v 0.210397 1.497465 0.459124
v 0.231542 1.352656 0.313081
v 0.201739 1.401716 0.392544
v 0.170163 1.447804 0.462980
v 0.170127 1.319590 0.333799
v 0.148357 1.363208 0.403364
v 0.126365 1.404204 0.464023
v -0.364759 1.664023 0.330552
v -0.429834 1.613137 0.242666
v -0.469527 1.556603 0.140188
v -0.330943 1.623631 0.372448
v -0.395291 1.569490 0.282777
v -0.437943 1.510438 0.179871
v -0.290488 1.586405 0.413277
v -0.352429 1.529455 0.321335
v -0.396760 1.469268 0.219107
v -0.489189 1.446952 -0.083624
v -0.465351 1.400715 -0.190908
v -0.408516 1.362609 -0.284636
v -0.468122 1.399162 -0.040649
v -0.449793 1.353608 -0.145024
v -0.398065 1.316618 -0.235746
v -0.436016 1.359970 0.005427
v -0.423219 1.316742 -0.094521
v -0.377533 1.282262 -0.180996
v 0.408736 1.362609 -0.284636
v 0.465685 1.400715 -0.190908
v 0.489616 1.446952 -0.083624
v 0.398364 1.316618 -0.235746
v 0.450248 1.353608 -0.145024
v 0.468703 1.399162 -0.040649
v 0.377770 1.282262 -0.180996
v 0.423581 1.316742 -0.094521
v 0.436478 1.359971 0.005427
v 0.143545 1.728472 0.438108
v 0.000014 1.736655 0.451599
v -0.143495 1.728471 0.438108
v 0.127942 1.693451 0.481629
v 0.000019 1.702439 0.494753
v -0.127874 1.693440 0.481629
v 0.109852 1.663948 0.524020
v 0.000015 1.674158 0.535660
v -0.109801 1.663904 0.524020
v -0.054006 1.278503 0.357870
v -0.000000 1.273315 0.360886
v 0.054006 1.278513 0.357871
v -0.047104 1.315061 0.414884
v -0.000000 1.309028 0.416313
v 0.047104 1.315145 0.414891
v -0.040201 1.349766 0.464045
v -0.000000 1.343080 0.464043
v 0.040201 1.350051 0.464068
v -0.063505 1.195748 0.102384
v -0.000000 1.193719 0.106567
v 0.063505 1.195748 0.102384
v -0.064260 1.205081 0.165413
v -0.000000 1.202545 0.171472
v 0.064260 1.205081 0.165413
v -0.063251 1.221312 0.230562
v -0.000000 1.217991 0.236419
v 0.063251 1.221312 0.230562
v -0.126037 1.206036 -0.153232
v 0.000004 1.202353 -0.164756
v 0.126050 1.206036 -0.153232
v -0.103752 1.196623 -0.084717
v 0.000001 1.193677 -0.094304
v 0.103756 1.196623 -0.084717
v -0.081972 1.192076 -0.019600
v 0.000000 1.189759 -0.025619
v 0.081972 1.192076 -0.019600
v -0.334515 1.296142 0.100511
v -0.329738 1.261698 0.013724
v -0.297709 1.235491 -0.061212
v -0.268601 1.269537 0.144974
v -0.266291 1.240720 0.065888
v -0.242251 1.219677 -0.002624
v -0.198571 1.247584 0.183432
v -0.198429 1.224308 0.111411
v -0.183754 1.208532 0.048588
v 0.297764 1.235491 -0.061212
v 0.329822 1.261698 0.013724
v 0.334622 1.296142 0.100511
v 0.242267 1.219677 -0.002624
v 0.266316 1.240720 0.065888
v 0.268633 1.269537 0.144974
v 0.183756 1.208532 0.048588
v 0.198432 1.224308 0.111411
v 0.198575 1.247584 0.183431
v -0.210346 1.497177 0.459106
v -0.253930 1.445144 0.377008
v -0.291503 1.390435 0.286953
v -0.170148 1.447363 0.462948
v -0.201714 1.401585 0.392535
v -0.231510 1.352640 0.313080
v -0.126363 1.403681 0.463982
v -0.148354 1.363053 0.403352
v -0.170123 1.319571 0.333798
v 0.055311 1.599274 0.699214
v 0.000000 1.606611 0.698896
v -0.055311 1.598965 0.700223
v 0.052414 1.624675 0.717614
v -0.000000 1.633152 0.716807
v -0.052414 1.627681 0.718280
v 0.049401 1.650634 0.735931
v 0.000000 1.660254 0.734729
v -0.049401 1.657061 0.736262
v 0.060251 1.600669 0.629193
v -0.000000 1.607707 0.631298
v -0.060251 1.599413 0.629166
v 0.060251 1.594088 0.634407
v -0.000000 1.600908 0.636423
v -0.060251 1.592512 0.634411
v 0.060251 1.587330 0.639856
v 0.000000 1.593917 0.641743
v -0.060251 1.585310 0.639956
v 0.087540 1.455268 0.588205
v 0.111159 1.499290 0.600490
v 0.119620 1.542765 0.612738
v 0.087540 1.450880 0.595372
v 0.111159 1.494382 0.607061
v 0.119620 1.537193 0.618724
v 0.087540 1.445860 0.603977
v 0.111159 1.489031 0.614681
v 0.119620 1.531311 0.625402
v -0.028171 1.387951 0.571075
v -0.000000 1.382849 0.569154
v 0.028171 1.393077 0.571469
v -0.028171 1.382109 0.579192
v -0.000000 1.377737 0.577327
v 0.028171 1.388581 0.579492
v -0.028171 1.374476 0.589756
v 0.000000 1.371069 0.587870
v 0.028171 1.382857 0.589657
v -0.063312 1.633580 0.868762
v -0.058826 1.610934 0.874992
v -0.046351 1.587563 0.879834
v -0.051744 1.616625 0.906716
v -0.048021 1.598450 0.911843
v -0.038013 1.580106 0.914165
v -0.039340 1.601014 0.940095
v -0.036323 1.586709 0.945069
v -0.029218 1.573270 0.944594
v -0.109813 1.534082 0.708773
v -0.102045 1.485128 0.714904
v -0.080363 1.437757 0.720498
v -0.104062 1.569617 0.728823
v -0.096701 1.524438 0.736547
v -0.076154 1.480133 0.743859
v -0.098079 1.606488 0.748029
v -0.091142 1.565562 0.756759
v -0.071776 1.524738 0.765221
v 0.080363 1.468314 0.711033
v 0.102045 1.508343 0.707026
v 0.109813 1.546789 0.703557
v 0.076154 1.500202 0.736487
v 0.096701 1.537271 0.730501
v 0.104062 1.573465 0.724928
v 0.071776 1.533116 0.760311
v 0.091142 1.567030 0.752817
v 0.098079 1.600844 0.745592
v -0.025861 1.385273 0.724840
v -0.000000 1.386861 0.723034
v 0.025861 1.403431 0.719582
v -0.024507 1.428923 0.751172
v 0.000000 1.428556 0.750241
v 0.024507 1.442139 0.747029
v -0.023098 1.474948 0.774882
v 0.000000 1.472339 0.774847
v 0.023098 1.482543 0.772077
v 0.013666 1.581463 0.960261
v -0.000000 1.580585 0.971974
v -0.013666 1.582911 0.973590
v 0.012118 1.570845 0.965097
v 0.000000 1.569556 0.977618
v -0.012118 1.571636 0.979596
v 0.010301 1.563182 0.961418
v -0.000000 1.561897 0.972720
v -0.010301 1.563579 0.974803
v 0.046351 1.580046 0.862608
v 0.058826 1.599620 0.856660
v 0.063312 1.619999 0.851855
v 0.038013 1.575041 0.891032
v 0.048021 1.590631 0.887011
v 0.051744 1.607021 0.883822
v 0.029218 1.570417 0.918911
v 0.036323 1.582094 0.917248
v 0.039340 1.594968 0.914579
v -0.014944 1.555738 0.882233
v -0.000000 1.551319 0.879508
v 0.014944 1.554260 0.874810
v -0.012459 1.555487 0.912202
v 0.000000 1.552122 0.908345
v 0.012459 1.554563 0.902422
v -0.010263 1.556186 0.939518
v 0.000000 1.553810 0.935843
v 0.010263 1.555690 0.928712
v 0.031906 1.651823 0.849455
v 0.000000 1.659236 0.852145
v -0.031906 1.659367 0.856560
v 0.026190 1.631640 0.885785
v 0.000000 1.636959 0.890509
v -0.026190 1.637104 0.895326
v 0.020385 1.612052 0.919655
v 0.000000 1.614993 0.926474
v -0.020385 1.615741 0.930293
v -0.030833 1.392468 0.529501
v -0.000000 1.385413 0.527732
v 0.030833 1.393770 0.529608
v -0.028960 1.398100 0.546474
v -0.000000 1.391329 0.544416
v 0.028960 1.400216 0.546649
v -0.028269 1.397145 0.556952
v 0.000000 1.390854 0.554853
v 0.028269 1.400203 0.557205
v -0.028152 1.351430 0.622736
v -0.000000 1.351033 0.620450
v 0.028152 1.366213 0.620417
v -0.028020 1.341279 0.645289
v -0.000000 1.342560 0.642743
v 0.028020 1.359691 0.641433
v -0.027661 1.339861 0.670562
v -0.000000 1.342325 0.667915
v 0.027661 1.360739 0.665438
v 0.060210 1.573424 0.652055
v 0.000000 1.579498 0.653478
v -0.060210 1.569994 0.652648
v 0.059928 1.569104 0.659791
v -0.000000 1.575021 0.660866
v -0.059928 1.565089 0.660706
v 0.059160 1.570259 0.669731
v 0.000000 1.576257 0.670393
v -0.059160 1.566305 0.670887
v -0.119539 1.502869 0.644806
v -0.111084 1.453816 0.638795
v -0.087481 1.406326 0.632533
v -0.118978 1.495482 0.657468
v -0.110562 1.444694 0.654804
v -0.087070 1.395827 0.651730
v -0.117454 1.495498 0.672334
v -0.109146 1.443682 0.673102
v -0.085954 1.393995 0.673333
v 0.087481 1.433338 0.628259
v 0.111084 1.476714 0.635134
v 0.119539 1.518529 0.642258
v 0.087070 1.429298 0.644671
v 0.110562 1.472888 0.648805
v 0.118978 1.514556 0.653349
v 0.085954 1.431546 0.663990
v 0.109146 1.474900 0.665206
v 0.117454 1.516125 0.666960
v 0.096209 1.455040 0.543981
v 0.124835 1.502364 0.555006
v 0.140442 1.553397 0.566790
v 0.090113 1.462547 0.563540
v 0.115249 1.508794 0.576189
v 0.125778 1.555990 0.589129
v 0.087861 1.462755 0.574734
v 0.111670 1.508066 0.587693
v 0.120390 1.553198 0.600666
v 0.074714 1.628628 0.590445
v 0.000003 1.638362 0.595328
v -0.074706 1.628329 0.590437
v 0.064625 1.620586 0.608446
v 0.000001 1.628816 0.611438
v -0.064623 1.620073 0.608433
v 0.060798 1.613697 0.618333
v 0.000000 1.621225 0.620656
v -0.060797 1.612948 0.618314
v -0.140434 1.552011 0.566705
v -0.124832 1.500333 0.554861
v -0.096209 1.452651 0.543796
v -0.125776 1.553708 0.588989
v -0.115248 1.505483 0.575952
v -0.090113 1.458661 0.563239
v -0.120389 1.549892 0.600465
v -0.111670 1.503278 0.587351
v -0.087861 1.457139 0.574300
v 0.044564 1.683808 0.765230
v 0.000000 1.694748 0.763805
v -0.044564 1.694679 0.765525
v 0.042581 1.686719 0.777937
v 0.000000 1.697574 0.776845
v -0.042581 1.698064 0.778851
v 0.040164 1.681582 0.794011
v 0.000000 1.691825 0.793668
v -0.040164 1.692409 0.796197
v -0.020836 1.538997 0.808977
v -0.000000 1.533273 0.809934
v 0.020836 1.538558 0.807745
v -0.019909 1.551703 0.821500
v 0.000000 1.545549 0.822287
v 0.019909 1.549761 0.819976
v -0.018779 1.556145 0.835676
v 0.000000 1.550163 0.835788
v 0.018779 1.553839 0.833028
v 0.064748 1.577883 0.794914
v 0.082217 1.606902 0.785910
v 0.088475 1.636890 0.777036
v 0.061866 1.585897 0.807022
v 0.078559 1.613210 0.798033
v 0.084538 1.641661 0.789253
v 0.058355 1.587260 0.820157
v 0.074100 1.612738 0.811690
v 0.079741 1.639342 0.803636
v -0.088475 1.655354 0.778356
v -0.082217 1.621119 0.787829
v -0.064748 1.585915 0.797171
v -0.084538 1.661927 0.791805
v -0.078559 1.629914 0.801099
v -0.061866 1.596761 0.810184
v -0.079741 1.658988 0.809067
v -0.074100 1.629249 0.817767
v -0.058355 1.598384 0.826051
vn -0.4804 0.4794 0.7344
vn -0.2170 0.8552 0.4706
vn -0.4682 -0.4183 -0.7784
vn -0.2849 0.5423 -0.7904
vn 0.4806 0.4811 0.7331
vn 0.2183 0.8550 0.4704
vn 0.4685 -0.4167 -0.7790
vn 0.2864 0.5420 -0.7900
vn -0.3857 0.5794 0.7180
vn -0.4296 0.0623 -0.9009
vn 0.4324 0.0629 -0.8995
vn 0.3884 0.5793 0.7166
vn -0.9882 -0.1159 0.1005
vn -0.4593 0.8852 -0.0737
vn 0.9899 -0.1049 0.0956
vn 0.4627 0.8835 -0.0735
vn 0.9666 0.2466 -0.0706
vn -0.9671 0.2448 -0.0699
vn -0.7131 -0.5524 0.4317
vn -0.6771 0.1997 0.7083
vn 0.2734 -0.9454 -0.1771
vn -0.2737 -0.9453 -0.1772
vn 0.7118 -0.5538 0.4321
vn 0.6769 0.2002 0.7083
vn -0.3393 -0.8343 0.4346
vn -0.4637 -0.6886 0.5575
vn 0.1213 -0.9910 0.0562
vn -0.1213 -0.9910 0.0562
vn 0.3393 -0.8342 0.4347
vn 0.4626 -0.6814 0.5672
vn -0.7636 0.5182 -0.3852
vn 0.6975 0.6039 -0.3857
vn 0.7002 -0.5456 0.4604
vn -0.5531 -0.6260 0.5498
vn -0.6961 0.5087 -0.5067
vn 0.7341 0.5435 -0.4071
vn 0.5880 -0.4294 0.6855
vn -0.5418 -0.3583 0.7603
vn -0.3074 0.7200 0.6222
vn 0.6684 0.5087 0.5427
vn 0.6407 -0.7494 0.1669
vn -0.6063 -0.7773 0.1680
vn 0.7207 -0.6162 -0.3176
vn -0.6391 -0.6087 -0.4702
vn 0.6851 0.5193 0.5109
vn -0.7012 0.4723 0.5341
vn -0.6868 0.4438 0.5757
vn 0.6839 0.4706 0.5575
vn 0.7233 -0.6196 -0.3049
vn -0.6853 -0.5880 -0.4296
vn -0.7169 -0.6953 0.0517
vn -0.5122 0.7128 0.4791
vn 0.6281 0.6196 0.4708
vn 0.6460 -0.7593 0.0788
vn -0.9612 -0.0669 0.2676
vn -0.8898 0.0476 0.4539
vn -0.7334 0.2479 0.6330
vn -0.3602 0.6285 0.6894
vn -0.3252 0.6978 0.6383
vn -0.2777 0.7806 0.5599
vn -0.4796 0.8599 -0.1746
vn -0.4688 0.7995 -0.3756
vn -0.3957 0.6816 -0.6155
vn -0.4462 -0.0213 -0.8947
vn -0.4598 -0.1199 -0.8799
vn -0.4690 -0.2476 -0.8478
vn 0.2056 -0.4672 -0.8599
vn -0.0000 -0.4805 -0.8770
vn -0.2055 -0.4675 -0.8598
vn -0.1461 0.5635 -0.8131
vn 0.0001 0.5687 -0.8225
vn 0.1466 0.5635 -0.8130
vn 0.4485 -0.0198 -0.8936
vn 0.4613 -0.1178 -0.8794
vn 0.4698 -0.2455 -0.8479
vn 0.9861 -0.1424 -0.0861
vn 0.9223 -0.2136 -0.3222
vn 0.7453 -0.3200 -0.5849
vn 0.4361 0.8999 0.0048
vn 0.3883 0.9099 0.1458
vn 0.3087 0.8946 0.3231
vn 0.4107 0.5447 0.7312
vn 0.4319 0.5184 0.7380
vn 0.4546 0.4988 0.7379
vn -0.2152 0.6349 0.7420
vn -0.0000 0.6814 0.7319
vn 0.2152 0.6353 0.7417
vn 0.1085 0.8704 0.4802
vn -0.0000 0.8745 0.4850
vn -0.1081 0.8704 0.4803
vn -0.4538 0.4967 0.7398
vn -0.4304 0.5166 0.7402
vn -0.4085 0.5437 0.7332
vn -0.3446 0.3964 -0.8510
vn -0.3825 0.2561 -0.8877
vn -0.4096 0.1476 -0.9003
vn 0.3467 0.3958 -0.8504
vn 0.3852 0.2555 -0.8867
vn 0.4125 0.1474 -0.8989
vn 0.2796 0.7800 0.5598
vn 0.3277 0.6969 0.6379
vn 0.3630 0.6278 0.6885
vn 0.1655 0.6133 0.7723
vn -0.0000 0.6228 0.7824
vn -0.1648 0.6133 0.7725
vn 0.9449 0.3111 0.1020
vn 0.8539 0.4033 0.3290
vn 0.6528 0.5060 0.5638
vn -0.1884 0.0524 -0.9807
vn 0.0001 0.0513 -0.9987
vn 0.1891 0.0525 -0.9806
vn -0.9507 0.1909 -0.2446
vn -0.8721 0.1375 -0.4697
vn -0.6906 0.0912 -0.7174
vn -0.7446 -0.3242 -0.5835
vn -0.9214 -0.2211 -0.3196
vn -0.9849 -0.1526 -0.0821
vn -0.3065 0.8951 0.3238
vn -0.3852 0.9110 0.1470
vn -0.4327 0.9015 0.0057
vn 0.7342 0.2523 0.6303
vn 0.8914 0.0553 0.4498
vn 0.9633 -0.0567 0.2625
vn 0.3982 0.6813 -0.6143
vn 0.4719 0.7985 -0.3737
vn 0.4830 0.8584 -0.1731
vn 0.6953 0.0929 -0.7127
vn 0.8755 0.1403 -0.4624
vn 0.9514 0.1938 -0.2393
vn -0.6480 0.5066 0.5687
vn -0.8501 0.4045 0.3371
vn -0.9441 0.3112 0.1085
vn -0.9838 0.1704 -0.0551
vn -0.9955 0.0906 -0.0264
vn -0.9997 -0.0042 0.0242
vn 0.9820 0.1796 -0.0583
vn 0.9940 0.1047 -0.0319
vn 0.9998 0.0107 0.0178
vn -0.2097 0.9767 -0.0454
vn 0.0001 0.9995 -0.0327
vn 0.2107 0.9765 -0.0454
vn 0.4469 -0.6124 -0.6521
vn 0.3985 -0.7809 -0.4810
vn 0.3341 -0.8900 -0.3102
vn 0.7063 0.7018 -0.0929
vn 0.8626 0.4975 -0.0921
vn 0.9365 0.3413 -0.0808
vn -0.7009 0.7071 -0.0938
vn -0.8582 0.5048 -0.0936
vn -0.9346 0.3462 -0.0819
vn -0.7046 -0.4763 0.5260
vn -0.6971 -0.3867 0.6038
vn -0.7075 -0.2087 0.6752
vn 0.1145 -0.9649 -0.2364
vn -0.0000 -0.9682 -0.2501
vn -0.1146 -0.9649 -0.2364
vn 0.6969 -0.6483 0.3066
vn 0.6248 -0.7683 0.1394
vn 0.4701 -0.8815 -0.0434
vn -0.3440 0.7445 0.5722
vn -0.0008 0.8557 0.5174
vn 0.3427 0.7472 0.5694
vn -0.4708 -0.8811 -0.0436
vn -0.6260 -0.7673 0.1393
vn -0.6983 -0.6470 0.3063
vn 0.7065 -0.2094 0.6760
vn 0.6960 -0.3875 0.6045
vn 0.7034 -0.4774 0.5266
vn 0.7122 -0.2773 0.6449
vn 0.6414 -0.4743 0.6030
vn 0.5650 -0.5851 0.5818
vn -0.3345 -0.8899 -0.3102
vn -0.3987 -0.7809 -0.4809
vn -0.4469 -0.6130 -0.6516
vn 0.5097 0.4573 0.7288
vn 0.5469 0.4126 0.7285
vn 0.5957 0.3312 0.7317
vn 0.8003 -0.4650 0.3784
vn 0.8859 -0.3571 0.2962
vn 0.9526 -0.2331 0.1953
vn -0.9510 -0.2380 0.1975
vn -0.8857 -0.3573 0.2963
vn -0.8015 -0.4635 0.3779
vn -0.5960 0.3311 0.7315
vn -0.5472 0.4122 0.7284
vn -0.5099 0.4563 0.7293
vn -0.3737 -0.7665 0.5223
vn -0.3973 -0.7167 0.5731
vn -0.4217 -0.6893 0.5891
vn 0.0595 -0.9975 0.0394
vn -0.0000 -0.9995 0.0322
vn -0.0595 -0.9975 0.0394
vn 0.2888 -0.9005 0.3251
vn 0.2284 -0.9486 0.2190
vn 0.1689 -0.9774 0.1268
vn -0.2743 -0.7868 0.5529
vn 0.0076 -0.8311 0.5561
vn 0.2833 -0.7791 0.5592
vn -0.1689 -0.9774 0.1268
vn -0.2284 -0.9486 0.2190
vn -0.2888 -0.9005 0.3251
vn 0.4217 -0.6860 0.5929
vn 0.3974 -0.7154 0.5747
vn 0.3738 -0.7662 0.5228
vn 0.1849 -0.8891 0.4186
vn -0.0000 -0.9111 0.4122
vn -0.1849 -0.8892 0.4186
vn 0.4557 -0.7667 0.4522
vn 0.5472 -0.6977 0.4623
vn 0.6289 -0.6284 0.4578
vn -0.7148 -0.2758 0.6427
vn -0.6468 -0.4741 0.5975
vn -0.5707 -0.5882 0.5730
vn 0.2253 -0.9703 -0.0877
vn 0.1868 -0.9821 -0.0256
vn 0.1523 -0.9881 0.0215
vn -0.1524 -0.9881 0.0215
vn -0.1869 -0.9820 -0.0256
vn -0.2254 -0.9703 -0.0878
vn -0.4558 -0.7667 0.4522
vn -0.5476 -0.6975 0.4622
vn -0.6297 -0.6278 0.4576
vn -0.2837 0.6779 -0.6782
vn -0.0210 0.7056 -0.7083
vn 0.2238 0.7244 -0.6520
vn 0.9867 0.1021 0.1265
vn 0.8723 -0.3059 0.3815
vn 0.7662 -0.4664 0.4420
vn -0.1487 -0.7857 0.6005
vn 0.3211 -0.7585 0.5671
vn 0.5935 -0.6330 0.4971
vn -0.9875 0.0803 0.1359
vn -0.8881 -0.2499 0.3857
vn -0.7601 -0.4419 0.4765
vn -0.6400 -0.6575 -0.3976
vn -0.6509 -0.7362 -0.1854
vn -0.6291 -0.7548 0.1859
vn -0.6547 0.4635 0.5971
vn -0.6691 0.4543 0.5881
vn -0.6889 0.3921 0.6097
vn 0.6543 0.4852 0.5800
vn 0.6701 0.4665 0.5774
vn 0.6895 0.3972 0.6057
vn 0.7266 -0.6829 -0.0757
vn 0.6444 -0.7185 0.2619
vn 0.5356 -0.6991 0.4737
vn -0.2078 0.6369 -0.7425
vn 0.0634 0.6609 -0.7477
vn 0.3205 0.6663 -0.6733
vn 0.9828 0.1512 0.1061
vn 0.8608 -0.1996 0.4683
vn 0.7162 -0.3527 0.6022
vn -0.2845 -0.4468 0.8482
vn 0.0750 -0.4988 0.8634
vn 0.3940 -0.4824 0.7823
vn -0.9875 0.1419 0.0694
vn -0.8555 -0.1472 0.4965
vn -0.7014 -0.2707 0.6594
vn -0.7203 0.4590 -0.5201
vn -0.7010 0.4378 -0.5630
vn -0.6932 0.4480 -0.5646
vn 0.7096 0.5096 -0.4867
vn 0.6888 0.5136 -0.5116
vn 0.6790 0.5432 -0.4938
vn -0.4864 -0.4730 0.7346
vn -0.4755 -0.3891 0.7890
vn -0.4973 -0.3521 0.7929
vn 0.5884 -0.4135 0.6948
vn 0.6075 -0.4276 0.6694
vn 0.6430 -0.4692 0.6054
vn 0.0283 0.7806 0.6244
vn 0.2801 0.7497 0.5996
vn 0.4929 0.6441 0.5849
vn 0.8339 0.1830 0.5207
vn 0.8819 -0.2295 0.4118
vn 0.7796 -0.5644 0.2715
vn -0.3197 -0.9189 0.2312
vn 0.1305 -0.9616 0.2417
vn 0.4781 -0.8545 0.2030
vn -0.6001 0.4132 0.6850
vn -0.7810 -0.1188 0.6132
vn -0.7202 -0.6077 0.3347
vn -0.7022 -0.7106 0.0431
vn -0.6808 -0.7302 0.0573
vn -0.6483 -0.7557 0.0932
vn -0.5507 0.7316 0.4019
vn -0.6247 0.7718 0.1188
vn -0.6875 0.6659 -0.2897
vn 0.6379 0.6026 0.4796
vn 0.6524 0.5783 0.4898
vn 0.6658 0.5434 0.5113
vn 0.6649 -0.7230 0.1876
vn 0.6644 -0.6215 0.4151
vn 0.6186 -0.4979 0.6078
vn 0.7502 -0.6243 0.2177
vn 0.7569 -0.6520 -0.0450
vn 0.7361 -0.6349 -0.2346
vn -0.6682 -0.5752 -0.4719
vn -0.6596 -0.5831 -0.4743
vn -0.6494 -0.5920 -0.4773
vn 0.7395 0.6594 -0.1356
vn 0.7483 0.6409 0.1710
vn 0.7110 0.5739 0.4064
vn -0.8134 0.5717 -0.1075
vn -0.8005 0.5650 0.1998
vn -0.7376 0.5166 0.4347
vn -0.3211 -0.7778 -0.5404
vn 0.1528 -0.8397 -0.5211
vn 0.5326 -0.7402 -0.4105
vn 0.2376 0.6467 0.7248
vn -0.0115 0.6386 0.7695
vn -0.2631 0.6191 0.7400
vn -0.9936 0.0743 0.0852
vn -0.9326 -0.2673 -0.2424
vn -0.8050 -0.4532 -0.3829
vn 0.8272 -0.4972 -0.2618
vn 0.9352 -0.3058 -0.1785
vn 0.9927 0.0834 0.0876
vn -0.6969 0.4572 0.5525
vn -0.6981 0.4496 0.5572
vn -0.6992 0.4441 0.5602
vn 0.6852 0.4967 0.5327
vn 0.6897 0.4834 0.5391
vn 0.6938 0.4739 0.5423
vn 0.7165 -0.6115 -0.3356
vn 0.7157 -0.6095 -0.3410
vn 0.7162 -0.6066 -0.3451
vn -0.5408 -0.7122 0.4476
vn -0.6539 -0.7308 0.1957
vn -0.7164 -0.6716 -0.1892
vn 0.4980 -0.7725 -0.3940
vn 0.0633 -0.8675 -0.4933
vn -0.4098 -0.7662 -0.4950
vn 0.9870 0.0697 0.1447
vn 0.9460 -0.2859 -0.1527
vn 0.8414 -0.4788 -0.2506
vn -0.2649 0.6004 0.7546
vn -0.0049 0.6248 0.7808
vn 0.2557 0.6175 0.7439
vn -0.8269 -0.4391 -0.3514
vn -0.9433 -0.2610 -0.2052
vn -0.9875 0.0641 0.1441
vn -0.6217 -0.4323 0.6532
vn -0.7135 -0.5636 0.4163
vn -0.7329 -0.6608 0.1619
vn -0.3869 0.7287 0.5651
vn -0.4496 0.7249 0.5219
vn -0.4886 0.7176 0.4963
vn 0.7439 0.6399 -0.1927
vn 0.7021 0.6925 0.1657
vn 0.6444 0.6483 0.4055
vn 0.6401 -0.7594 0.1168
vn 0.6375 -0.7657 0.0853
vn 0.6398 -0.7653 0.0706
vn -0.0795 0.8710 0.4849
vn 0.1391 0.8662 0.4800
vn 0.3295 0.8119 0.4820
vn 0.3829 -0.9227 0.0454
vn -0.0507 -0.9984 0.0263
vn -0.4730 -0.8805 0.0313
vn 0.9122 0.1637 0.3756
vn 0.9233 -0.3127 0.2229
vn 0.7999 -0.5865 0.1273
vn -0.8466 -0.5255 0.0850
vn -0.9446 -0.2841 0.1643
vn -0.9172 0.2026 0.3431
vn -0.9240 0.2911 -0.2481
vn -0.8588 0.4515 -0.2422
vn -0.7153 0.6639 -0.2182
vn -0.8503 0.2321 -0.4723
vn -0.7995 0.3843 -0.4616
vn -0.6808 0.5941 -0.4285
vn -0.6691 0.1797 -0.7211
vn -0.6308 0.3112 -0.7108
vn -0.5532 0.4916 -0.6725
vn -0.1767 0.1378 -0.9746
vn -0.1627 0.2345 -0.9584
vn -0.1450 0.3621 -0.9208
vn 0.0001 0.1374 -0.9905
vn -0.0000 0.2319 -0.9728
vn -0.0000 0.3635 -0.9316
vn 0.1774 0.1377 -0.9745
vn 0.1633 0.2343 -0.9583
vn 0.1455 0.3619 -0.9208
vn 0.9123 0.4010 0.0824
vn 0.8348 0.5482 0.0501
vn 0.6755 0.7371 0.0177
vn 0.8207 0.4828 0.3057
vn 0.7484 0.6109 0.2585
vn 0.6041 0.7725 0.1956
vn 0.6205 0.5696 0.5390
vn 0.5640 0.6674 0.4863
vn 0.4653 0.7874 0.4044
vn 0.1523 0.6539 0.7411
vn 0.1362 0.7081 0.6928
vn 0.1156 0.7782 0.6173
vn -0.0000 0.6615 0.7500
vn -0.0000 0.7121 0.7021
vn -0.0000 0.7825 0.6226
vn -0.1517 0.6540 0.7411
vn -0.1357 0.7083 0.6928
vn -0.1152 0.7783 0.6172
vn 0.9176 -0.1868 0.3509
vn 0.8560 -0.0722 0.5120
vn 0.7344 0.1558 0.6605
vn 0.8498 -0.3027 0.4315
vn 0.8051 -0.1891 0.5621
vn 0.7291 0.0520 0.6824
vn 0.7746 -0.3986 0.4910
vn 0.7500 -0.2931 0.5929
vn 0.7212 -0.0649 0.6897
vn 0.1961 0.9805 0.0122
vn 0.0001 0.9998 0.0188
vn -0.1952 0.9807 0.0125
vn 0.1735 0.9763 0.1292
vn 0.0001 0.9916 0.1291
vn -0.1727 0.9764 0.1296
vn 0.1364 0.9452 0.2965
vn 0.0001 0.9539 0.3000
vn -0.1359 0.9452 0.2968
vn 0.1998 0.5952 0.7784
vn 0.1877 0.5782 0.7940
vn 0.1770 0.5861 0.7907
vn -0.0000 0.6233 0.7820
vn -0.0000 0.5948 0.8038
vn -0.0000 0.5974 0.8020
vn -0.1995 0.5947 0.7788
vn -0.1873 0.5777 0.7944
vn -0.1765 0.5858 0.7910
vn 0.9797 0.0671 0.1891
vn 0.9756 0.1678 0.1414
vn 0.9625 0.2453 0.1159
vn 0.9016 0.1758 0.3953
vn 0.8927 0.2716 0.3596
vn 0.8752 0.3436 0.3406
vn 0.7220 0.3381 0.6037
vn 0.7018 0.4052 0.5859
vn 0.6783 0.4581 0.5745
vn -0.2080 -0.2851 -0.9356
vn -0.2045 -0.1465 -0.9678
vn -0.1978 -0.0386 -0.9795
vn -0.0000 -0.2951 -0.9555
vn -0.0000 -0.1532 -0.9882
vn -0.0000 -0.0423 -0.9991
vn 0.2082 -0.2847 -0.9357
vn 0.2049 -0.1460 -0.9678
vn 0.1984 -0.0383 -0.9794
vn -0.9868 -0.0447 -0.1559
vn -0.9779 0.0440 -0.2042
vn -0.9654 0.1190 -0.2320
vn -0.9159 -0.1011 -0.3884
vn -0.9021 -0.0083 -0.4315
vn -0.8870 0.0672 -0.4569
vn -0.7397 -0.1777 -0.6491
vn -0.7251 -0.0685 -0.6852
vn -0.7082 0.0166 -0.7058
vn -0.7205 0.3326 0.6084
vn -0.6995 0.4007 0.5918
vn -0.6748 0.4558 0.5804
vn -0.9002 0.1660 0.4026
vn -0.8915 0.2633 0.3688
vn -0.8731 0.3394 0.3499
vn -0.9789 0.0537 0.1971
vn -0.9763 0.1557 0.1504
vn -0.9632 0.2383 0.1242
vn 0.7408 -0.1718 -0.6493
vn 0.7272 -0.0628 -0.6835
vn 0.7116 0.0208 -0.7022
vn 0.9165 -0.0907 -0.3897
vn 0.9029 0.0018 -0.4298
vn 0.8889 0.0746 -0.4520
vn 0.9867 -0.0308 -0.1595
vn 0.9770 0.0574 -0.2053
vn 0.9648 0.1284 -0.2296
vn 0.1870 0.7832 -0.5930
vn 0.0001 0.8027 -0.5964
vn -0.1863 0.7831 -0.5934
vn 0.2232 0.9171 -0.3303
vn 0.0001 0.9488 -0.3159
vn -0.2223 0.9171 -0.3308
vn 0.2239 0.9658 -0.1311
vn 0.0001 0.9934 -0.1145
vn -0.2229 0.9659 -0.1315
vn -0.1922 -0.6668 -0.7201
vn -0.0000 -0.6803 -0.7330
vn 0.1922 -0.6666 -0.7202
vn -0.1674 -0.8259 -0.5384
vn -0.0000 -0.8361 -0.5486
vn 0.1673 -0.8259 -0.5384
vn -0.1388 -0.9203 -0.3657
vn -0.0000 -0.9264 -0.3766
vn 0.1387 -0.9204 -0.3656
vn 0.6745 0.1791 -0.7162
vn 0.6361 0.3095 -0.7068
vn 0.5576 0.4902 -0.6699
vn 0.8552 0.2305 -0.4642
vn 0.8051 0.3807 -0.4548
vn 0.6860 0.5912 -0.4241
vn 0.9267 0.2880 -0.2415
vn 0.8634 0.4458 -0.2363
vn 0.7205 0.6594 -0.2145
vn -0.6149 0.5723 0.5426
vn -0.5584 0.6704 0.4886
vn -0.4609 0.7892 0.4058
vn -0.8152 0.4881 0.3119
vn -0.7418 0.6170 0.2628
vn -0.5984 0.7763 0.1982
vn -0.9092 0.4071 0.0870
vn -0.8295 0.5560 0.0531
vn -0.6698 0.7423 0.0196
vn -0.9931 0.0717 0.0932
vn -0.9338 -0.2497 -0.2562
vn -0.8131 -0.4264 -0.3963
vn -0.9931 0.0726 0.0920
vn -0.9331 -0.2541 -0.2544
vn -0.8101 -0.4333 -0.3949
vn -0.9931 0.0742 0.0910
vn -0.9325 -0.2591 -0.2517
vn -0.8068 -0.4409 -0.3934
vn 0.6378 -0.5473 0.5419
vn 0.6424 -0.4741 0.6021
vn 0.6639 -0.3806 0.6437
vn 0.5697 -0.6168 0.5431
vn 0.5823 -0.5550 0.5940
vn 0.6009 -0.5080 0.6172
vn 0.4877 -0.6898 0.5351
vn 0.5068 -0.6338 0.5843
vn 0.5269 -0.5990 0.6029
vn -0.7343 0.1534 0.6613
vn -0.8550 -0.0760 0.5131
vn -0.9160 -0.1915 0.3526
vn -0.7295 0.0512 0.6820
vn -0.8053 -0.1899 0.5617
vn -0.8497 -0.3034 0.4312
vn -0.7219 -0.0646 0.6890
vn -0.7510 -0.2924 0.5921
vn -0.7757 -0.3975 0.4902
vn -0.9597 -0.2805 0.0184
vn -0.9035 -0.3701 -0.2163
vn -0.7249 -0.5017 -0.4721
vn -0.8992 -0.4173 0.1317
vn -0.8441 -0.5291 -0.0868
vn -0.6655 -0.6735 -0.3217
vn -0.8057 -0.5440 0.2342
vn -0.7436 -0.6673 0.0415
vn -0.5722 -0.8030 -0.1668
vn 0.7252 -0.5000 -0.4734
vn 0.9042 -0.3671 -0.2184
vn 0.9610 -0.2762 0.0159
vn 0.6651 -0.6736 -0.3222
vn 0.8439 -0.5293 -0.0875
vn 0.8992 -0.4174 0.1311
vn 0.5713 -0.8036 -0.1667
vn 0.7424 -0.6686 0.0416
vn 0.8045 -0.5457 0.2345
vn 0.2354 0.6781 0.6962
vn -0.0000 0.7445 0.6677
vn -0.2355 0.6779 0.6964
vn 0.2644 0.7025 0.6607
vn -0.0001 0.7908 0.6121
vn -0.2646 0.7023 0.6609
vn 0.3071 0.7009 0.6437
vn -0.0002 0.8232 0.5677
vn -0.3076 0.7002 0.6443
vn -0.2085 -0.8335 0.5117
vn 0.0002 -0.8615 0.5077
vn 0.2088 -0.8332 0.5121
vn -0.2264 -0.7922 0.5668
vn 0.0009 -0.8249 0.5652
vn 0.2276 -0.7910 0.5679
vn -0.2449 -0.7731 0.5850
vn 0.0030 -0.8106 0.5856
vn 0.2487 -0.7700 0.5876
vn -0.0804 -0.9904 0.1126
vn -0.0000 -0.9947 0.1029
vn 0.0804 -0.9904 0.1126
vn -0.1157 -0.9728 0.2005
vn -0.0000 -0.9815 0.1915
vn 0.1157 -0.9728 0.2005
vn -0.1527 -0.9399 0.3054
vn -0.0000 -0.9548 0.2972
vn 0.1527 -0.9399 0.3054
vn -0.0960 -0.9844 -0.1477
vn -0.0000 -0.9867 -0.1624
vn 0.0959 -0.9844 -0.1477
vn -0.0801 -0.9936 -0.0796
vn -0.0000 -0.9957 -0.0922
vn 0.0800 -0.9936 -0.0796
vn -0.0649 -0.9977 -0.0217
vn -0.0000 -0.9996 -0.0291
vn 0.0648 -0.9977 -0.0217
vn -0.5961 -0.7259 0.3432
vn -0.5177 -0.8327 0.1964
vn -0.3840 -0.9226 0.0362
vn -0.5012 -0.7900 0.3532
vn -0.4241 -0.8777 0.2232
vn -0.3141 -0.9456 0.0849
vn -0.4026 -0.8480 0.3446
vn -0.3315 -0.9150 0.2298
vn -0.2494 -0.9614 0.1161
vn 0.3837 -0.9228 0.0363
vn 0.5170 -0.8331 0.1965
vn 0.5953 -0.7265 0.3433
vn 0.3140 -0.9456 0.0849
vn 0.4238 -0.8778 0.2232
vn 0.5009 -0.7902 0.3532
vn 0.2493 -0.9614 0.1161
vn 0.3315 -0.9151 0.2298
vn 0.4026 -0.8480 0.3446
vn -0.6655 -0.3800 0.6425
vn -0.6435 -0.4737 0.6013
vn -0.6386 -0.5468 0.5415
vn -0.6030 -0.5083 0.6148
vn -0.5832 -0.5552 0.5930
vn -0.5701 -0.6167 0.5428
vn -0.5289 -0.6008 0.5994
vn -0.5074 -0.6347 0.5829
vn -0.4878 -0.6900 0.5347
vn 0.2203 0.6175 -0.7551
vn -0.0056 0.5909 -0.8067
vn -0.2440 0.5655 -0.7878
vn 0.2413 0.5835 -0.7754
vn 0.0134 0.5580 -0.8297
vn -0.2237 0.5325 -0.8163
vn 0.2743 0.5928 -0.7572
vn 0.0358 0.5721 -0.8194
vn -0.2108 0.5467 -0.8104
vn 0.2510 0.6046 0.7559
vn -0.0060 0.6062 0.7953
vn -0.2631 0.5861 0.7663
vn 0.2462 0.6109 0.7524
vn -0.0075 0.6097 0.7926
vn -0.2619 0.5905 0.7634
vn 0.2408 0.6204 0.7464
vn -0.0091 0.6153 0.7883
vn -0.2606 0.5971 0.7587
vn 0.8321 -0.4695 -0.2953
vn 0.9386 -0.2780 -0.2042
vn 0.9925 0.0774 0.0943
vn 0.8297 -0.4773 -0.2893
vn 0.9373 -0.2854 -0.2002
vn 0.9925 0.0791 0.0933
vn 0.8277 -0.4856 -0.2812
vn 0.9361 -0.2937 -0.1937
vn 0.9923 0.0821 0.0923
vn -0.3882 -0.7494 -0.5364
vn 0.0782 -0.8431 -0.5321
vn 0.4981 -0.7516 -0.4323
vn -0.3704 -0.7547 -0.5415
vn 0.0968 -0.8399 -0.5340
vn 0.5054 -0.7477 -0.4307
vn -0.3484 -0.7609 -0.5474
vn 0.1205 -0.8358 -0.5356
vn 0.5158 -0.7421 -0.4281
vn -0.9095 0.2081 0.3598
vn -0.9412 -0.2927 0.1688
vn -0.8378 -0.5401 0.0804
vn -0.8859 0.2269 0.4045
vn -0.9348 -0.2890 0.2063
vn -0.8272 -0.5528 0.1009
vn -0.8285 0.2644 0.4936
vn -0.9165 -0.2485 0.3136
vn -0.8124 -0.5608 0.1599
vn -0.9887 0.1036 0.1082
vn -0.8481 -0.1939 0.4931
vn -0.6904 -0.3446 0.6360
vn -0.9896 0.1143 0.0871
vn -0.8342 -0.1619 0.5272
vn -0.6662 -0.2893 0.6873
vn -0.9895 0.1244 0.0741
vn -0.8371 -0.1465 0.5271
vn -0.6715 -0.2647 0.6921
vn 0.7205 -0.4045 0.5633
vn 0.8451 -0.2606 0.4668
vn 0.9870 0.1239 0.1022
vn 0.7020 -0.3666 0.6106
vn 0.8394 -0.2286 0.4932
vn 0.9870 0.1324 0.0915
vn 0.7012 -0.3485 0.6219
vn 0.8457 -0.2080 0.4915
vn 0.9860 0.1386 0.0929
vn -0.1334 -0.5854 0.7997
vn 0.2706 -0.5912 0.7598
vn 0.5270 -0.5264 0.6672
vn -0.1653 -0.4813 0.8608
vn 0.2049 -0.5084 0.8364
vn 0.4701 -0.4734 0.7449
vn -0.2200 -0.4376 0.8718
vn 0.1365 -0.4786 0.8673
vn 0.4235 -0.4580 0.7816
vn 0.6754 0.3738 0.6357
vn 0.3885 0.5358 0.7497
vn -0.1239 0.5585 0.8202
vn 0.7809 -0.1126 0.6144
vn 0.4157 -0.0840 0.9056
vn -0.2735 -0.0737 0.9591
vn 0.6588 -0.6339 0.4051
vn 0.3053 -0.7430 0.5956
vn -0.3074 -0.7254 0.6159
vn 0.7943 -0.5951 0.1224
vn 0.9189 -0.3263 0.2216
vn 0.9145 0.1437 0.3782
vn 0.7913 -0.5952 0.1399
vn 0.9121 -0.3308 0.2421
vn 0.9119 0.1219 0.3920
vn 0.7938 -0.5805 0.1813
vn 0.9039 -0.3101 0.2947
vn 0.8989 0.1054 0.4254
vn -0.4550 -0.8902 0.0226
vn -0.0415 -0.9990 0.0183
vn 0.3797 -0.9244 0.0365
vn -0.4241 -0.9047 0.0415
vn -0.0199 -0.9989 0.0418
vn 0.3828 -0.9222 0.0553
vn -0.3704 -0.9248 0.0873
vn 0.0253 -0.9949 0.0972
vn 0.3929 -0.9146 0.0959
vn 0.3422 0.8000 0.4929
vn 0.1546 0.8570 0.4915
vn -0.0580 0.8655 0.4976
vn 0.3630 0.7841 0.5034
vn 0.1777 0.8456 0.5033
vn -0.0275 0.8588 0.5115
vn 0.3930 0.7533 0.5273
vn 0.2131 0.8201 0.5311
vn 0.0157 0.8417 0.5398
vn -0.3264 -0.8386 0.4361
vn 0.0167 -0.8964 0.4430
vn 0.3443 -0.8219 0.4538
vn -0.4039 -0.9005 0.1612
vn 0.0327 -0.9847 0.1712
vn 0.4357 -0.8749 0.2112
vn -0.4416 -0.8608 -0.2528
vn 0.0510 -0.9672 -0.2487
vn 0.5017 -0.8500 -0.1607
vn -0.2900 -0.8409 -0.4568
vn 0.2027 -0.8818 -0.4259
vn 0.5660 -0.7596 -0.3203
vn -0.2519 -0.9441 -0.2125
vn 0.2700 -0.9459 -0.1801
vn 0.6130 -0.7830 -0.1056
vn -0.1996 -0.9583 0.2044
vn 0.3226 -0.9237 0.2067
vn 0.6329 -0.7462 0.2065
vn 0.2536 0.7600 0.5984
vn -0.0179 0.7642 0.6447
vn -0.2942 0.7257 0.6219
vn 0.2847 0.9369 0.2031
vn -0.0304 0.9768 0.2122
vn -0.3611 0.9038 0.2296
vn 0.2622 0.9043 -0.3370
vn -0.0324 0.9210 -0.3882
vn -0.3512 0.8720 -0.3409
vn -0.9959 0.0641 0.0642
vn -0.9387 -0.2876 -0.1899
vn -0.8163 -0.4848 -0.3141
vn -0.9967 0.0434 0.0680
vn -0.9483 -0.3134 -0.0493
vn -0.8389 -0.5288 -0.1289
vn -0.9920 0.0454 0.1175
vn -0.9352 -0.3077 0.1754
vn -0.8299 -0.5293 0.1764
vn 0.8335 -0.5215 -0.1823
vn 0.9365 -0.3311 -0.1155
vn 0.9946 0.0721 0.0745
vn 0.8393 -0.5436 -0.0059
vn 0.9342 -0.3555 0.0287
vn 0.9943 0.0582 0.0894
vn 0.8182 -0.5267 0.2307
vn 0.9115 -0.3478 0.2194
vn 0.9898 0.0704 0.1240
vn 0.6362 -0.5867 0.5010
vn 0.7149 -0.4477 0.5372
vn 0.7832 -0.1709 0.5978
vn 0.7478 -0.5854 0.3132
vn 0.8269 -0.4124 0.3823
vn 0.8635 -0.0686 0.4997
vn 0.8422 -0.5390 -0.0112
vn 0.9353 -0.3420 0.0907
vn 0.9448 0.0306 0.3262
vn 0.3271 0.7909 0.5172
vn -0.0018 0.8715 0.4903
vn -0.3304 0.7851 0.5239
vn 0.2927 0.7735 0.5622
vn -0.0031 0.8294 0.5586
vn -0.2984 0.7636 0.5726
vn 0.2640 0.6909 0.6730
vn -0.0040 0.7185 0.6955
vn -0.2714 0.6768 0.6843
vn -0.7865 -0.1679 0.5943
vn -0.7261 -0.4450 0.5241
vn -0.6501 -0.5904 0.4784
vn -0.8655 -0.0653 0.4966
vn -0.8439 -0.4026 0.3546
vn -0.7704 -0.5824 0.2594
vn -0.9442 0.0280 0.3281
vn -0.9451 -0.3234 0.0462
vn -0.8508 -0.5156 -0.1019
vn 0.3742 0.8404 -0.3921
vn 0.1011 0.8801 -0.4639
vn -0.2059 0.8623 -0.4627
vn 0.3750 0.9234 0.0824
vn 0.1268 0.9908 0.0481
vn -0.1637 0.9855 0.0449
vn 0.3380 0.8520 0.3998
vn 0.1314 0.9098 0.3936
vn -0.1088 0.9119 0.3956
vn -0.3678 -0.5462 0.7526
vn 0.0272 -0.6146 0.7883
vn 0.3982 -0.5818 0.7092
vn -0.4649 -0.7360 0.4922
vn -0.0137 -0.8447 0.5351
vn 0.4250 -0.7659 0.4824
vn -0.4894 -0.8553 0.1702
vn -0.0440 -0.9824 0.1813
vn 0.4083 -0.8941 0.1843
vn 0.7538 -0.3932 0.5265
vn 0.8863 -0.2053 0.4152
vn 0.9694 0.1863 0.1598
vn 0.7989 -0.4712 0.3739
vn 0.9110 -0.2285 0.3432
vn 0.9341 0.2153 0.2849
vn 0.8092 -0.5494 0.2084
vn 0.9225 -0.2772 0.2686
vn 0.9113 0.1910 0.3648
vn -0.9760 0.1891 0.1078
vn -0.8934 -0.1661 0.4174
vn -0.7664 -0.3229 0.5553
vn -0.9401 0.2368 0.2454
vn -0.9292 -0.1997 0.3110
vn -0.8376 -0.4115 0.3594
vn -0.9182 0.2174 0.3312
vn -0.9436 -0.2528 0.2139
vn -0.8553 -0.4900 0.1686
vt 0.909763 0.083297
vt 0.902960 0.077483
vt 0.907573 0.072445
vt 0.915432 0.077669
vt 0.895909 0.071614
vt 0.899445 0.067263
vt 0.912255 0.067244
vt 0.921316 0.071715
vt 0.902990 0.062850
vt 0.909765 0.094648
vt 0.904220 0.088604
vt 0.916180 0.089047
vt 0.898392 0.082329
vt 0.892379 0.075890
vt 0.886282 0.069332
vt 0.888738 0.065712
vt 0.891194 0.062091
vt 0.893649 0.058471
vt 0.896105 0.054850
vt 0.906541 0.058404
vt 0.916976 0.061957
vt 0.927412 0.065510
vt 0.929737 0.076584
vt 0.937847 0.069064
vt 0.922775 0.083052
vt 0.777718 0.227546
vt 0.767485 0.220758
vt 0.774810 0.210081
vt 0.782826 0.214795
vt 0.757844 0.213655
vt 0.767517 0.204985
vt 0.781877 0.199540
vt 0.787875 0.202703
vt 0.776372 0.196119
vt 0.785133 0.250316
vt 0.772569 0.240916
vt 0.788215 0.232732
vt 0.760004 0.231516
vt 0.747440 0.222117
vt 0.734876 0.212717
vt 0.750103 0.207001
vt 0.761734 0.200050
vt 0.771966 0.192721
vt 0.780598 0.185220
vt 0.784694 0.187151
vt 0.788790 0.189081
vt 0.792885 0.191011
vt 0.794122 0.205145
vt 0.796981 0.192941
vt 0.791192 0.218368
vt 0.629753 0.164775
vt 0.632583 0.175459
vt 0.622188 0.177778
vt 0.617676 0.168003
vt 0.635375 0.186058
vt 0.626767 0.187510
vt 0.611568 0.180008
vt 0.605177 0.171086
vt 0.618060 0.188922
vt 0.639829 0.149588
vt 0.641403 0.161378
vt 0.626859 0.153978
vt 0.642685 0.173025
vt 0.643802 0.184564
vt 0.644955 0.196001
vt 0.638161 0.196609
vt 0.631367 0.197217
vt 0.624573 0.197825
vt 0.617780 0.198433
vt 0.609306 0.190312
vt 0.600831 0.182192
vt 0.592357 0.174071
vt 0.599285 0.162231
vt 0.583883 0.165951
vt 0.613373 0.158192
vt 0.773098 0.150301
vt 0.770349 0.155711
vt 0.756394 0.150699
vt 0.758614 0.143229
vt 0.767877 0.161097
vt 0.754541 0.158117
vt 0.742307 0.145706
vt 0.743971 0.135795
vt 0.740918 0.155564
vt 0.790747 0.153535
vt 0.787486 0.157134
vt 0.776088 0.145293
vt 0.784225 0.160734
vt 0.780964 0.164334
vt 0.777703 0.167933
vt 0.766069 0.166075
vt 0.753260 0.164867
vt 0.739968 0.164413
vt 0.726062 0.166108
vt 0.727102 0.153416
vt 0.728142 0.140725
vt 0.729182 0.128033
vt 0.746075 0.126645
vt 0.730222 0.115341
vt 0.761208 0.136294
vt 0.605951 0.105367
vt 0.589727 0.114019
vt 0.583072 0.107498
vt 0.599492 0.098492
vt 0.573376 0.122853
vt 0.566231 0.116926
vt 0.576432 0.101392
vt 0.592754 0.092317
vt 0.559251 0.111155
vt 0.627372 0.105388
vt 0.611723 0.113262
vt 0.621830 0.097097
vt 0.595808 0.121334
vt 0.579935 0.129389
vt 0.564934 0.136861
vt 0.557051 0.131715
vt 0.549168 0.126568
vt 0.541285 0.121422
vt 0.533401 0.116276
vt 0.554101 0.104695
vt 0.570659 0.095219
vt 0.586177 0.086511
vt 0.608334 0.084065
vt 0.600977 0.078698
vt 0.615384 0.090094
vt 0.765751 0.177415
vt 0.753046 0.179690
vt 0.752721 0.175313
vt 0.765476 0.173998
vt 0.740238 0.182044
vt 0.739851 0.176781
vt 0.752715 0.170505
vt 0.765448 0.170297
vt 0.739697 0.171157
vt 0.778624 0.177619
vt 0.766204 0.180609
vt 0.778394 0.175197
vt 0.753643 0.183791
vt 0.740924 0.187079
vt 0.727763 0.190575
vt 0.727338 0.184458
vt 0.726913 0.178341
vt 0.726488 0.172225
vt 0.777933 0.170355
vt 0.778164 0.172776
vt 0.786603 0.134025
vt 0.782876 0.137471
vt 0.767599 0.125066
vt 0.771346 0.120238
vt 0.779362 0.141112
vt 0.764217 0.130312
vt 0.752191 0.112512
vt 0.755804 0.106327
vt 0.748913 0.119128
vt 0.805402 0.146038
vt 0.801738 0.147912
vt 0.790486 0.130100
vt 0.798075 0.149786
vt 0.794411 0.151660
vt 0.733464 0.107605
vt 0.736706 0.099868
vt 0.739948 0.092132
vt 0.760352 0.101209
vt 0.743190 0.084395
vt 0.775657 0.115747
vt 0.616517 0.122377
vt 0.620472 0.132448
vt 0.605339 0.138806
vt 0.600942 0.129675
vt 0.623836 0.143104
vt 0.609357 0.148396
vt 0.589941 0.145120
vt 0.585283 0.136943
vt 0.594420 0.153577
vt 0.631796 0.115152
vt 0.635216 0.126070
vt 0.637828 0.137697
vt 0.579146 0.158679
vt 0.574409 0.151406
vt 0.569672 0.144133
vt 0.819583 0.234656
vt 0.809374 0.235024
vt 0.807969 0.220769
vt 0.815883 0.220521
vt 0.798829 0.234739
vt 0.799648 0.220227
vt 0.806710 0.206795
vt 0.812686 0.206669
vt 0.800458 0.206391
vt 0.836598 0.248582
vt 0.823732 0.249016
vt 0.828635 0.233599
vt 0.810866 0.249449
vt 0.797999 0.249883
vt 0.801260 0.192966
vt 0.805539 0.192991
vt 0.809818 0.193016
vt 0.817992 0.205958
vt 0.814097 0.193041
vt 0.822882 0.219560
vt 0.931647 0.105806
vt 0.927275 0.100318
vt 0.935179 0.094438
vt 0.940104 0.100163
vt 0.922067 0.094726
vt 0.929374 0.088681
vt 0.943319 0.088371
vt 0.949049 0.094468
vt 0.936932 0.082289
vt 0.926552 0.116587
vt 0.923473 0.111316
vt 0.934983 0.111182
vt 0.919544 0.105947
vt 0.914922 0.100414
vt 0.944722 0.075636
vt 0.951596 0.082208
vt 0.958470 0.088780
vt 0.953276 0.100382
vt 0.965344 0.095353
vt 0.943744 0.105751
vt 0.899657 0.126568
vt 0.896823 0.121410
vt 0.904329 0.116419
vt 0.907446 0.121703
vt 0.893755 0.116139
vt 0.900806 0.110961
vt 0.911901 0.111293
vt 0.915402 0.116620
vt 0.907851 0.105776
vt 0.894697 0.136196
vt 0.892025 0.131265
vt 0.901920 0.131959
vt 0.889352 0.126335
vt 0.886680 0.121404
vt 0.884007 0.116474
vt 0.890644 0.110316
vt 0.897052 0.105058
vt 0.903409 0.099922
vt 0.918193 0.121898
vt 0.909936 0.127051
vt 0.676303 0.092854
vt 0.677596 0.106470
vt 0.663568 0.113174
vt 0.661382 0.100713
vt 0.678110 0.120754
vt 0.664702 0.126527
vt 0.649514 0.119679
vt 0.646661 0.108030
vt 0.651368 0.132174
vt 0.691474 0.069152
vt 0.691554 0.084399
vt 0.673446 0.081292
vt 0.691635 0.099645
vt 0.691716 0.114892
vt 0.691796 0.130139
vt 0.677481 0.135353
vt 0.664782 0.140269
vt 0.652372 0.145015
vt 0.642613 0.097771
vt 0.657782 0.089976
vt 0.769347 0.189537
vt 0.758056 0.195639
vt 0.755910 0.191610
vt 0.767844 0.186529
vt 0.745943 0.201521
vt 0.743698 0.196642
vt 0.754542 0.187717
vt 0.766867 0.183597
vt 0.742094 0.191892
vt 0.780105 0.183320
vt 0.733097 0.207181
vt 0.731319 0.201646
vt 0.729541 0.196110
vt 0.779118 0.179519
vt 0.779611 0.181420
vt 0.835487 0.231541
vt 0.828584 0.217873
vt 0.833338 0.215555
vt 0.841158 0.228853
vt 0.822189 0.204478
vt 0.825692 0.202470
vt 0.837604 0.212642
vt 0.846369 0.225652
vt 0.828925 0.200082
vt 0.842841 0.245430
vt 0.816124 0.191277
vt 0.818151 0.189513
vt 0.820178 0.187749
vt 0.822205 0.185985
vt 0.832429 0.197298
vt 0.841563 0.208829
vt 0.850811 0.221112
vt 0.855326 0.239125
vt 0.861569 0.235973
vt 0.849083 0.242278
vt 0.675013 0.150156
vt 0.671585 0.165016
vt 0.662061 0.167783
vt 0.663794 0.154047
vt 0.667857 0.179865
vt 0.659948 0.181472
vt 0.652471 0.170461
vt 0.652675 0.157796
vt 0.651960 0.183039
vt 0.686442 0.146171
vt 0.681087 0.162204
vt 0.675732 0.178236
vt 0.670377 0.194269
vt 0.664021 0.194702
vt 0.657666 0.195135
vt 0.651310 0.195568
vt 0.887662 0.103432
vt 0.884725 0.095974
vt 0.889285 0.091506
vt 0.893202 0.098521
vt 0.881772 0.088325
vt 0.885308 0.084235
vt 0.893838 0.086981
vt 0.898713 0.093631
vt 0.888844 0.080096
vt 0.882084 0.108446
vt 0.880160 0.100418
vt 0.878237 0.092390
vt 0.876314 0.084363
vt 0.878806 0.080605
vt 0.881298 0.076847
vt 0.883790 0.073090
vt 0.901124 0.170382
vt 0.906478 0.173299
vt 0.906463 0.174069
vt 0.901146 0.171124
vt 0.911832 0.176210
vt 0.911785 0.176969
vt 0.906436 0.174969
vt 0.901160 0.171945
vt 0.911726 0.177842
vt 0.895709 0.166774
vt 0.901098 0.169679
vt 0.895770 0.167462
vt 0.906487 0.172584
vt 0.911876 0.175489
vt 0.917265 0.178394
vt 0.917187 0.179117
vt 0.917109 0.179840
vt 0.917032 0.180563
vt 0.916954 0.181286
vt 0.911624 0.179128
vt 0.906381 0.176146
vt 0.901163 0.172905
vt 0.895893 0.168839
vt 0.895954 0.169527
vt 0.895831 0.168150
vt 0.580094 0.080776
vt 0.566360 0.088619
vt 0.562884 0.081842
vt 0.574370 0.074951
vt 0.552784 0.096579
vt 0.552226 0.088489
vt 0.559437 0.075201
vt 0.568781 0.068917
vt 0.550794 0.081260
vt 0.593553 0.073684
vt 0.541619 0.102933
vt 0.543853 0.093580
vt 0.543934 0.085916
vt 0.541325 0.080744
vt 0.548621 0.074707
vt 0.555918 0.068671
vt 0.563214 0.062634
vt 0.578478 0.063432
vt 0.570510 0.056598
vt 0.586074 0.068719
vt 0.903224 0.137944
vt 0.911669 0.132637
vt 0.912935 0.138393
vt 0.904051 0.144216
vt 0.920192 0.127247
vt 0.921653 0.132700
vt 0.914158 0.144171
vt 0.904931 0.150452
vt 0.922916 0.138265
vt 0.894888 0.143152
vt 0.928704 0.121837
vt 0.930169 0.127170
vt 0.931266 0.132697
vt 0.932313 0.138530
vt 0.924335 0.143940
vt 0.915895 0.149737
vt 0.906849 0.156032
vt 0.895270 0.157064
vt 0.895461 0.164020
vt 0.895079 0.150108
vt 0.937171 0.116467
vt 0.945798 0.111162
vt 0.946704 0.116573
vt 0.938482 0.121813
vt 0.954823 0.105938
vt 0.954949 0.111385
vt 0.947032 0.122230
vt 0.939274 0.127404
vt 0.954632 0.117006
vt 0.964281 0.100786
vt 0.963218 0.106220
vt 0.962155 0.111653
vt 0.961092 0.117087
vt 0.954164 0.123289
vt 0.947128 0.128446
vt 0.939879 0.133432
vt 0.667866 0.073562
vt 0.652467 0.081604
vt 0.645763 0.075127
vt 0.660730 0.067988
vt 0.637241 0.089300
vt 0.630730 0.082394
vt 0.638054 0.069904
vt 0.652825 0.063336
vt 0.623332 0.076692
vt 0.683582 0.065019
vt 0.615248 0.071881
vt 0.629343 0.065720
vt 0.643737 0.059703
vt 0.667798 0.056753
vt 0.659905 0.052620
vt 0.675690 0.060886
vt 0.794390 0.124823
vt 0.780657 0.111580
vt 0.785949 0.107742
vt 0.798263 0.119061
vt 0.766667 0.098215
vt 0.773731 0.096281
vt 0.790971 0.104297
vt 0.801931 0.113555
vt 0.780594 0.094683
vt 0.808019 0.138167
vt 0.752380 0.084566
vt 0.761571 0.084736
vt 0.770761 0.084907
vt 0.779951 0.085077
vt 0.786073 0.093305
vt 0.795005 0.101539
vt 0.804954 0.109170
vt 0.813252 0.122425
vt 0.815869 0.114553
vt 0.810635 0.130296
vt 0.868224 0.151847
vt 0.862584 0.150964
vt 0.862411 0.142905
vt 0.867175 0.143462
vt 0.857220 0.150322
vt 0.857705 0.142161
vt 0.862073 0.135372
vt 0.865992 0.135482
vt 0.858078 0.134382
vt 0.876313 0.161902
vt 0.868516 0.160028
vt 0.874144 0.152904
vt 0.862278 0.158843
vt 0.856516 0.158129
vt 0.850970 0.158477
vt 0.852002 0.149890
vt 0.853035 0.141304
vt 0.854067 0.132718
vt 0.855100 0.124132
vt 0.858363 0.128136
vt 0.861792 0.129367
vt 0.865072 0.129078
vt 0.869806 0.134908
vt 0.867636 0.125910
vt 0.871975 0.143906
vt 0.862884 0.181509
vt 0.857628 0.179273
vt 0.859639 0.172791
vt 0.865228 0.174568
vt 0.852573 0.177052
vt 0.854193 0.171101
vt 0.861249 0.166071
vt 0.867285 0.167513
vt 0.855499 0.164904
vt 0.865492 0.190889
vt 0.860501 0.188824
vt 0.868198 0.183642
vt 0.855169 0.185644
vt 0.850161 0.182473
vt 0.846695 0.180447
vt 0.847764 0.174954
vt 0.848833 0.169462
vt 0.849901 0.163969
vt 0.873608 0.169148
vt 0.870903 0.176395
vt 0.853837 0.214058
vt 0.845310 0.203872
vt 0.848866 0.198106
vt 0.856175 0.205728
vt 0.836856 0.194125
vt 0.841634 0.190620
vt 0.852203 0.191960
vt 0.858330 0.197110
vt 0.846267 0.186832
vt 0.862550 0.224702
vt 0.828328 0.184600
vt 0.834450 0.183216
vt 0.840573 0.181831
vt 0.864511 0.202160
vt 0.863531 0.213431
vt 0.940565 0.140034
vt 0.947235 0.135449
vt 0.947397 0.143049
vt 0.941378 0.147114
vt 0.953691 0.130819
vt 0.953235 0.139033
vt 0.947603 0.150979
vt 0.942304 0.154519
vt 0.952792 0.147484
vt 0.933571 0.144746
vt 0.960039 0.126062
vt 0.958985 0.135037
vt 0.957932 0.144013
vt 0.956879 0.152988
vt 0.952356 0.156025
vt 0.947833 0.159062
vt 0.943309 0.162100
vt 0.936767 0.158091
vt 0.938786 0.165137
vt 0.935064 0.151293
vt 0.632695 0.057533
vt 0.619615 0.062423
vt 0.609177 0.059683
vt 0.620651 0.056117
vt 0.606657 0.067664
vt 0.597675 0.063728
vt 0.598379 0.057173
vt 0.608313 0.054933
vt 0.588407 0.059781
vt 0.646011 0.052693
vt 0.578965 0.055677
vt 0.587419 0.054755
vt 0.595874 0.053834
vt 0.618222 0.052839
vt 0.604328 0.052912
vt 0.632117 0.052766
vt 0.910959 0.160193
vt 0.918542 0.154931
vt 0.921722 0.159971
vt 0.915476 0.164102
vt 0.926188 0.149722
vt 0.928415 0.155621
vt 0.924962 0.165105
vt 0.919428 0.168367
vt 0.930881 0.161636
vt 0.904797 0.164650
vt 0.933484 0.167728
vt 0.928182 0.170320
vt 0.922880 0.172911
vt 0.915133 0.171058
vt 0.917578 0.175502
vt 0.910652 0.167467
vt 0.816753 0.092286
vt 0.808741 0.085234
vt 0.810625 0.081582
vt 0.817503 0.088032
vt 0.800573 0.078564
vt 0.803747 0.075117
vt 0.812511 0.077975
vt 0.818247 0.083810
vt 0.806928 0.071705
vt 0.825056 0.104837
vt 0.815967 0.095843
vt 0.824718 0.099654
vt 0.807093 0.088322
vt 0.797943 0.081481
vt 0.787553 0.075694
vt 0.792211 0.072169
vt 0.796869 0.068643
vt 0.801526 0.065117
vt 0.806183 0.061592
vt 0.809617 0.068933
vt 0.814163 0.075044
vt 0.818982 0.080386
vt 0.824043 0.089289
vt 0.823706 0.084107
vt 0.824381 0.094472
vt 0.810363 0.103473
vt 0.801295 0.096033
vt 0.801979 0.095250
vt 0.811067 0.102690
vt 0.792227 0.088598
vt 0.792889 0.087814
vt 0.802670 0.094457
vt 0.811778 0.101897
vt 0.793555 0.087024
vt 0.818704 0.111703
vt 0.809662 0.104242
vt 0.819429 0.110917
vt 0.800615 0.096806
vt 0.791567 0.089376
vt 0.782518 0.081951
vt 0.783158 0.081166
vt 0.783797 0.080381
vt 0.784437 0.079596
vt 0.785076 0.078811
vt 0.794224 0.086227
vt 0.803373 0.093647
vt 0.812510 0.101080
vt 0.820879 0.109345
vt 0.821604 0.108560
vt 0.820154 0.110131
vt 0.535049 0.087343
vt 0.533351 0.095491
vt 0.532494 0.094865
vt 0.534151 0.086871
vt 0.531659 0.103641
vt 0.530876 0.102874
vt 0.531529 0.094196
vt 0.533159 0.086363
vt 0.530025 0.102079
vt 0.537669 0.079508
vt 0.535915 0.087803
vt 0.536750 0.079197
vt 0.534162 0.096099
vt 0.532410 0.104396
vt 0.530660 0.112694
vt 0.529970 0.111793
vt 0.529280 0.110892
vt 0.528591 0.109991
vt 0.527901 0.109090
vt 0.529055 0.101224
vt 0.530335 0.093438
vt 0.531829 0.085736
vt 0.534912 0.078576
vt 0.533993 0.078265
vt 0.535831 0.078886
vt 0.865499 0.120600
vt 0.862389 0.120188
vt 0.862665 0.119124
vt 0.865764 0.119564
vt 0.859270 0.119784
vt 0.859528 0.118765
vt 0.863045 0.117835
vt 0.866114 0.118351
vt 0.859857 0.117584
vt 0.868365 0.121980
vt 0.865274 0.121573
vt 0.868603 0.121016
vt 0.862164 0.121159
vt 0.859047 0.120741
vt 0.855922 0.120315
vt 0.856146 0.119384
vt 0.856368 0.118454
vt 0.856591 0.117523
vt 0.856814 0.116593
vt 0.860351 0.115976
vt 0.863643 0.116059
vt 0.866733 0.116597
vt 0.869079 0.119087
vt 0.869318 0.118123
vt 0.868841 0.120051
vt 0.880405 0.185172
vt 0.882230 0.188136
vt 0.880840 0.191944
vt 0.879352 0.189900
vt 0.884213 0.190666
vt 0.882376 0.193856
vt 0.879315 0.196124
vt 0.878207 0.194925
vt 0.880429 0.197306
vt 0.879472 0.175897
vt 0.881248 0.181388
vt 0.878683 0.181836
vt 0.883331 0.185122
vt 0.885684 0.188114
vt 0.888732 0.190110
vt 0.886337 0.192900
vt 0.883942 0.195689
vt 0.881546 0.198478
vt 0.879151 0.201268
vt 0.878442 0.200865
vt 0.877732 0.200462
vt 0.877023 0.200059
vt 0.877103 0.193716
vt 0.876314 0.199656
vt 0.877893 0.187776
vt 0.895694 0.177431
vt 0.899656 0.182324
vt 0.895402 0.182093
vt 0.891726 0.177418
vt 0.904177 0.187521
vt 0.899080 0.186819
vt 0.891141 0.181717
vt 0.887751 0.177316
vt 0.893980 0.185989
vt 0.896229 0.172664
vt 0.898853 0.177137
vt 0.892140 0.172719
vt 0.903057 0.182039
vt 0.908254 0.187471
vt 0.915556 0.194442
vt 0.909158 0.193009
vt 0.902760 0.191576
vt 0.896362 0.190143
vt 0.889964 0.188710
vt 0.889897 0.185398
vt 0.887718 0.181486
vt 0.884559 0.177334
vt 0.883962 0.172829
vt 0.879872 0.172884
vt 0.888051 0.172774
vt 0.518407 0.088806
vt 0.519312 0.096230
vt 0.516039 0.100446
vt 0.514674 0.093926
vt 0.520406 0.102942
vt 0.517362 0.106939
vt 0.512885 0.104743
vt 0.511047 0.099109
vt 0.514390 0.110992
vt 0.521991 0.074208
vt 0.521904 0.084992
vt 0.517638 0.080798
vt 0.522341 0.093126
vt 0.523121 0.100000
vt 0.524657 0.104852
vt 0.521658 0.109133
vt 0.518660 0.113414
vt 0.515661 0.117694
vt 0.512662 0.121975
vt 0.511896 0.114159
vt 0.510279 0.108132
vt 0.508081 0.103204
vt 0.508930 0.093978
vt 0.504576 0.100568
vt 0.513284 0.087388
vt 0.865882 0.096784
vt 0.861992 0.097332
vt 0.858194 0.091741
vt 0.861271 0.090955
vt 0.858787 0.098199
vt 0.855167 0.092430
vt 0.854259 0.086420
vt 0.856548 0.085336
vt 0.851452 0.086857
vt 0.876313 0.102836
vt 0.869175 0.102206
vt 0.870345 0.096474
vt 0.864697 0.102534
vt 0.861425 0.103451
vt 0.859974 0.105598
vt 0.856071 0.099330
vt 0.852169 0.093062
vt 0.848266 0.086794
vt 0.844363 0.080526
vt 0.848453 0.082401
vt 0.851062 0.082184
vt 0.852739 0.080837
vt 0.858409 0.083749
vt 0.852441 0.077386
vt 0.864377 0.090111
vt 0.839954 0.062668
vt 0.839958 0.060715
vt 0.841484 0.060855
vt 0.841336 0.062670
vt 0.840497 0.058361
vt 0.841785 0.058804
vt 0.842579 0.061658
vt 0.842413 0.063185
vt 0.842733 0.059728
vt 0.839318 0.064224
vt 0.837849 0.063590
vt 0.840300 0.064284
vt 0.837465 0.061423
vt 0.837995 0.058596
vt 0.840839 0.054850
vt 0.841509 0.055731
vt 0.842178 0.056612
vt 0.842847 0.057492
vt 0.843516 0.058373
vt 0.843714 0.061449
vt 0.843536 0.063312
vt 0.843304 0.064512
vt 0.842263 0.064403
vt 0.843244 0.064463
vt 0.841281 0.064343
vt 0.498606 0.104671
vt 0.499538 0.108447
vt 0.494841 0.106989
vt 0.494239 0.104103
vt 0.501004 0.112388
vt 0.495606 0.109927
vt 0.489688 0.105390
vt 0.489543 0.103451
vt 0.489854 0.107335
vt 0.502385 0.100705
vt 0.502101 0.105126
vt 0.498060 0.100976
vt 0.503257 0.109602
vt 0.505326 0.114361
vt 0.509344 0.120115
vt 0.502907 0.116504
vt 0.496469 0.112894
vt 0.490031 0.109284
vt 0.483594 0.105674
vt 0.483967 0.104702
vt 0.484340 0.103730
vt 0.484712 0.102759
vt 0.489410 0.101517
vt 0.485085 0.101787
vt 0.493735 0.101246
vt 0.847871 0.071575
vt 0.846510 0.072401
vt 0.845556 0.069179
vt 0.846469 0.068000
vt 0.845256 0.073597
vt 0.844667 0.070357
vt 0.844537 0.065961
vt 0.845021 0.064423
vt 0.844025 0.067126
vt 0.851275 0.075268
vt 0.849006 0.074511
vt 0.849335 0.071044
vt 0.847275 0.075062
vt 0.845731 0.076269
vt 0.844340 0.078606
vt 0.844066 0.075070
vt 0.843792 0.071534
vt 0.843518 0.067999
vt 0.845456 0.062597
vt 0.847395 0.066820
vt 0.826832 0.072560
vt 0.824416 0.067825
vt 0.829021 0.065434
vt 0.830694 0.069279
vt 0.821477 0.063362
vt 0.827345 0.061558
vt 0.833633 0.063127
vt 0.834568 0.066057
vt 0.833213 0.059823
vt 0.825413 0.081987
vt 0.823634 0.075262
vt 0.828889 0.077546
vt 0.820610 0.069833
vt 0.816656 0.064894
vt 0.810497 0.060479
vt 0.818083 0.059072
vt 0.825669 0.057665
vt 0.833254 0.056258
vt 0.835842 0.068665
vt 0.832365 0.073105
vt 0.864823 0.125624
vt 0.861716 0.125628
vt 0.861800 0.123520
vt 0.864909 0.123814
vt 0.858522 0.124743
vt 0.858664 0.122953
vt 0.861962 0.122174
vt 0.865075 0.122579
vt 0.858842 0.121733
vt 0.867819 0.124928
vt 0.855305 0.123177
vt 0.855511 0.122223
vt 0.855717 0.121269
vt 0.868183 0.122962
vt 0.868001 0.123945
vt 0.867828 0.113827
vt 0.864502 0.113581
vt 0.865318 0.110489
vt 0.869013 0.110429
vt 0.861084 0.113613
vt 0.861802 0.110736
vt 0.865632 0.106876
vt 0.869807 0.106638
vt 0.862158 0.107468
vt 0.871067 0.114301
vt 0.857604 0.113844
vt 0.858394 0.111095
vt 0.859184 0.108346
vt 0.874565 0.106658
vt 0.872816 0.110480
vt 0.813290 0.100202
vt 0.804103 0.092792
vt 0.804904 0.091777
vt 0.814132 0.099201
vt 0.794902 0.085405
vt 0.795625 0.084478
vt 0.805850 0.090415
vt 0.815047 0.097927
vt 0.796491 0.083301
vt 0.822467 0.107629
vt 0.785696 0.078032
vt 0.786315 0.077253
vt 0.786934 0.076473
vt 0.824193 0.105768
vt 0.823330 0.106698
vt 0.901127 0.174040
vt 0.906251 0.177692
vt 0.905882 0.179402
vt 0.900932 0.175234
vt 0.911414 0.181206
vt 0.911014 0.183619
vt 0.905004 0.180977
vt 0.900371 0.176338
vt 0.910218 0.185919
vt 0.896023 0.170311
vt 0.916605 0.184575
vt 0.916255 0.187864
vt 0.915905 0.191153
vt 0.896160 0.171880
vt 0.896091 0.171096
vt 0.529836 0.084910
vt 0.528807 0.092599
vt 0.526976 0.091939
vt 0.527454 0.084151
vt 0.527912 0.100308
vt 0.526598 0.099518
vt 0.524866 0.091867
vt 0.524855 0.083844
vt 0.525082 0.099157
vt 0.530993 0.077251
vt 0.527090 0.108030
vt 0.526279 0.106971
vt 0.525468 0.105912
vt 0.524992 0.075222
vt 0.527992 0.076236
vt 0.540088 0.087926
vt 0.538901 0.096123
vt 0.536406 0.096813
vt 0.538072 0.088377
vt 0.536400 0.105327
vt 0.534339 0.105557
vt 0.535044 0.096641
vt 0.536828 0.088217
vt 0.533209 0.105104
vt 0.540411 0.080435
vt 0.532716 0.115381
vt 0.532031 0.114485
vt 0.531345 0.113590
vt 0.538583 0.079817
vt 0.539497 0.080126
vt 0.806872 0.106959
vt 0.797532 0.099693
vt 0.798970 0.098491
vt 0.808074 0.105842
vt 0.788787 0.092074
vt 0.790048 0.091035
vt 0.799901 0.097588
vt 0.808942 0.105003
vt 0.790882 0.090163
vt 0.816578 0.113841
vt 0.780593 0.084296
vt 0.781235 0.083514
vt 0.781877 0.082732
vt 0.817995 0.112415
vt 0.817286 0.113128
vt 0.902122 0.166960
vt 0.908000 0.169638
vt 0.906913 0.170944
vt 0.901326 0.168128
vt 0.913041 0.172783
vt 0.912244 0.173903
vt 0.906546 0.171850
vt 0.901106 0.168962
vt 0.911954 0.174755
vt 0.895523 0.164709
vt 0.917500 0.176225
vt 0.917422 0.176948
vt 0.917343 0.177671
vt 0.895647 0.166085
vt 0.895585 0.165397
vt 0.819764 0.078580
vt 0.815447 0.073223
vt 0.816637 0.072121
vt 0.820633 0.077599
vt 0.811269 0.067429
vt 0.812524 0.066593
vt 0.818155 0.071157
vt 0.821754 0.076713
vt 0.814019 0.065871
vt 0.824132 0.083577
vt 0.807262 0.061314
vt 0.808341 0.061035
vt 0.809419 0.060757
vt 0.824986 0.082517
vt 0.824559 0.083047
vt 0.850901 0.078478
vt 0.849211 0.079598
vt 0.848318 0.078082
vt 0.850128 0.077230
vt 0.846981 0.080072
vt 0.846375 0.078849
vt 0.847797 0.076802
vt 0.849636 0.076155
vt 0.846045 0.077808
vt 0.852150 0.076857
vt 0.844358 0.080046
vt 0.844352 0.079566
vt 0.844346 0.079086
vt 0.851566 0.075798
vt 0.851858 0.076327
vt 0.506400 0.104993
vt 0.508499 0.109908
vt 0.507147 0.110446
vt 0.505296 0.105467
vt 0.510279 0.115472
vt 0.509057 0.115671
vt 0.505629 0.110293
vt 0.504092 0.105434
vt 0.507687 0.115342
vt 0.504028 0.100602
vt 0.511833 0.121510
vt 0.511003 0.121045
vt 0.510174 0.120580
vt 0.502933 0.100671
vt 0.503480 0.100636
vt 0.882950 0.177683
vt 0.885719 0.181625
vt 0.884713 0.182181
vt 0.882231 0.178338
vt 0.887921 0.185410
vt 0.887069 0.185848
vt 0.884062 0.183228
vt 0.881772 0.179374
vt 0.886487 0.186644
vt 0.879773 0.173637
vt 0.889656 0.189060
vt 0.889348 0.189410
vt 0.889040 0.189760
vt 0.879573 0.175144
vt 0.879673 0.174390
s 1
usemtl Material
f 4019/2957/4019 4020/2958/4020 4023/2959/4023 4022/2960/4022
f 4020/2958/4020 4021/2961/4021 4024/2962/4024 4023/2959/4023
f 4022/2960/4022 4023/2959/4023 4026/2963/4026 4025/2964/4025
f 4023/2959/4023 4024/2962/4024 4027/2965/4027 4026/2963/4026
f 3670/2966/3670 3802/2967/3802 4019/2957/4019 3764/2968/3764
f 3802/2967/3802 3801/2969/3801 4020/2958/4020 4019/2957/4019
f 3801/2969/3801 3800/2970/3800 4021/2961/4021 4020/2958/4020
f 3800/2970/3800 3666/2971/3666 3713/2972/3713 4021/2961/4021
f 4021/2961/4021 3713/2972/3713 3714/2973/3714 4024/2962/4024
f 4024/2962/4024 3714/2973/3714 3715/2974/3715 4027/2965/4027
f 4027/2965/4027 3715/2974/3715 3656/2975/3656 3746/2976/3746
f 4026/2963/4026 4027/2965/4027 3746/2976/3746 3747/2977/3747
f 4025/2964/4025 4026/2963/4026 3747/2977/3747 3748/2978/3748
f 3766/2979/3766 4025/2964/4025 3748/2978/3748 3662/2980/3662
f 3765/2981/3765 4022/2960/4022 4025/2964/4025 3766/2979/3766
f 3764/2968/3764 4019/2957/4019 4022/2960/4022 3765/2981/3765
f 4028/2982/4028 4029/2983/4029 4032/2984/4032 4031/2985/4031
f 4029/2983/4029 4030/2986/4030 4033/2987/4033 4032/2984/4032
f 4031/2985/4031 4032/2984/4032 4035/2988/4035 4034/2989/4034
f 4032/2984/4032 4033/2987/4033 4036/2990/4036 4035/2988/4035
f 3662/2991/3662 3748/2992/3748 4028/2982/4028 3761/2993/3761
f 3748/2992/3748 3747/2994/3747 4029/2983/4029 4028/2982/4028
f 3747/2994/3747 3746/2995/3746 4030/2986/4030 4029/2983/4029
f 3746/2995/3746 3656/2996/3656 3722/2997/3722 4030/2986/4030
f 4030/2986/4030 3722/2997/3722 3723/2998/3723 4033/2987/4033
f 4033/2987/4033 3723/2998/3723 3724/2999/3724 4036/2990/4036
f 4036/2990/4036 3724/2999/3724 3660/3000/3660 3749/3001/3749
f 4035/2988/4035 4036/2990/4036 3749/3001/3749 3750/3002/3750
f 4034/2989/4034 4035/2988/4035 3750/3002/3750 3751/3003/3751
f 3763/3004/3763 4034/2989/4034 3751/3003/3751 3663/3005/3663
f 3762/3006/3762 4031/2985/4031 4034/2989/4034 3763/3004/3763
f 3761/2993/3761 4028/2982/4028 4031/2985/4031 3762/3006/3762
f 4037/3007/4037 4038/3008/4038 4041/3009/4041 4040/3010/4040
f 4038/3008/4038 4039/3011/4039 4042/3012/4042 4041/3009/4041
f 4040/3010/4040 4041/3009/4041 4044/3013/4044 4043/3014/4043
f 4041/3009/4041 4042/3012/4042 4045/3015/4045 4044/3013/4044
f 3669/3016/3669 3799/3017/3799 4037/3007/4037 3758/3018/3758
f 3799/3017/3799 3798/3019/3798 4038/3008/4038 4037/3007/4037
f 3798/3019/3798 3797/3020/3797 4039/3011/4039 4038/3008/4038
f 3797/3020/3797 3668/3021/3668 3731/3022/3731 4039/3011/4039
f 4039/3011/4039 3731/3022/3731 3732/3023/3732 4042/3012/4042
f 4042/3012/4042 3732/3023/3732 3733/3024/3733 4045/3015/4045
f 4045/3015/4045 3733/3024/3733 3658/3025/3658 3752/3026/3752
f 4044/3013/4044 4045/3015/4045 3752/3026/3752 3753/3027/3753
f 4043/3014/4043 4044/3013/4044 3753/3027/3753 3754/3028/3754
f 3760/3029/3760 4043/3014/4043 3754/3028/3754 3664/3030/3664
f 3759/3031/3759 4040/3010/4040 4043/3014/4043 3760/3029/3760
f 3758/3018/3758 4037/3007/4037 4040/3010/4040 3759/3031/3759
f 4046/3032/4046 4047/3033/4047 4050/3034/4050 4049/3035/4049
f 4047/3033/4047 4048/3036/4048 4051/3037/4051 4050/3034/4050
f 4049/3035/4049 4050/3034/4050 4053/3038/4053 4052/3039/4052
f 4050/3034/4050 4051/3037/4051 4054/3040/4054 4053/3038/4053
f 3664/3041/3664 3754/3042/3754 4046/3032/4046 3755/3043/3755
f 3754/3042/3754 3753/3044/3753 4047/3033/4047 4046/3032/4046
f 3753/3044/3753 3752/3045/3752 4048/3036/4048 4047/3033/4047
f 3752/3045/3752 3658/3046/3658 3740/3047/3740 4048/3036/4048
f 4048/3036/4048 3740/3047/3740 3741/3048/3741 4051/3037/4051
f 4051/3037/4051 3741/3048/3741 3742/3049/3742 4054/3040/4054
f 4054/3040/4054 3742/3049/3742 3654/3050/3654 3712/3051/3712
f 4053/3038/4053 4054/3040/4054 3712/3051/3712 3711/3052/3711
f 4052/3039/4052 4053/3038/4053 3711/3052/3711 3710/3053/3710
f 3757/3054/3757 4052/3039/4052 3710/3053/3710 3661/3055/3661
f 3756/3056/3756 4049/3035/4049 4052/3039/4052 3757/3054/3757
f 3755/3043/3755 4046/3032/4046 4049/3035/4049 3756/3056/3756
f 4055/3057/4055 4056/3058/4056 4059/3059/4059 4058/3060/4058
f 4056/3058/4056 4057/3061/4057 4060/3062/4060 4059/3059/4059
f 4058/3060/4058 4059/3059/4059 4062/3063/4062 4061/3064/4061
f 4059/3059/4059 4060/3062/4060 4063/3065/4063 4062/3063/4062
f 3667/3066/3667 3775/3067/3775 4055/3057/4055 3832/3068/3832
f 3775/3067/3775 3774/3069/3774 4056/3058/4056 4055/3057/4055
f 3774/3069/3774 3773/3070/3773 4057/3061/4057 4056/3058/4056
f 3773/3070/3773 3657/3071/3657 3827/3072/3827 4057/3061/4057
f 4057/3061/4057 3827/3072/3827 3828/3073/3828 4060/3062/4060
f 4060/3062/4060 3828/3073/3828 3829/3074/3829 4063/3065/4063
f 4063/3065/4063 3829/3074/3829 3676/3075/3676 3818/3076/3818
f 4062/3063/4062 4063/3065/4063 3818/3076/3818 3819/3077/3819
f 4061/3064/4061 4062/3063/4062 3819/3077/3819 3820/3078/3820
f 3830/3079/3830 4061/3064/4061 3820/3078/3820 3675/3080/3675
f 3831/3081/3831 4058/3060/4058 4061/3064/4061 3830/3079/3830
f 3832/3068/3832 4055/3057/4055 4058/3060/4058 3831/3081/3831
f 4064/3082/4064 4065/3083/4065 4068/3084/4068 4067/3085/4067
f 4065/3083/4065 4066/3086/4066 4069/3087/4069 4068/3084/4068
f 4067/3085/4067 4068/3084/4068 4071/3088/4071 4070/3089/4070
f 4068/3084/4068 4069/3087/4069 4072/3090/4072 4071/3088/4071
f 3668/3091/3668 3793/3092/3793 4064/3082/4064 3731/3093/3731
f 3793/3092/3793 3792/3094/3792 4065/3083/4065 4064/3082/4064
f 3792/3094/3792 3791/3095/3791 4066/3086/4066 4065/3083/4065
f 3791/3095/3791 3666/3096/3666 3772/3097/3772 4066/3086/4066
f 4066/3086/4066 3772/3097/3772 3771/3098/3771 4069/3087/4069
f 4069/3087/4069 3771/3098/3771 3770/3099/3770 4072/3090/4072
f 4072/3090/4072 3770/3099/3770 3654/3050/3654 3742/3049/3742
f 4071/3088/4071 4072/3090/4072 3742/3049/3742 3741/3048/3741
f 4070/3089/4070 4071/3088/4071 3741/3048/3741 3740/3047/3740
f 3733/3100/3733 4070/3089/4070 3740/3047/3740 3658/3046/3658
f 3732/3101/3732 4067/3085/4067 4070/3089/4070 3733/3100/3733
f 3731/3093/3731 4064/3082/4064 4067/3085/4067 3732/3101/3732
f 4073/3102/4073 4074/3103/4074 4077/3104/4077 4076/3105/4076
f 4074/3103/4074 4075/3106/4075 4078/3107/4078 4077/3104/4077
f 4076/3105/4076 4077/3104/4077 4080/3108/4080 4079/3109/4079
f 4077/3104/4077 4078/3107/4078 4081/3110/4081 4080/3108/4080
f 3657/3111/3657 3736/3112/3736 4073/3102/4073 3739/3113/3739
f 3736/3112/3736 3735/3114/3735 4074/3103/4074 4073/3102/4073
f 3735/3114/3735 3734/3115/3734 4075/3106/4075 4074/3103/4074
f 3734/3115/3734 3664/3041/3664 3755/3043/3755 4075/3106/4075
f 4075/3106/4075 3755/3043/3755 3756/3056/3756 4078/3107/4078
f 4078/3107/4078 3756/3056/3756 3757/3054/3757 4081/3110/4081
f 4081/3110/4081 3757/3054/3757 3661/3055/3661 3745/3116/3745
f 4080/3108/4080 4081/3110/4081 3745/3116/3745 3744/3117/3744
f 4079/3109/4079 4080/3108/4080 3744/3117/3744 3743/3118/3743
f 3737/3119/3737 4079/3109/4079 3743/3118/3743 3653/3120/3653
f 3738/3121/3738 4076/3105/4076 4079/3109/4079 3737/3119/3737
f 3739/3113/3739 4073/3102/4073 4076/3105/4076 3738/3121/3738
f 4082/3122/4082 4083/3123/4083 4086/3124/4086 4085/3125/4085
f 4083/3123/4083 4084/3126/4084 4087/3127/4087 4086/3124/4086
f 4085/3125/4085 4086/3124/4086 4089/3128/4089 4088/3129/4088
f 4086/3124/4086 4087/3127/4087 4090/3130/4090 4089/3128/4089
f 3667/3066/3667 3790/3131/3790 4082/3122/4082 3775/3067/3775
f 3790/3131/3790 3789/3132/3789 4083/3123/4083 4082/3122/4082
f 3789/3132/3789 3788/3133/3788 4084/3126/4084 4083/3123/4083
f 3788/3133/3788 3669/3016/3669 3758/3018/3758 4084/3126/4084
f 4084/3126/4084 3758/3018/3758 3759/3031/3759 4087/3127/4087
f 4087/3127/4087 3759/3031/3759 3760/3029/3760 4090/3130/4090
f 4090/3130/4090 3760/3029/3760 3664/3030/3664 3734/3134/3734
f 4089/3128/4089 4090/3130/4090 3734/3134/3734 3735/3135/3735
f 4088/3129/4088 4089/3128/4089 3735/3135/3735 3736/3136/3736
f 3773/3070/3773 4088/3129/4088 3736/3136/3736 3657/3071/3657
f 3774/3069/3774 4085/3125/4085 4088/3129/4088 3773/3070/3773
f 3775/3067/3775 4082/3122/4082 4085/3125/4085 3774/3069/3774
f 4091/3137/4091 4092/3138/4092 4095/3139/4095 4094/3140/4094
f 4092/3138/4092 4093/3141/4093 4096/3142/4096 4095/3139/4095
f 4094/3140/4094 4095/3139/4095 4098/3143/4098 4097/3144/4097
f 4095/3139/4095 4096/3142/4096 4099/3145/4099 4098/3143/4098
f 3655/3146/3655 3718/3147/3718 4091/3137/4091 3721/3148/3721
f 3718/3147/3718 3717/3149/3717 4092/3138/4092 4091/3137/4091
f 3717/3149/3717 3716/3150/3716 4093/3141/4093 4092/3138/4092
f 3716/3150/3716 3662/2991/3662 3761/2993/3761 4093/3141/4093
f 4093/3141/4093 3761/2993/3761 3762/3006/3762 4096/3142/4096
f 4096/3142/4096 3762/3006/3762 3763/3004/3763 4099/3145/4099
f 4099/3145/4099 3763/3004/3763 3663/3005/3663 3725/3151/3725
f 4098/3143/4098 4099/3145/4099 3725/3151/3725 3726/3152/3726
f 4097/3144/4097 4098/3143/4098 3726/3152/3726 3727/3153/3727
f 3719/3154/3719 4097/3144/4097 3727/3153/3727 3659/3155/3659
f 3720/3156/3720 4094/3140/4094 4097/3144/4097 3719/3154/3719
f 3721/3148/3721 4091/3137/4091 4094/3140/4094 3720/3156/3720
f 4100/3157/4100 4101/3158/4101 4104/3159/4104 4103/3160/4103
f 4101/3158/4101 4102/3161/4102 4105/3162/4105 4104/3159/4104
f 4103/3160/4103 4104/3159/4104 4107/3163/4107 4106/3164/4106
f 4104/3159/4104 4105/3162/4105 4108/3165/4108 4107/3163/4107
f 3665/3166/3665 3787/3167/3787 4100/3157/4100 3769/3168/3769
f 3787/3167/3787 3786/3169/3786 4101/3158/4101 4100/3157/4100
f 3786/3169/3786 3785/3170/3785 4102/3161/4102 4101/3158/4101
f 3785/3170/3785 3670/2966/3670 3764/2968/3764 4102/3161/4102
f 4102/3161/4102 3764/2968/3764 3765/2981/3765 4105/3162/4105
f 4105/3162/4105 3765/2981/3765 3766/2979/3766 4108/3165/4108
f 4108/3165/4108 3766/2979/3766 3662/2980/3662 3716/3171/3716
f 4107/3163/4107 4108/3165/4108 3716/3171/3716 3717/3172/3717
f 4106/3164/4106 4107/3163/4107 3717/3172/3717 3718/3173/3718
f 3767/3174/3767 4106/3164/4106 3718/3173/3718 3655/3175/3655
f 3768/3176/3768 4103/3160/4103 4106/3164/4106 3767/3174/3767
f 3769/3168/3769 4100/3157/4100 4103/3160/4103 3768/3176/3768
f 4109/3177/4109 4110/3178/4110 4113/3179/4113 4112/3180/4112
f 4110/3178/4110 4111/3181/4111 4114/3182/4114 4113/3179/4113
f 4112/3180/4112 4113/3179/4113 4116/3183/4116 4115/3184/4115
f 4113/3179/4113 4114/3182/4114 4117/3185/4117 4116/3183/4116
f 3653/3186/3653 3743/3187/3743 4109/3177/4109 3709/3188/3709
f 3743/3187/3743 3744/3189/3744 4110/3178/4110 4109/3177/4109
f 3744/3189/3744 3745/3190/3745 4111/3181/4111 4110/3178/4110
f 3745/3190/3745 3661/3191/3661 3782/3192/3782 4111/3181/4111
f 4111/3181/4111 3782/3192/3782 3783/3193/3783 4114/3182/4114
f 4114/3182/4114 3783/3193/3783 3784/3194/3784 4117/3185/4117
f 4117/3185/4117 3784/3194/3784 3670/2966/3670 3785/3170/3785
f 4116/3183/4116 4117/3185/4117 3785/3170/3785 3786/3169/3786
f 4115/3184/4115 4116/3183/4116 3786/3169/3786 3787/3167/3787
f 3707/3195/3707 4115/3184/4115 3787/3167/3787 3665/3166/3665
f 3708/3196/3708 4112/3180/4112 4115/3184/4115 3707/3195/3707
f 3709/3188/3709 4109/3177/4109 4112/3180/4112 3708/3196/3708
f 4118/3197/4118 4119/3198/4119 4122/3199/4122 4121/3200/4121
f 4119/3198/4119 4120/3201/4120 4123/3202/4123 4122/3199/4122
f 4121/3200/4121 4122/3199/4122 4125/3203/4125 4124/3204/4124
f 4122/3199/4122 4123/3202/4123 4126/3205/4126 4125/3203/4125
f 3659/3206/3659 3727/3207/3727 4118/3197/4118 3730/3208/3730
f 3727/3207/3727 3726/3209/3726 4119/3198/4119 4118/3197/4118
f 3726/3209/3726 3725/3210/3725 4120/3201/4120 4119/3198/4119
f 3725/3210/3725 3663/3211/3663 3779/3212/3779 4120/3201/4120
f 4120/3201/4120 3779/3212/3779 3780/3213/3780 4123/3202/4123
f 4123/3202/4123 3780/3213/3780 3781/3214/3781 4126/3205/4126
f 4126/3205/4126 3781/3214/3781 3669/3016/3669 3788/3133/3788
f 4125/3203/4125 4126/3205/4126 3788/3133/3788 3789/3132/3789
f 4124/3204/4124 4125/3203/4125 3789/3132/3789 3790/3131/3790
f 3728/3215/3728 4124/3204/4124 3790/3131/3790 3667/3066/3667
f 3729/3216/3729 4121/3200/4121 4124/3204/4124 3728/3215/3728
f 3730/3208/3730 4118/3197/4118 4121/3200/4121 3729/3216/3729
f 4127/3217/4127 4128/3218/4128 4131/3219/4131 4130/3220/4130
f 4128/3218/4128 4129/3221/4129 4132/3222/4132 4131/3219/4131
f 4130/3220/4130 4131/3219/4131 4134/3223/4134 4133/3224/4133
f 4131/3219/4131 4132/3222/4132 4135/3225/4135 4134/3223/4134
f 3660/3000/3660 3724/2999/3724 4127/3217/4127 3776/3226/3776
f 3724/2999/3724 3723/2998/3723 4128/3218/4128 4127/3217/4127
f 3723/2998/3723 3722/2997/3722 4129/3221/4129 4128/3218/4128
f 3722/2997/3722 3656/2996/3656 3715/3227/3715 4129/3221/4129
f 4129/3221/4129 3715/3227/3715 3714/3228/3714 4132/3222/4132
f 4132/3222/4132 3714/3228/3714 3713/3229/3713 4135/3225/4135
f 4135/3225/4135 3713/3229/3713 3666/3096/3666 3791/3095/3791
f 4134/3223/4134 4135/3225/4135 3791/3095/3791 3792/3094/3792
f 4133/3224/4133 4134/3223/4134 3792/3094/3792 3793/3092/3793
f 3778/3230/3778 4133/3224/4133 3793/3092/3793 3668/3091/3668
f 3777/3231/3777 4130/3220/4130 4133/3224/4133 3778/3230/3778
f 3776/3226/3776 4127/3217/4127 4130/3220/4130 3777/3231/3777
f 4136/3232/4136 4137/3233/4137 4140/3234/4140 4139/3235/4139
f 4137/3233/4137 4138/3236/4138 4141/3237/4141 4140/3234/4140
f 4139/3235/4139 4140/3234/4140 4143/3238/4143 4142/3239/4142
f 4140/3234/4140 4141/3237/4141 4144/3240/4144 4143/3238/4143
f 3655/3146/3655 3721/3148/3721 4136/3232/4136 3826/3241/3826
f 3721/3148/3721 3720/3156/3720 4137/3233/4137 4136/3232/4136
f 3720/3156/3720 3719/3154/3719 4138/3236/4138 4137/3233/4137
f 3719/3154/3719 3659/3155/3659 3794/3242/3794 4138/3236/4138
f 4138/3236/4138 3794/3242/3794 3795/3243/3795 4141/3237/4141
f 4141/3237/4141 3795/3243/3795 3796/3244/3796 4144/3240/4144
f 4144/3240/4144 3796/3244/3796 3673/3245/3673 3806/3246/3806
f 4143/3238/4143 4144/3240/4144 3806/3246/3806 3807/3247/3807
f 4142/3239/4142 4143/3238/4143 3807/3247/3807 3808/3248/3808
f 3824/3249/3824 4142/3239/4142 3808/3248/3808 3674/3250/3674
f 3825/3251/3825 4139/3235/4139 4142/3239/4142 3824/3249/3824
f 3826/3241/3826 4136/3232/4136 4139/3235/4139 3825/3251/3825
f 4145/3252/4145 4146/3253/4146 4149/3254/4149 4148/3255/4148
f 4146/3253/4146 4147/3256/4147 4150/3257/4150 4149/3254/4149
f 4148/3255/4148 4149/3254/4149 4152/3258/4152 4151/3259/4151
f 4149/3254/4149 4150/3257/4150 4153/3260/4153 4152/3258/4152
f 3663/3211/3663 3751/3261/3751 4145/3252/4145 3779/3212/3779
f 3751/3261/3751 3750/3262/3750 4146/3253/4146 4145/3252/4145
f 3750/3262/3750 3749/3263/3749 4147/3256/4147 4146/3253/4146
f 3749/3263/3749 3660/3264/3660 3776/3265/3776 4147/3256/4147
f 4147/3256/4147 3776/3265/3776 3777/3266/3777 4150/3257/4150
f 4150/3257/4150 3777/3266/3777 3778/3267/3778 4153/3260/4153
f 4153/3260/4153 3778/3267/3778 3668/3021/3668 3797/3020/3797
f 4152/3258/4152 4153/3260/4153 3797/3020/3797 3798/3019/3798
f 4151/3259/4151 4152/3258/4152 3798/3019/3798 3799/3017/3799
f 3781/3214/3781 4151/3259/4151 3799/3017/3799 3669/3016/3669
f 3780/3213/3780 4148/3255/4148 4151/3259/4151 3781/3214/3781
f 3779/3212/3779 4145/3252/4145 4148/3255/4148 3780/3213/3780
f 4154/3268/4154 4155/3269/4155 4158/3270/4158 4157/3271/4157
f 4155/3269/4155 4156/3272/4156 4159/3273/4159 4158/3270/4158
f 4157/3271/4157 4158/3270/4158 4161/3274/4161 4160/3275/4160
f 4158/3270/4158 4159/3273/4159 4162/3276/4162 4161/3274/4161
f 3661/3191/3661 3710/3277/3710 4154/3268/4154 3782/3192/3782
f 3710/3277/3710 3711/3278/3711 4155/3269/4155 4154/3268/4154
f 3711/3278/3711 3712/3279/3712 4156/3272/4156 4155/3269/4155
f 3712/3279/3712 3654/3280/3654 3770/3281/3770 4156/3272/4156
f 4156/3272/4156 3770/3281/3770 3771/3282/3771 4159/3273/4159
f 4159/3273/4159 3771/3282/3771 3772/3283/3772 4162/3276/4162
f 4162/3276/4162 3772/3283/3772 3666/2971/3666 3800/2970/3800
f 4161/3274/4161 4162/3276/4162 3800/2970/3800 3801/2969/3801
f 4160/3275/4160 4161/3274/4161 3801/2969/3801 3802/2967/3802
f 3784/3194/3784 4160/3275/4160 3802/2967/3802 3670/2966/3670
f 3783/3193/3783 4157/3271/4157 4160/3275/4160 3784/3194/3784
f 3782/3192/3782 4154/3268/4154 4157/3271/4157 3783/3193/3783
f 4163/3284/4163 4164/3285/4164 4167/3286/4167 4166/3287/4166
f 4164/3285/4164 4165/3288/4165 4168/3289/4168 4167/3286/4167
f 4166/3287/4166 4167/3286/4167 4170/3290/4170 4169/3291/4169
f 4167/3286/4167 4168/3289/4168 4171/3292/4171 4170/3290/4170
f 3699/3293/3699 3994/3294/3994 4163/3284/4163 3973/3295/3973
f 3994/3294/3994 3993/3296/3993 4164/3285/4164 4163/3284/4163
f 3993/3296/3993 3992/3297/3992 4165/3288/4165 4164/3285/4164
f 3992/3297/3992 3702/3298/3702 3950/3299/3950 4165/3288/4165
f 4165/3288/4165 3950/3299/3950 3951/3300/3951 4168/3289/4168
f 4168/3289/4168 3951/3300/3951 3952/3301/3952 4171/3292/4171
f 4171/3292/4171 3952/3301/3952 3696/3302/3696 3967/3303/3967
f 4170/3290/4170 4171/3292/4171 3967/3303/3967 3966/3304/3966
f 4169/3291/4169 4170/3290/4170 3966/3304/3966 3965/3305/3965
f 3971/3306/3971 4169/3291/4169 3965/3305/3965 3698/3307/3698
f 3972/3308/3972 4166/3287/4166 4169/3291/4169 3971/3306/3971
f 3973/3295/3973 4163/3284/4163 4166/3287/4166 3972/3308/3972
f 4172/3309/4172 4173/3310/4173 4176/3311/4176 4175/3312/4175
f 4173/3310/4173 4174/3313/4174 4177/3314/4177 4176/3311/4176
f 4175/3312/4175 4176/3311/4176 4179/3315/4179 4178/3316/4178
f 4176/3311/4176 4177/3314/4177 4180/3317/4180 4179/3315/4179
f 3675/3080/3675 3820/3078/3820 4172/3309/4172 3862/3318/3862
f 3820/3078/3820 3819/3077/3819 4173/3310/4173 4172/3309/4172
f 3819/3077/3819 3818/3076/3818 4174/3313/4174 4173/3310/4173
f 3818/3076/3818 3676/3075/3676 3821/3319/3821 4174/3313/4174
f 4174/3313/4174 3821/3319/3821 3822/3320/3822 4177/3314/4177
f 4177/3314/4177 3822/3320/3822 3823/3321/3823 4180/3317/4180
f 4180/3317/4180 3823/3321/3823 3682/3322/3682 3854/3323/3854
f 4179/3315/4179 4180/3317/4180 3854/3323/3854 3855/3324/3855
f 4178/3316/4178 4179/3315/4179 3855/3324/3855 3856/3325/3856
f 3860/3326/3860 4178/3316/4178 3856/3325/3856 3681/3327/3681
f 3861/3328/3861 4175/3312/4175 4178/3316/4178 3860/3326/3860
f 3862/3318/3862 4172/3309/4172 4175/3312/4175 3861/3328/3861
f 4181/3329/4181 4182/3330/4182 4185/3331/4185 4184/3332/4184
f 4182/3330/4182 4183/3333/4183 4186/3334/4186 4185/3331/4185
f 4184/3332/4184 4185/3331/4185 4188/3335/4188 4187/3336/4187
f 4185/3331/4185 4186/3334/4186 4189/3337/4189 4188/3335/4188
f 3653/3186/3653 3709/3188/3709 4181/3329/4181 3838/3338/3838
f 3709/3188/3709 3708/3196/3708 4182/3330/4182 4181/3329/4181
f 3708/3196/3708 3707/3195/3707 4183/3333/4183 4182/3330/4182
f 3707/3195/3707 3665/3166/3665 3833/3339/3833 4183/3333/4183
f 4183/3333/4183 3833/3339/3833 3834/3340/3834 4186/3334/4186
f 4186/3334/4186 3834/3340/3834 3835/3341/3835 4189/3337/4189
f 4189/3337/4189 3835/3341/3835 3671/3342/3671 3803/3343/3803
f 4188/3335/4188 4189/3337/4189 3803/3343/3803 3804/3344/3804
f 4187/3336/4187 4188/3335/4188 3804/3344/3804 3805/3345/3805
f 3836/3346/3836 4187/3336/4187 3805/3345/3805 3672/3347/3672
f 3837/3348/3837 4184/3332/4184 4187/3336/4187 3836/3346/3836
f 3838/3338/3838 4181/3329/4181 4184/3332/4184 3837/3348/3837
f 4190/3349/4190 4191/3350/4191 4194/3351/4194 4193/3352/4193
f 4191/3350/4191 4192/3353/4192 4195/3354/4195 4194/3351/4194
f 4193/3352/4193 4194/3351/4194 4197/3355/4197 4196/3356/4196
f 4194/3351/4194 4195/3354/4195 4198/3357/4198 4197/3355/4197
f 3665/3166/3665 3769/3168/3769 4190/3349/4190 3833/3339/3833
f 3769/3168/3769 3768/3176/3768 4191/3350/4191 4190/3349/4190
f 3768/3176/3768 3767/3174/3767 4192/3353/4192 4191/3350/4191
f 3767/3174/3767 3655/3175/3655 3826/3358/3826 4192/3353/4192
f 4192/3353/4192 3826/3358/3826 3825/3359/3825 4195/3354/4195
f 4195/3354/4195 3825/3359/3825 3824/3360/3824 4198/3357/4198
f 4198/3357/4198 3824/3360/3824 3674/3361/3674 3815/3362/3815
f 4197/3355/4197 4198/3357/4198 3815/3362/3815 3816/3363/3816
f 4196/3356/4196 4197/3355/4197 3816/3363/3816 3817/3364/3817
f 3835/3341/3835 4196/3356/4196 3817/3364/3817 3671/3342/3671
f 3834/3340/3834 4193/3352/4193 4196/3356/4196 3835/3341/3835
f 3833/3339/3833 4190/3349/4190 4193/3352/4193 3834/3340/3834
f 4199/3365/4199 4200/3366/4200 4203/3367/4203 4202/3368/4202
f 4200/3366/4200 4201/3369/4201 4204/3370/4204 4203/3367/4203
f 4202/3368/4202 4203/3367/4203 4206/3371/4206 4205/3372/4205
f 4203/3367/4203 4204/3370/4204 4207/3373/4207 4206/3371/4206
f 3659/3206/3659 3730/3208/3730 4199/3365/4199 3794/3374/3794
f 3730/3208/3730 3729/3216/3729 4200/3366/4200 4199/3365/4199
f 3729/3216/3729 3728/3215/3728 4201/3369/4201 4200/3366/4200
f 3728/3215/3728 3667/3066/3667 3832/3068/3832 4201/3369/4201
f 4201/3369/4201 3832/3068/3832 3831/3081/3831 4204/3370/4204
f 4204/3370/4204 3831/3081/3831 3830/3079/3830 4207/3373/4207
f 4207/3373/4207 3830/3079/3830 3675/3080/3675 3809/3375/3809
f 4206/3371/4206 4207/3373/4207 3809/3375/3809 3810/3376/3810
f 4205/3372/4205 4206/3371/4206 3810/3376/3810 3811/3377/3811
f 3796/3378/3796 4205/3372/4205 3811/3377/3811 3673/3379/3673
f 3795/3380/3795 4202/3368/4202 4205/3372/4205 3796/3378/3796
f 3794/3374/3794 4199/3365/4199 4202/3368/4202 3795/3380/3795
f 4208/3381/4208 4209/3382/4209 4212/3383/4212 4211/3384/4211
f 4209/3382/4209 4210/3385/4210 4213/3386/4213 4212/3383/4212
f 4211/3384/4211 4212/3383/4212 4215/3387/4215 4214/3388/4214
f 4212/3383/4212 4213/3386/4213 4216/3389/4216 4215/3387/4215
f 3657/3111/3657 3739/3113/3739 4208/3381/4208 3827/3390/3827
f 3739/3113/3739 3738/3121/3738 4209/3382/4209 4208/3381/4208
f 3738/3121/3738 3737/3119/3737 4210/3385/4210 4209/3382/4209
f 3737/3119/3737 3653/3120/3653 3838/3391/3838 4210/3385/4210
f 4210/3385/4210 3838/3391/3838 3837/3392/3837 4213/3386/4213
f 4213/3386/4213 3837/3392/3837 3836/3393/3836 4216/3389/4216
f 4216/3389/4216 3836/3393/3836 3672/3394/3672 3812/3395/3812
f 4215/3387/4215 4216/3389/4216 3812/3395/3812 3813/3396/3813
f 4214/3388/4214 4215/3387/4215 3813/3396/3813 3814/3397/3814
f 3829/3398/3829 4214/3388/4214 3814/3397/3814 3676/3399/3676
f 3828/3400/3828 4211/3384/4211 4214/3388/4214 3829/3398/3829
f 3827/3390/3827 4208/3381/4208 4211/3384/4211 3828/3400/3828
f 4217/3401/4217 4218/3402/4218 4221/3403/4221 4220/3404/4220
f 4218/3402/4218 4219/3405/4219 4222/3406/4222 4221/3403/4221
f 4220/3404/4220 4221/3403/4221 4224/3407/4224 4223/3408/4223
f 4221/3403/4221 4222/3406/4222 4225/3409/4225 4224/3407/4224
f 3677/3410/3677 3859/3411/3859 4217/3401/4217 3839/3412/3839
f 3859/3411/3859 3858/3413/3858 4218/3402/4218 4217/3401/4217
f 3858/3413/3858 3857/3414/3857 4219/3405/4219 4218/3402/4218
f 3857/3414/3857 3681/3415/3681 3856/3416/3856 4219/3405/4219
f 4219/3405/4219 3856/3416/3856 3855/3417/3855 4222/3406/4222
f 4222/3406/4222 3855/3417/3855 3854/3418/3854 4225/3409/4225
f 4225/3409/4225 3854/3418/3854 3682/3419/3682 3850/3420/3850
f 4224/3407/4224 4225/3409/4225 3850/3420/3850 3849/3421/3849
f 4223/3408/4223 4224/3407/4224 3849/3421/3849 3848/3422/3848
f 3841/3423/3841 4223/3408/4223 3848/3422/3848 3678/3424/3678
f 3840/3425/3840 4220/3404/4220 4223/3408/4223 3841/3423/3841
f 3839/3412/3839 4217/3401/4217 4220/3404/4220 3840/3425/3840
f 4226/3426/4226 4227/3427/4227 4230/3428/4230 4229/3429/4229
f 4227/3427/4227 4228/3430/4228 4231/3431/4231 4230/3428/4230
f 4229/3429/4229 4230/3428/4230 4233/3432/4233 4232/3433/4232
f 4230/3428/4230 4231/3431/4231 4234/3434/4234 4233/3432/4233
f 3680/3435/3680 3844/3436/3844 4226/3426/4226 3851/3437/3851
f 3844/3436/3844 3843/3438/3843 4227/3427/4227 4226/3426/4226
f 3843/3438/3843 3842/3439/3842 4228/3430/4228 4227/3427/4227
f 3842/3439/3842 3679/3440/3679 3847/3441/3847 4228/3430/4228
f 4228/3430/4228 3847/3441/3847 3846/3442/3846 4231/3431/4231
f 4231/3431/4231 3846/3442/3846 3845/3443/3845 4234/3434/4234
f 4234/3434/4234 3845/3443/3845 3681/3415/3681 3857/3414/3857
f 4233/3432/4233 4234/3434/4234 3857/3414/3857 3858/3413/3858
f 4232/3433/4232 4233/3432/4233 3858/3413/3858 3859/3411/3859
f 3853/3444/3853 4232/3433/4232 3859/3411/3859 3677/3410/3677
f 3852/3445/3852 4229/3429/4229 4232/3433/4232 3853/3444/3853
f 3851/3437/3851 4226/3426/4226 4229/3429/4229 3852/3445/3852
f 4235/3446/4235 4236/3447/4236 4239/3448/4239 4238/3449/4238
f 4236/3447/4236 4237/3450/4237 4240/3451/4240 4239/3448/4239
f 4238/3449/4238 4239/3448/4239 4242/3452/4242 4241/3453/4241
f 4239/3448/4239 4240/3451/4240 4243/3454/4243 4242/3452/4242
f 3674/3250/3674 3808/3248/3808 4235/3446/4235 3871/3455/3871
f 3808/3248/3808 3807/3247/3807 4236/3447/4236 4235/3446/4235
f 3807/3247/3807 3806/3246/3806 4237/3450/4237 4236/3447/4236
f 3806/3246/3806 3673/3245/3673 3866/3456/3866 4237/3450/4237
f 4237/3450/4237 3866/3456/3866 3867/3457/3867 4240/3451/4240
f 4240/3451/4240 3867/3457/3867 3868/3458/3868 4243/3454/4243
f 4243/3454/4243 3868/3458/3868 3679/3440/3679 3842/3439/3842
f 4242/3452/4242 4243/3454/4243 3842/3439/3842 3843/3438/3843
f 4241/3453/4241 4242/3452/4242 3843/3438/3843 3844/3436/3844
f 3869/3459/3869 4241/3453/4241 3844/3436/3844 3680/3435/3680
f 3870/3460/3870 4238/3449/4238 4241/3453/4241 3869/3459/3869
f 3871/3455/3871 4235/3446/4235 4238/3449/4238 3870/3460/3870
f 4244/3461/4244 4245/3462/4245 4248/3463/4248 4247/3464/4247
f 4245/3462/4245 4246/3465/4246 4249/3466/4249 4248/3463/4248
f 4247/3464/4247 4248/3463/4248 4251/3467/4251 4250/3468/4250
f 4248/3463/4248 4249/3466/4249 4252/3469/4252 4251/3467/4251
f 3671/3342/3671 3817/3364/3817 4244/3461/4244 3874/3470/3874
f 3817/3364/3817 3816/3363/3816 4245/3462/4245 4244/3461/4244
f 3816/3363/3816 3815/3362/3815 4246/3465/4246 4245/3462/4245
f 3815/3362/3815 3674/3361/3674 3871/3471/3871 4246/3465/4246
f 4246/3465/4246 3871/3471/3871 3870/3472/3870 4249/3466/4249
f 4249/3466/4249 3870/3472/3870 3869/3473/3869 4252/3469/4252
f 4252/3469/4252 3869/3473/3869 3680/3474/3680 3851/3475/3851
f 4251/3467/4251 4252/3469/4252 3851/3475/3851 3852/3476/3852
f 4250/3468/4250 4251/3467/4251 3852/3476/3852 3853/3477/3853
f 3872/3478/3872 4250/3468/4250 3853/3477/3853 3677/3479/3677
f 3873/3480/3873 4247/3464/4247 4250/3468/4250 3872/3478/3872
f 3874/3470/3874 4244/3461/4244 4247/3464/4247 3873/3480/3873
f 4253/3481/4253 4254/3482/4254 4257/3483/4257 4256/3484/4256
f 4254/3482/4254 4255/3485/4255 4258/3486/4258 4257/3483/4257
f 4256/3484/4256 4257/3483/4257 4260/3487/4260 4259/3488/4259
f 4257/3483/4257 4258/3486/4258 4261/3489/4261 4260/3487/4260
f 3673/3379/3673 3811/3377/3811 4253/3481/4253 3866/3490/3866
f 3811/3377/3811 3810/3376/3810 4254/3482/4254 4253/3481/4253
f 3810/3376/3810 3809/3375/3809 4255/3485/4255 4254/3482/4254
f 3809/3375/3809 3675/3080/3675 3862/3318/3862 4255/3485/4255
f 4255/3485/4255 3862/3318/3862 3861/3328/3861 4258/3486/4258
f 4258/3486/4258 3861/3328/3861 3860/3326/3860 4261/3489/4261
f 4261/3489/4261 3860/3326/3860 3681/3327/3681 3845/3491/3845
f 4260/3487/4260 4261/3489/4261 3845/3491/3845 3846/3492/3846
f 4259/3488/4259 4260/3487/4260 3846/3492/3846 3847/3493/3847
f 3868/3494/3868 4259/3488/4259 3847/3493/3847 3679/3495/3679
f 3867/3496/3867 4256/3484/4256 4259/3488/4259 3868/3494/3868
f 3866/3490/3866 4253/3481/4253 4256/3484/4256 3867/3496/3867
f 4262/3497/4262 4263/3498/4263 4266/3499/4266 4265/3500/4265
f 4263/3498/4263 4264/3501/4264 4267/3502/4267 4266/3499/4266
f 4265/3500/4265 4266/3499/4266 4269/3503/4269 4268/3504/4268
f 4266/3499/4266 4267/3502/4267 4270/3505/4270 4269/3503/4269
f 3672/3347/3672 3805/3345/3805 4262/3497/4262 3863/3506/3863
f 3805/3345/3805 3804/3344/3804 4263/3498/4263 4262/3497/4262
f 3804/3344/3804 3803/3343/3803 4264/3501/4264 4263/3498/4263
f 3803/3343/3803 3671/3342/3671 3874/3470/3874 4264/3501/4264
f 4264/3501/4264 3874/3470/3874 3873/3480/3873 4267/3502/4267
f 4267/3502/4267 3873/3480/3873 3872/3478/3872 4270/3505/4270
f 4270/3505/4270 3872/3478/3872 3677/3479/3677 3839/3507/3839
f 4269/3503/4269 4270/3505/4270 3839/3507/3839 3840/3508/3840
f 4268/3504/4268 4269/3503/4269 3840/3508/3840 3841/3509/3841
f 3865/3510/3865 4268/3504/4268 3841/3509/3841 3678/3511/3678
f 3864/3512/3864 4265/3500/4265 4268/3504/4268 3865/3510/3865
f 3863/3506/3863 4262/3497/4262 4265/3500/4265 3864/3512/3864
f 4271/3513/4271 4272/3514/4272 4275/3515/4275 4274/3516/4274
f 4272/3514/4272 4273/3517/4273 4276/3518/4276 4275/3515/4275
f 4274/3516/4274 4275/3515/4275 4278/3519/4278 4277/3520/4277
f 4275/3515/4275 4276/3518/4276 4279/3521/4279 4278/3519/4278
f 3684/3522/3684 3877/3523/3877 4271/3513/4271 3916/3524/3916
f 3877/3523/3877 3876/3525/3876 4272/3514/4272 4271/3513/4271
f 3876/3525/3876 3875/3526/3875 4273/3517/4273 4272/3514/4272
f 3875/3526/3875 3683/3527/3683 3911/3528/3911 4273/3517/4273
f 4273/3517/4273 3911/3528/3911 3912/3529/3912 4276/3518/4276
f 4276/3518/4276 3912/3529/3912 3913/3530/3913 4279/3521/4279
f 4279/3521/4279 3913/3530/3913 3687/3531/3687 3899/3532/3899
f 4278/3519/4278 4279/3521/4279 3899/3532/3899 3900/3533/3900
f 4277/3520/4277 4278/3519/4278 3900/3533/3900 3901/3534/3901
f 3914/3535/3914 4277/3520/4277 3901/3534/3901 3688/3536/3688
f 3915/3537/3915 4274/3516/4274 4277/3520/4277 3914/3535/3914
f 3916/3524/3916 4271/3513/4271 4274/3516/4274 3915/3537/3915
f 4280/3538/4280 4281/3539/4281 4284/3540/4284 4283/3541/4283
f 4281/3539/4281 4282/3542/4282 4285/3543/4285 4284/3540/4284
f 4283/3541/4283 4284/3540/4284 4287/3544/4287 4286/3545/4286
f 4284/3540/4284 4285/3543/4285 4288/3546/4288 4287/3544/4287
f 3700/3547/3700 3991/3548/3991 4280/3538/4280 3976/3549/3976
f 3991/3548/3991 3990/3550/3990 4281/3539/4281 4280/3538/4280
f 3990/3550/3990 3989/3551/3989 4282/3542/4282 4281/3539/4281
f 3989/3551/3989 3699/3552/3699 3973/3553/3973 4282/3542/4282
f 4282/3542/4282 3973/3553/3973 3972/3554/3972 4285/3543/4285
f 4285/3543/4285 3972/3554/3972 3971/3555/3971 4288/3546/4288
f 4288/3546/4288 3971/3555/3971 3698/3556/3698 3964/3557/3964
f 4287/3544/4287 4288/3546/4288 3964/3557/3964 3963/3558/3963
f 4286/3545/4286 4287/3544/4287 3963/3558/3963 3962/3559/3962
f 3974/3560/3974 4286/3545/4286 3962/3559/3962 3697/3561/3697
f 3975/3562/3975 4283/3541/4283 4286/3545/4286 3974/3560/3974
f 3976/3549/3976 4280/3538/4280 4283/3541/4283 3975/3562/3975
f 4289/3563/4289 4290/3564/4290 4293/3565/4293 4292/3566/4292
f 4290/3564/4290 4291/3567/4291 4294/3568/4294 4293/3565/4293
f 4292/3566/4292 4293/3565/4293 4296/3569/4296 4295/3570/4295
f 4293/3565/4293 4294/3568/4294 4297/3571/4297 4296/3569/4296
f 3701/3572/3701 3988/3573/3988 4289/3563/4289 3979/3574/3979
f 3988/3573/3988 3987/3575/3987 4290/3564/4290 4289/3563/4289
f 3987/3575/3987 3986/3576/3986 4291/3567/4291 4290/3564/4290
f 3986/3576/3986 3700/3577/3700 3976/3578/3976 4291/3567/4291
f 4291/3567/4291 3976/3578/3976 3975/3579/3975 4294/3568/4294
f 4294/3568/4294 3975/3579/3975 3974/3580/3974 4297/3571/4297
f 4297/3571/4297 3974/3580/3974 3697/3581/3697 3970/3582/3970
f 4296/3569/4296 4297/3571/4297 3970/3582/3970 3969/3583/3969
f 4295/3570/4295 4296/3569/4296 3969/3583/3969 3968/3584/3968
f 3977/3585/3977 4295/3570/4295 3968/3584/3968 3695/3586/3695
f 3978/3587/3978 4292/3566/4292 4295/3570/4295 3977/3585/3977
f 3979/3574/3979 4289/3563/4289 4292/3566/4292 3978/3587/3978
f 4298/3588/4298 4299/3589/4299 4302/3590/4302 4301/3591/4301
f 4299/3589/4299 4300/3592/4300 4303/3593/4303 4302/3590/4302
f 4301/3591/4301 4302/3590/4302 4305/3594/4305 4304/3595/4304
f 4302/3590/4302 4303/3593/4303 4306/3596/4306 4305/3594/4305
f 3702/3597/3702 3985/3598/3985 4298/3588/4298 3950/3599/3950
f 3985/3598/3985 3984/3600/3984 4299/3589/4299 4298/3588/4298
f 3984/3600/3984 3983/3601/3983 4300/3592/4300 4299/3589/4299
f 3983/3601/3983 3701/3602/3701 3979/3603/3979 4300/3592/4300
f 4300/3592/4300 3979/3603/3979 3978/3604/3978 4303/3593/4303
f 4303/3593/4303 3978/3604/3978 3977/3605/3977 4306/3596/4306
f 4306/3596/4306 3977/3605/3977 3695/3606/3695 3961/3607/3961
f 4305/3594/4305 4306/3596/4306 3961/3607/3961 3960/3608/3960
f 4304/3595/4304 4305/3594/4305 3960/3608/3960 3959/3609/3959
f 3952/3610/3952 4304/3595/4304 3959/3609/3959 3696/3611/3696
f 3951/3612/3951 4301/3591/4301 4304/3595/4304 3952/3610/3952
f 3950/3599/3950 4298/3588/4298 4301/3591/4301 3951/3612/3951
f 4307/3613/4307 4308/3614/4308 4311/3615/4311 4310/3616/4310
f 4308/3614/4308 4309/3617/4309 4312/3618/4312 4311/3615/4311
f 4310/3616/4310 4311/3615/4311 4314/3619/4314 4313/3620/4313
f 4311/3615/4311 4312/3618/4312 4315/3621/4315 4314/3619/4314
f 3704/3622/3704 4018/3623/4018 4307/3613/4307 4000/3624/4000
f 4018/3623/4018 4017/3625/4017 4308/3614/4308 4307/3613/4307
f 4017/3625/4017 4016/3626/4016 4309/3617/4309 4308/3614/4308
f 4016/3626/4016 3703/3627/3703 3935/3628/3935 4309/3617/4309
f 4309/3617/4309 3935/3628/3935 3936/3629/3936 4312/3618/4312
f 4312/3618/4312 3936/3629/3936 3937/3630/3937 4315/3621/4315
f 4315/3621/4315 3937/3630/3937 3694/3631/3694 3934/3632/3934
f 4314/3619/4314 4315/3621/4315 3934/3632/3934 3933/3633/3933
f 4313/3620/4313 4314/3619/4314 3933/3633/3933 3932/3634/3932
f 3998/3635/3998 4313/3620/4313 3932/3634/3932 3691/3636/3691
f 3999/3637/3999 4310/3616/4310 4313/3620/4313 3998/3635/3998
f 4000/3624/4000 4307/3613/4307 4310/3616/4310 3999/3637/3999
f 4316/3638/4316 4317/3639/4317 4320/3640/4320 4319/3641/4319
f 4317/3639/4317 4318/3642/4318 4321/3643/4321 4320/3640/4320
f 4319/3641/4319 4320/3640/4320 4323/3644/4323 4322/3645/4322
f 4320/3640/4320 4321/3643/4321 4324/3646/4324 4323/3644/4323
f 3683/3647/3683 3884/3648/3884 4316/3638/4316 3911/3649/3911
f 3884/3648/3884 3885/3650/3885 4317/3639/4317 4316/3638/4316
f 3885/3650/3885 3886/3651/3886 4318/3642/4318 4317/3639/4317
f 3886/3651/3886 3686/3652/3686 3917/3653/3917 4318/3642/4318
f 4318/3642/4318 3917/3653/3917 3918/3654/3918 4321/3643/4321
f 4321/3643/4321 3918/3654/3918 3919/3655/3919 4324/3646/4324
f 4324/3646/4324 3919/3655/3919 3690/3656/3690 3910/3657/3910
f 4323/3644/4323 4324/3646/4324 3910/3657/3910 3909/3658/3909
f 4322/3645/4322 4323/3644/4323 3909/3658/3909 3908/3659/3908
f 3913/3660/3913 4322/3645/4322 3908/3659/3908 3687/3661/3687
f 3912/3662/3912 4319/3641/4319 4322/3645/4322 3913/3660/3913
f 3911/3649/3911 4316/3638/4316 4319/3641/4319 3912/3662/3912
f 4325/3663/4325 4326/3664/4326 4329/3665/4329 4328/3666/4328
f 4326/3664/4326 4327/3667/4327 4330/3668/4330 4329/3665/4329
f 4328/3666/4328 4329/3665/4329 4332/3669/4332 4331/3670/4331
f 4329/3665/4329 4330/3668/4330 4333/3671/4333 4332/3669/4332
f 3685/3672/3685 3880/3673/3880 4325/3663/4325 3922/3674/3922
f 3880/3673/3880 3879/3675/3879 4326/3664/4326 4325/3663/4325
f 3879/3675/3879 3878/3676/3878 4327/3667/4327 4326/3664/4326
f 3878/3676/3878 3684/3677/3684 3916/3678/3916 4327/3667/4327
f 4327/3667/4327 3916/3678/3916 3915/3679/3915 4330/3668/4330
f 4330/3668/4330 3915/3679/3915 3914/3680/3914 4333/3671/4333
f 4333/3671/4333 3914/3680/3914 3688/3681/3688 3902/3682/3902
f 4332/3669/4332 4333/3671/4333 3902/3682/3902 3903/3683/3903
f 4331/3670/4331 4332/3669/4332 3903/3683/3903 3904/3684/3904
f 3920/3685/3920 4331/3670/4331 3904/3684/3904 3689/3686/3689
f 3921/3687/3921 4328/3666/4328 4331/3670/4331 3920/3685/3920
f 3922/3674/3922 4325/3663/4325 4328/3666/4328 3921/3687/3921
f 4334/3688/4334 4335/3689/4335 4338/3690/4338 4337/3691/4337
f 4335/3689/4335 4336/3692/4336 4339/3693/4339 4338/3690/4338
f 4337/3691/4337 4338/3690/4338 4341/3694/4341 4340/3695/4340
f 4338/3690/4338 4339/3693/4339 4342/3696/4342 4341/3694/4341
f 3686/3697/3686 3881/3698/3881 4334/3688/4334 3917/3699/3917
f 3881/3698/3881 3882/3700/3882 4335/3689/4335 4334/3688/4334
f 3882/3700/3882 3883/3701/3883 4336/3692/4336 4335/3689/4335
f 3883/3701/3883 3685/3702/3685 3922/3703/3922 4336/3692/4336
f 4336/3692/4336 3922/3703/3922 3921/3704/3921 4339/3693/4339
f 4339/3693/4339 3921/3704/3921 3920/3705/3920 4342/3696/4342
f 4342/3696/4342 3920/3705/3920 3689/3706/3689 3907/3707/3907
f 4341/3694/4341 4342/3696/4342 3907/3707/3907 3906/3708/3906
f 4340/3695/4340 4341/3694/4341 3906/3708/3906 3905/3709/3905
f 3919/3710/3919 4340/3695/4340 3905/3709/3905 3690/3711/3690
f 3918/3712/3918 4337/3691/4337 4340/3695/4340 3919/3710/3919
f 3917/3699/3917 4334/3688/4334 4337/3691/4337 3918/3712/3918
f 4343/3713/4343 4344/3714/4344 4347/3715/4347 4346/3716/4346
f 4344/3714/4344 4345/3717/4345 4348/3718/4348 4347/3715/4347
f 4346/3716/4346 4347/3715/4347 4350/3719/4350 4349/3720/4349
f 4347/3715/4347 4348/3718/4348 4351/3721/4351 4350/3719/4350
f 3692/3722/3692 3925/3723/3925 4343/3713/4343 3926/3724/3926
f 3925/3723/3925 3924/3725/3924 4344/3714/4344 4343/3713/4343
f 3924/3725/3924 3923/3726/3923 4345/3717/4345 4344/3714/4344
f 3923/3726/3923 3691/3727/3691 3932/3728/3932 4345/3717/4345
f 4345/3717/4345 3932/3728/3932 3933/3729/3933 4348/3718/4348
f 4348/3718/4348 3933/3729/3933 3934/3730/3934 4351/3721/4351
f 4351/3721/4351 3934/3730/3934 3694/3731/3694 3929/3732/3929
f 4350/3719/4350 4351/3721/4351 3929/3732/3929 3930/3733/3930
f 4349/3720/4349 4350/3719/4350 3930/3733/3930 3931/3734/3931
f 3928/3735/3928 4349/3720/4349 3931/3734/3931 3693/3736/3693
f 3927/3737/3927 4346/3716/4346 4349/3720/4349 3928/3735/3928
f 3926/3724/3926 4343/3713/4343 4346/3716/4346 3927/3737/3927
f 4352/3738/4352 4353/3739/4353 4356/3740/4356 4355/3741/4355
f 4353/3739/4353 4354/3742/4354 4357/3743/4357 4356/3740/4356
f 4355/3741/4355 4356/3740/4356 4359/3744/4359 4358/3745/4358
f 4356/3740/4356 4357/3743/4357 4360/3746/4360 4359/3744/4359
f 3706/3747/3706 4015/3748/4015 4352/3738/4352 4006/3749/4006
f 4015/3748/4015 4014/3750/4014 4353/3739/4353 4352/3738/4352
f 4014/3750/4014 4013/3751/4013 4354/3742/4354 4353/3739/4353
f 4013/3751/4013 3705/3752/3705 3941/3753/3941 4354/3742/4354
f 4354/3742/4354 3941/3753/3941 3942/3754/3942 4357/3743/4357
f 4357/3743/4357 3942/3754/3942 3943/3755/3943 4360/3746/4360
f 4360/3746/4360 3943/3755/3943 3692/3756/3692 3926/3757/3926
f 4359/3744/4359 4360/3746/4360 3926/3757/3926 3927/3758/3927
f 4358/3745/4358 4359/3744/4359 3927/3758/3927 3928/3759/3928
f 4004/3760/4004 4358/3745/4358 3928/3759/3928 3693/3761/3693
f 4005/3762/4005 4355/3741/4355 4358/3745/4358 4004/3760/4004
f 4006/3749/4006 4352/3738/4352 4355/3741/4355 4005/3762/4005
f 4361/3763/4361 4362/3764/4362 4365/3765/4365 4364/3766/4364
f 4362/3764/4362 4363/3767/4363 4366/3768/4366 4365/3765/4365
f 4364/3766/4364 4365/3765/4365 4368/3769/4368 4367/3770/4367
f 4365/3765/4365 4366/3768/4366 4369/3771/4369 4368/3769/4368
f 3703/3772/3703 4012/3773/4012 4361/3763/4361 3935/3774/3935
f 4012/3773/4012 4011/3775/4011 4362/3764/4362 4361/3763/4361
f 4011/3775/4011 4010/3776/4010 4363/3767/4363 4362/3764/4362
f 4010/3776/4010 3706/3777/3706 4006/3778/4006 4363/3767/4363
f 4363/3767/4363 4006/3778/4006 4005/3779/4005 4366/3768/4366
f 4366/3768/4366 4005/3779/4005 4004/3780/4004 4369/3771/4369
f 4369/3771/4369 4004/3780/4004 3693/3736/3693 3931/3734/3931
f 4368/3769/4368 4369/3771/4369 3931/3734/3931 3930/3733/3930
f 4367/3770/4367 4368/3769/4368 3930/3733/3930 3929/3732/3929
f 3937/3781/3937 4367/3770/4367 3929/3732/3929 3694/3731/3694
f 3936/3782/3936 4364/3766/4364 4367/3770/4367 3937/3781/3937
f 3935/3774/3935 4361/3763/4361 4364/3766/4364 3936/3782/3936
f 4370/3783/4370 4371/3784/4371 4374/3785/4374 4373/3786/4373
f 4371/3784/4371 4372/3787/4372 4375/3788/4375 4374/3785/4374
f 4373/3786/4373 4374/3785/4374 4377/3789/4377 4376/3790/4376
f 4374/3785/4374 4375/3788/4375 4378/3791/4378 4377/3789/4377
f 3705/3792/3705 4009/3793/4009 4370/3783/4370 3941/3794/3941
f 4009/3793/4009 4008/3795/4008 4371/3784/4371 4370/3783/4370
f 4008/3795/4008 4007/3796/4007 4372/3787/4372 4371/3784/4371
f 4007/3796/4007 3704/3797/3704 4000/3798/4000 4372/3787/4372
f 4372/3787/4372 4000/3798/4000 3999/3799/3999 4375/3788/4375
f 4375/3788/4375 3999/3799/3999 3998/3800/3998 4378/3791/4378
f 4378/3791/4378 3998/3800/3998 3691/3727/3691 3923/3726/3923
f 4377/3789/4377 4378/3791/4378 3923/3726/3923 3924/3725/3924
f 4376/3790/4376 4377/3789/4377 3924/3725/3924 3925/3723/3925
f 3943/3801/3943 4376/3790/4376 3925/3723/3925 3692/3722/3692
f 3942/3802/3942 4373/3786/4373 4376/3790/4376 3943/3801/3943
f 3941/3794/3941 4370/3783/4370 4373/3786/4373 3942/3802/3942
f 4379/3803/4379 4380/3804/4380 4383/3805/4383 4382/3806/4382
f 4380/3804/4380 4381/3807/4381 4384/3808/4384 4383/3805/4383
f 4382/3806/4382 4383/3805/4383 4386/3809/4386 4385/3810/4385
f 4383/3805/4383 4384/3808/4384 4387/3811/4387 4386/3809/4386
f 3678/3424/3678 3848/3422/3848 4379/3803/4379 3980/3812/3980
f 3848/3422/3848 3849/3421/3849 4380/3804/4380 4379/3803/4379
f 3849/3421/3849 3850/3420/3850 4381/3807/4381 4380/3804/4380
f 3850/3420/3850 3682/3419/3682 3898/3813/3898 4381/3807/4381
f 4381/3807/4381 3898/3813/3898 3897/3814/3897 4384/3808/4384
f 4384/3808/4384 3897/3814/3897 3896/3815/3896 4387/3811/4387
f 4387/3811/4387 3896/3815/3896 3701/3602/3701 3983/3601/3983
f 4386/3809/4386 4387/3811/4387 3983/3601/3983 3984/3600/3984
f 4385/3810/4385 4386/3809/4386 3984/3600/3984 3985/3598/3985
f 3982/3816/3982 4385/3810/4385 3985/3598/3985 3702/3597/3702
f 3981/3817/3981 4382/3806/4382 4385/3810/4385 3982/3816/3982
f 3980/3812/3980 4379/3803/4379 4382/3806/4382 3981/3817/3981
f 4388/3818/4388 4389/3819/4389 4392/3820/4392 4391/3821/4391
f 4389/3819/4389 4390/3822/4390 4393/3823/4393 4392/3820/4392
f 4391/3821/4391 4392/3820/4392 4395/3824/4395 4394/3825/4394
f 4392/3820/4392 4393/3823/4393 4396/3826/4396 4395/3824/4395
f 3696/3611/3696 3959/3609/3959 4388/3818/4388 3887/3827/3887
f 3959/3609/3959 3960/3608/3960 4389/3819/4389 4388/3818/4388
f 3960/3608/3960 3961/3607/3961 4390/3822/4390 4389/3819/4389
f 3961/3607/3961 3695/3606/3695 3949/3828/3949 4390/3822/4390
f 4390/3822/4390 3949/3828/3949 3948/3829/3948 4393/3823/4393
f 4393/3823/4393 3948/3829/3948 3947/3830/3947 4396/3826/4396
f 4396/3826/4396 3947/3830/3947 3685/3702/3685 3883/3701/3883
f 4395/3824/4395 4396/3826/4396 3883/3701/3883 3882/3700/3882
f 4394/3825/4394 4395/3824/4395 3882/3700/3882 3881/3698/3881
f 3889/3831/3889 4394/3825/4394 3881/3698/3881 3686/3697/3686
f 3888/3832/3888 4391/3821/4391 4394/3825/4394 3889/3831/3889
f 3887/3827/3887 4388/3818/4388 4391/3821/4391 3888/3832/3888
f 4397/3833/4397 4398/3834/4398 4401/3835/4401 4400/3836/4400
f 4398/3834/4398 4399/3837/4399 4402/3838/4402 4401/3835/4401
f 4400/3836/4400 4401/3835/4401 4404/3839/4404 4403/3840/4403
f 4401/3835/4401 4402/3838/4402 4405/3841/4405 4404/3839/4404
f 3697/3561/3697 3962/3559/3962 4397/3833/4397 3955/3842/3955
f 3962/3559/3962 3963/3558/3963 4398/3834/4398 4397/3833/4397
f 3963/3558/3963 3964/3557/3964 4399/3837/4399 4398/3834/4398
f 3964/3557/3964 3698/3556/3698 3958/3843/3958 4399/3837/4399
f 4399/3837/4399 3958/3843/3958 3957/3844/3957 4402/3838/4402
f 4402/3838/4402 3957/3844/3957 3956/3845/3956 4405/3841/4405
f 4405/3841/4405 3956/3845/3956 3683/3527/3683 3875/3526/3875
f 4404/3839/4404 4405/3841/4405 3875/3526/3875 3876/3525/3876
f 4403/3840/4403 4404/3839/4404 3876/3525/3876 3877/3523/3877
f 3953/3846/3953 4403/3840/4403 3877/3523/3877 3684/3522/3684
f 3954/3847/3954 4400/3836/4400 4403/3840/4403 3953/3846/3953
f 3955/3842/3955 4397/3833/4397 4400/3836/4400 3954/3847/3954
f 4406/3848/4406 4407/3849/4407 4410/3850/4410 4409/3851/4409
f 4407/3849/4407 4408/3852/4408 4411/3853/4411 4410/3850/4410
f 4409/3851/4409 4410/3850/4410 4413/3854/4413 4412/3855/4412
f 4410/3850/4410 4411/3853/4411 4414/3856/4414 4413/3854/4413
f 3698/3307/3698 3965/3305/3965 4406/3848/4406 3958/3857/3958
f 3965/3305/3965 3966/3304/3966 4407/3849/4407 4406/3848/4406
f 3966/3304/3966 3967/3303/3967 4408/3852/4408 4407/3849/4407
f 3967/3303/3967 3696/3302/3696 3887/3858/3887 4408/3852/4408
f 4408/3852/4408 3887/3858/3887 3888/3859/3888 4411/3853/4411
f 4411/3853/4411 3888/3859/3888 3889/3860/3889 4414/3856/4414
f 4414/3856/4414 3889/3860/3889 3686/3652/3686 3886/3651/3886
f 4413/3854/4413 4414/3856/4414 3886/3651/3886 3885/3650/3885
f 4412/3855/4412 4413/3854/4413 3885/3650/3885 3884/3648/3884
f 3956/3861/3956 4412/3855/4412 3884/3648/3884 3683/3647/3683
f 3957/3862/3957 4409/3851/4409 4412/3855/4412 3956/3861/3956
f 3958/3857/3958 4406/3848/4406 4409/3851/4409 3957/3862/3957
f 4415/3863/4415 4416/3864/4416 4419/3865/4419 4418/3866/4418
f 4416/3864/4416 4417/3867/4417 4420/3868/4420 4419/3865/4419
f 4418/3866/4418 4419/3865/4419 4422/3869/4422 4421/3870/4421
f 4419/3865/4419 4420/3868/4420 4423/3871/4423 4422/3869/4422
f 3695/3586/3695 3968/3584/3968 4415/3863/4415 3949/3872/3949
f 3968/3584/3968 3969/3583/3969 4416/3864/4416 4415/3863/4415
f 3969/3583/3969 3970/3582/3970 4417/3867/4417 4416/3864/4416
f 3970/3582/3970 3697/3581/3697 3955/3873/3955 4417/3867/4417
f 4417/3867/4417 3955/3873/3955 3954/3874/3954 4420/3868/4420
f 4420/3868/4420 3954/3874/3954 3953/3875/3953 4423/3871/4423
f 4423/3871/4423 3953/3875/3953 3684/3677/3684 3878/3676/3878
f 4422/3869/4422 4423/3871/4423 3878/3676/3878 3879/3675/3879
f 4421/3870/4421 4422/3869/4422 3879/3675/3879 3880/3673/3880
f 3947/3876/3947 4421/3870/4421 3880/3673/3880 3685/3672/3685
f 3948/3877/3948 4418/3866/4418 4421/3870/4421 3947/3876/3947
f 3949/3872/3949 4415/3863/4415 4418/3866/4418 3948/3877/3948
f 4424/3878/4424 4425/3879/4425 4428/3880/4428 4427/3881/4427
f 4425/3879/4425 4426/3882/4426 4429/3883/4429 4428/3880/4428
f 4427/3881/4427 4428/3880/4428 4431/3884/4431 4430/3885/4430
f 4428/3880/4428 4429/3883/4429 4432/3886/4432 4431/3884/4431
f 3682/3322/3682 3823/3321/3823 4424/3878/4424 3898/3887/3898
f 3823/3321/3823 3822/3320/3822 4425/3879/4425 4424/3878/4424
f 3822/3320/3822 3821/3319/3821 4426/3882/4426 4425/3879/4425
f 3821/3319/3821 3676/3075/3676 3895/3888/3895 4426/3882/4426
f 4426/3882/4426 3895/3888/3895 3894/3889/3894 4429/3883/4429
f 4429/3883/4429 3894/3889/3894 3893/3890/3893 4432/3886/4432
f 4432/3886/4432 3893/3890/3893 3700/3577/3700 3986/3576/3986
f 4431/3884/4431 4432/3886/4432 3986/3576/3986 3987/3575/3987
f 4430/3885/4430 4431/3884/4431 3987/3575/3987 3988/3573/3988
f 3896/3891/3896 4430/3885/4430 3988/3573/3988 3701/3572/3701
f 3897/3892/3897 4427/3881/4427 4430/3885/4430 3896/3891/3896
f 3898/3887/3898 4424/3878/4424 4427/3881/4427 3897/3892/3897
f 4433/3893/4433 4434/3894/4434 4437/3895/4437 4436/3896/4436
f 4434/3894/4434 4435/3897/4435 4438/3898/4438 4437/3895/4437
f 4436/3896/4436 4437/3895/4437 4440/3899/4440 4439/3900/4439
f 4437/3895/4437 4438/3898/4438 4441/3901/4441 4440/3899/4440
f 3676/3399/3676 3814/3397/3814 4433/3893/4433 3895/3902/3895
f 3814/3397/3814 3813/3396/3813 4434/3894/4434 4433/3893/4433
f 3813/3396/3813 3812/3395/3812 4435/3897/4435 4434/3894/4434
f 3812/3395/3812 3672/3394/3672 3892/3903/3892 4435/3897/4435
f 4435/3897/4435 3892/3903/3892 3891/3904/3891 4438/3898/4438
f 4438/3898/4438 3891/3904/3891 3890/3905/3890 4441/3901/4441
f 4441/3901/4441 3890/3905/3890 3699/3552/3699 3989/3551/3989
f 4440/3899/4440 4441/3901/4441 3989/3551/3989 3990/3550/3990
f 4439/3900/4439 4440/3899/4440 3990/3550/3990 3991/3548/3991
f 3893/3906/3893 4439/3900/4439 3991/3548/3991 3700/3547/3700
f 3894/3907/3894 4436/3896/4436 4439/3900/4439 3893/3906/3893
f 3895/3902/3895 4433/3893/4433 4436/3896/4436 3894/3907/3894
f 4442/3908/4442 4443/3909/4443 4446/3910/4446 4445/3911/4445
f 4443/3909/4443 4444/3912/4444 4447/3913/4447 4446/3910/4446
f 4445/3911/4445 4446/3910/4446 4449/3914/4449 4448/3915/4448
f 4446/3910/4446 4447/3913/4447 4450/3916/4450 4449/3914/4449
f 3672/3347/3672 3863/3506/3863 4442/3908/4442 3892/3917/3892
f 3863/3506/3863 3864/3512/3864 4443/3909/4443 4442/3908/4442
f 3864/3512/3864 3865/3510/3865 4444/3912/4444 4443/3909/4443
f 3865/3510/3865 3678/3511/3678 3980/3918/3980 4444/3912/4444
f 4444/3912/4444 3980/3918/3980 3981/3919/3981 4447/3913/4447
f 4447/3913/4447 3981/3919/3981 3982/3920/3982 4450/3916/4450
f 4450/3916/4450 3982/3920/3982 3702/3298/3702 3992/3297/3992
f 4449/3914/4449 4450/3916/4450 3992/3297/3992 3993/3296/3993
f 4448/3915/4448 4449/3914/4449 3993/3296/3993 3994/3294/3994
f 3890/3921/3890 4448/3915/4448 3994/3294/3994 3699/3293/3699
f 3891/3922/3891 4445/3911/4445 4448/3915/4448 3890/3921/3890
f 3892/3917/3892 4442/3908/4442 4445/3911/4445 3891/3922/3891
f 4451/3923/4451 4452/3924/4452 4455/3925/4455 4454/3926/4454
f 4452/3924/4452 4453/3927/4453 4456/3928/4456 4455/3925/4455
f 4454/3926/4454 4455/3925/4455 4458/3929/4458 4457/3930/4457
f 4455/3925/4455 4456/3928/4456 4459/3931/4459 4458/3929/4458
f 3688/3536/3688 3901/3534/3901 4451/3923/4451 4001/3932/4001
f 3901/3534/3901 3900/3533/3900 4452/3924/4452 4451/3923/4451
f 3900/3533/3900 3899/3532/3899 4453/3927/4453 4452/3924/4452
f 3899/3532/3899 3687/3531/3687 3940/3933/3940 4453/3927/4453
f 4453/3927/4453 3940/3933/3940 3939/3934/3939 4456/3928/4456
f 4456/3928/4456 3939/3934/3939 3938/3935/3938 4459/3931/4459
f 4459/3931/4459 3938/3935/3938 3704/3797/3704 4007/3796/4007
f 4458/3929/4458 4459/3931/4459 4007/3796/4007 4008/3795/4008
f 4457/3930/4457 4458/3929/4458 4008/3795/4008 4009/3793/4009
f 4003/3936/4003 4457/3930/4457 4009/3793/4009 3705/3792/3705
f 4002/3937/4002 4454/3926/4454 4457/3930/4457 4003/3936/4003
f 4001/3932/4001 4451/3923/4451 4454/3926/4454 4002/3937/4002
f 4460/3938/4460 4461/3939/4461 4464/3940/4464 4463/3941/4463
f 4461/3939/4461 4462/3942/4462 4465/3943/4465 4464/3940/4464
f 4463/3941/4463 4464/3940/4464 4467/3944/4467 4466/3945/4466
f 4464/3940/4464 4465/3943/4465 4468/3946/4468 4467/3944/4467
f 3690/3711/3690 3905/3709/3905 4460/3938/4460 3995/3947/3995
f 3905/3709/3905 3906/3708/3906 4461/3939/4461 4460/3938/4460
f 3906/3708/3906 3907/3707/3907 4462/3942/4462 4461/3939/4461
f 3907/3707/3907 3689/3706/3689 3946/3948/3946 4462/3942/4462
f 4462/3942/4462 3946/3948/3946 3945/3949/3945 4465/3943/4465
f 4465/3943/4465 3945/3949/3945 3944/3950/3944 4468/3946/4468
f 4468/3946/4468 3944/3950/3944 3706/3777/3706 4010/3776/4010
f 4467/3944/4467 4468/3946/4468 4010/3776/4010 4011/3775/4011
f 4466/3945/4466 4467/3944/4467 4011/3775/4011 4012/3773/4012
f 3997/3951/3997 4466/3945/4466 4012/3773/4012 3703/3772/3703
f 3996/3952/3996 4463/3941/4463 4466/3945/4466 3997/3951/3997
f 3995/3947/3995 4460/3938/4460 4463/3941/4463 3996/3952/3996
f 4469/3953/4469 4470/3954/4470 4473/3955/4473 4472/3956/4472
f 4470/3954/4470 4471/3957/4471 4474/3958/4474 4473/3955/4473
f 4472/3956/4472 4473/3955/4473 4476/3959/4476 4475/3960/4475
f 4473/3955/4473 4474/3958/4474 4477/3961/4477 4476/3959/4476
f 3689/3686/3689 3904/3684/3904 4469/3953/4469 3946/3962/3946
f 3904/3684/3904 3903/3683/3903 4470/3954/4470 4469/3953/4469
f 3903/3683/3903 3902/3682/3902 4471/3957/4471 4470/3954/4470
f 3902/3682/3902 3688/3681/3688 4001/3963/4001 4471/3957/4471
f 4471/3957/4471 4001/3963/4001 4002/3964/4002 4474/3958/4474
f 4474/3958/4474 4002/3964/4002 4003/3965/4003 4477/3961/4477
f 4477/3961/4477 4003/3965/4003 3705/3752/3705 4013/3751/4013
f 4476/3959/4476 4477/3961/4477 4013/3751/4013 4014/3750/4014
f 4475/3960/4475 4476/3959/4476 4014/3750/4014 4015/3748/4015
f 3944/3966/3944 4475/3960/4475 4015/3748/4015 3706/3747/3706
f 3945/3967/3945 4472/3956/4472 4475/3960/4475 3944/3966/3944
f 3946/3962/3946 4469/3953/4469 4472/3956/4472 3945/3967/3945
f 4478/3968/4478 4479/3969/4479 4482/3970/4482 4481/3971/4481
f 4479/3969/4479 4480/3972/4480 4483/3973/4483 4482/3970/4482
f 4481/3971/4481 4482/3970/4482 4485/3974/4485 4484/3975/4484
f 4482/3970/4482 4483/3973/4483 4486/3976/4486 4485/3974/4485
f 3687/3661/3687 3908/3659/3908 4478/3968/4478 3940/3977/3940
f 3908/3659/3908 3909/3658/3909 4479/3969/4479 4478/3968/4478
f 3909/3658/3909 3910/3657/3910 4480/3972/4480 4479/3969/4479
f 3910/3657/3910 3690/3656/3690 3995/3978/3995 4480/3972/4480
f 4480/3972/4480 3995/3978/3995 3996/3979/3996 4483/3973/4483
f 4483/3973/4483 3996/3979/3996 3997/3980/3997 4486/3976/4486
f 4486/3976/4486 3997/3980/3997 3703/3627/3703 4016/3626/4016
f 4485/3974/4485 4486/3976/4486 4016/3626/4016 4017/3625/4017
f 4484/3975/4484 4485/3974/4485 4017/3625/4017 4018/3623/4018
f 3938/3981/3938 4484/3975/4484 4018/3623/4018 3704/3622/3704
f 3939/3982/3939 4481/3971/4481 4484/3975/4484 3938/3981/3938
f 3940/3977/3940 4478/3968/4478 4481/3971/4481 3939/3982/3939
o clothes
v -0.668980 1.901068 0.630906
v -0.334257 2.283326 0.053140
v -0.423138 1.377011 -0.569716
v -0.234938 2.262955 -0.442493
v -0.334165 2.099602 0.266926
v -0.231951 1.975291 -0.500674
v -0.907093 1.681371 -0.077043
v -0.363621 2.281992 -0.164221
v -0.000766 2.298518 -0.030940
v -0.663270 1.912165 0.229355
v -0.576272 1.976210 -0.187369
v -0.347027 2.245291 0.114078
v -0.238386 2.215539 -0.446714
v -0.451224 2.168027 0.033717
v -0.450216 2.231395 0.009308
v -0.494158 2.047513 0.114086
v -0.456309 2.204128 -0.130710
v -0.201692 2.146483 -0.447169
v -0.380777 2.286013 -0.023760
v -0.870609 1.808334 0.364641
v 0.110263 2.299342 -0.218782
v -0.483887 2.121227 -0.137444
v -0.334187 2.190272 0.144055
v -0.726145 1.724199 0.334257
v -0.688676 1.760386 -0.253264
v -0.377981 2.284596 -0.073827
v -0.444320 2.132251 -0.185451
v -0.407835 2.015125 0.122144
v -0.453883 2.220935 -0.031519
v -0.433889 2.202420 -0.189636
v -0.524317 1.980210 -0.238200
v -0.450660 2.145483 0.008102
v -0.333259 2.275297 -0.312648
v -0.353127 2.279966 -0.214772
v -0.477722 1.996106 -0.380184
v -0.790166 1.501194 -0.484876
v -0.806111 1.590203 -0.181279
v -0.000131 2.286834 -0.368218
v -0.381962 2.210395 -0.314717
v -0.392733 2.150653 -0.330446
v -0.458171 1.743435 -0.469153
v -0.322473 1.721383 -0.550608
v -0.564741 1.450093 -0.498689
v -0.330215 2.152347 -0.376432
v -0.471673 1.999497 0.436014
v -0.747067 1.797597 -0.177664
v -0.340713 2.212739 -0.360505
v -0.575275 1.863329 0.231178
v -0.351522 1.993524 -0.429640
v -0.310316 2.272291 -0.366921
v -0.627782 1.752900 -0.438085
v 0.000011 1.346130 -0.652264
v -0.000061 2.268845 -0.453423
v 0.000000 1.905511 0.782904
v -0.001007 2.288988 0.057246
v 0.000000 2.095212 0.325005
v 0.000000 1.983524 -0.556421
v 0.110188 2.301256 -0.170225
v -0.001027 2.248491 0.139914
v -0.000028 2.216289 -0.468735
v -0.000005 2.147606 -0.471742
v -0.000195 2.192151 0.176041
v -0.000563 2.299987 -0.107321
v -0.000225 2.293614 -0.286023
v 0.000000 1.726901 -0.638728
v -0.000155 2.001050 0.523024
v -0.507777 2.006963 0.081449
v -0.660348 1.846847 0.062116
v -0.599337 1.977127 -0.160609
v -0.653578 1.966850 0.021717
v -0.684347 1.967027 -0.138639
v -0.599857 2.062901 -0.114785
v -0.589946 2.070552 -0.029318
v -0.774356 1.841509 -0.093645
v -0.738657 1.851428 0.006465
v -0.852378 1.927279 -0.030223
v -0.869817 1.925460 -0.094529
v -0.768266 1.988768 -0.096961
v -0.755419 1.994814 -0.048115
v -0.873487 1.866106 -0.077875
v -0.864757 1.867919 -0.026992
v -0.727223 1.843471 -0.140501
v 0.668415 1.901715 0.630960
v 0.332779 2.284229 0.055309
v 0.423627 1.379108 -0.570710
v 0.234667 2.263163 -0.442287
v 0.334165 2.099602 0.266926
v 0.231799 1.973929 -0.500621
v 0.906490 1.682284 -0.074108
v 0.362719 2.283480 -0.162319
v 0.661277 1.913825 0.229914
v 0.520259 1.967899 -0.139079
v 0.346961 2.245303 0.114032
v 0.237794 2.213820 -0.447493
v 0.445452 2.168917 0.031110
v 0.449776 2.231424 0.009047
v 0.487049 2.050519 0.113091
v 0.447188 2.201397 -0.135865
v 0.201370 2.145233 -0.447614
v 0.379028 2.286793 -0.022854
v 0.868225 1.811140 0.366031
v -0.110979 2.298857 -0.219345
v 0.389184 2.100426 -0.157216
v 0.333886 2.190348 0.143874
v 0.725659 1.724758 0.334593
v 0.695475 1.760709 -0.239731
v 0.376769 2.285524 -0.072511
v 0.428562 2.124124 -0.191553
v 0.402756 2.017050 0.121398
v 0.445471 2.220765 -0.036392
v 0.430232 2.200410 -0.191875
v 0.522977 1.972442 -0.217692
v 0.417035 2.149121 -0.005465
v 0.332598 2.276163 -0.311809
v 0.352286 2.281401 -0.213142
v 0.477701 1.996063 -0.380172
v 0.790631 1.504035 -0.483985
v 0.804818 1.591033 -0.176516
v 0.381886 2.210360 -0.314727
v 0.392642 2.150515 -0.330500
v 0.458171 1.743435 -0.469153
v 0.322533 1.722035 -0.550647
v 0.564898 1.451038 -0.498947
v 0.329971 2.151820 -0.376629
v 0.471640 1.999525 0.436009
v 0.748294 1.805761 -0.123872
v 0.340220 2.212019 -0.360869
v 0.564260 1.872199 0.234654
v 0.351522 1.993524 -0.429640
v 0.309606 2.272422 -0.366693
v 0.627776 1.752872 -0.438038
v -0.111095 2.300776 -0.170846
v 0.495602 2.011895 0.081268
v 0.586334 1.898983 0.125861
v 0.525044 1.978783 -0.105694
v 0.523124 2.036602 0.078942
v 0.596192 1.991134 -0.061247
v 0.499952 2.073277 -0.091081
v 0.467118 2.105330 -0.017898
v 0.721876 1.880579 0.003252
v 0.619358 1.939201 0.123266
v 0.732432 2.017333 0.088144
v 0.766385 1.998610 0.033890
v 0.663721 2.039154 -0.012399
v 0.637789 2.057916 0.027331
v 0.770961 1.949021 0.070410
v 0.748444 1.965674 0.114426
v 0.666095 1.875992 -0.028869
v -0.873887 1.835868 0.405287
v -0.841025 1.862478 0.472691
v -0.772577 1.885195 0.552604
v -0.352340 2.257572 0.101650
v -0.353887 2.268973 0.085188
v -0.346837 2.277971 0.067186
v -0.296184 2.271076 -0.387170
v -0.277350 2.269114 -0.409599
v -0.254902 2.266094 -0.429638
v -0.347843 1.642816 -0.557878
v -0.373131 1.558096 -0.563223
v -0.398386 1.469542 -0.567284
v -0.126226 1.348326 -0.645082
v -0.244327 1.354705 -0.626290
v -0.345976 1.364292 -0.599687
v -0.111219 2.288663 0.056701
v -0.210418 2.287671 0.055795
v -0.288194 2.285647 0.054450
v -0.427117 2.024409 0.391094
v -0.387576 2.049435 0.348071
v -0.355781 2.074520 0.306671
v -0.201348 2.113884 -0.456485
v -0.206597 2.073551 -0.469579
v -0.216959 2.026886 -0.484844
v -0.089519 2.096955 0.322450
v -0.176718 2.100238 0.313289
v -0.259237 2.102104 0.295323
v -0.324143 1.988276 -0.442515
v -0.298024 1.982525 -0.459664
v -0.268761 1.977714 -0.479559
v -0.835967 1.615859 -0.151519
v -0.874999 1.640784 -0.140539
v -0.904636 1.663077 -0.124877
v -0.374774 2.283970 -0.094891
v -0.370969 2.283236 -0.119492
v -0.367067 2.282547 -0.143833
v -0.784425 1.765881 -0.135875
v -0.821394 1.739759 -0.100740
v -0.862385 1.711152 -0.085634
v -0.498518 2.087767 -0.154964
v -0.517650 2.054927 -0.166448
v -0.543307 2.017853 -0.177239
v -0.338159 2.206664 0.131781
v -0.340655 2.220642 0.125537
v -0.343157 2.233180 0.121020
v -0.242685 2.255426 -0.446570
v -0.246999 2.243588 -0.449126
v -0.245200 2.229661 -0.448862
v -0.417428 2.266723 -0.155849
v -0.445100 2.246482 -0.147107
v -0.455145 2.224619 -0.138424
v -0.454457 2.216836 -0.052880
v -0.455617 2.212213 -0.079853
v -0.456513 2.207753 -0.107452
v -0.101318 2.248359 0.139487
v -0.195617 2.248078 0.137242
v -0.279414 2.247160 0.129542
v -0.325544 2.213332 -0.379348
v -0.304853 2.214083 -0.402883
v -0.276511 2.214856 -0.426785
v -0.228344 2.202411 -0.444002
v -0.217311 2.188344 -0.442176
v -0.207642 2.170610 -0.442732
v -0.311812 2.292598 -0.029033
v -0.220336 2.296442 -0.030937
v -0.114204 2.298066 -0.031284
v -0.454004 2.143294 0.047999
v -0.460340 2.114157 0.066831
v -0.472852 2.081827 0.089199
v -0.449394 2.217490 0.014366
v -0.449224 2.203529 0.018729
v -0.449802 2.187659 0.024483
v -0.456385 2.186656 -0.125931
v -0.458674 2.170306 -0.124259
v -0.465493 2.151768 -0.126688
v -0.324509 2.124495 0.228807
v -0.324032 2.148448 0.194028
v -0.328446 2.170686 0.165195
v -0.305910 2.150708 -0.391240
v -0.276505 2.148945 -0.410154
v -0.241825 2.147418 -0.429891
v -0.422700 2.275784 -0.015212
v -0.443659 2.261864 -0.006560
v -0.450385 2.246510 0.002032
v -0.525995 2.012385 0.140647
v -0.566574 1.977464 0.168712
v -0.613222 1.943730 0.198282
v -0.094717 2.192451 0.175368
v -0.184933 2.192806 0.171322
v -0.266412 2.192318 0.161463
v -0.714459 1.883454 0.261870
v -0.766195 1.857104 0.295513
v -0.818293 1.832330 0.329908
v -0.463150 2.154963 -0.030925
v -0.470100 2.152594 -0.064451
v -0.477176 2.142634 -0.099564
v -0.870424 1.694275 0.015570
v -0.811690 1.704055 0.134561
v -0.755486 1.713049 0.249905
v -0.381513 2.285649 -0.037238
v -0.381311 2.285379 -0.047765
v -0.380174 2.285041 -0.058861
v -0.000644 2.299356 -0.074800
v -0.000689 2.299027 -0.057644
v -0.000725 2.298778 -0.044591
v -0.480359 2.035926 0.104111
v -0.453991 2.026315 0.105558
v -0.424961 2.019962 0.114792
v -0.453946 2.228721 -0.004046
v -0.454856 2.226444 -0.011675
v -0.454362 2.224028 -0.019019
v -0.554093 1.983400 0.379856
v -0.615043 1.960676 0.318695
v -0.652207 1.935528 0.264529
v -0.385352 2.185998 0.117497
v -0.420653 2.180192 0.086355
v -0.441929 2.173897 0.056555
v -0.451030 2.163293 0.021821
v -0.446222 2.159220 0.017433
v -0.442581 2.154740 0.015204
v -0.424552 2.116301 0.041302
v -0.405333 2.085677 0.067761
v -0.398446 2.051602 0.094256
v -0.394548 2.242310 0.089736
v -0.424660 2.238640 0.060617
v -0.441752 2.234821 0.032036
v -0.399545 2.090749 0.226951
v -0.450784 2.077347 0.182673
v -0.483814 2.062029 0.142194
v -0.452694 2.205693 -0.024850
v -0.451539 2.190849 -0.018864
v -0.450607 2.173700 -0.010395
v -0.422863 2.272455 -0.063159
v -0.445856 2.255988 -0.052084
v -0.453700 2.238134 -0.040945
v -0.620441 1.827496 0.250543
v -0.660054 1.792696 0.271861
v -0.694510 1.758352 0.300671
v -0.353690 2.285109 0.037884
v -0.370300 2.286367 0.016824
v -0.378366 2.286428 -0.005039
v -0.740300 1.739676 0.368203
v -0.783790 1.759328 0.367830
v -0.834461 1.782466 0.358370
v -0.268836 2.290664 -0.217673
v -0.157464 2.296443 -0.218836
v -0.028074 2.298811 -0.218985
v -0.348613 2.278878 -0.236940
v -0.343321 2.277619 -0.263341
v -0.337963 2.276376 -0.289918
v -0.457294 2.104270 -0.192982
v -0.475902 2.069274 -0.203757
v -0.498721 2.027803 -0.218317
v -0.517116 1.983806 -0.267653
v -0.511473 1.987675 -0.304684
v -0.498254 1.992173 -0.345774
v -0.620232 1.463122 -0.507448
v -0.685695 1.474302 -0.517594
v -0.747108 1.486582 -0.514912
v -0.432094 2.185658 -0.184989
v -0.432395 2.170371 -0.182279
v -0.436062 2.153540 -0.182228
v -0.560926 1.926615 -0.251691
v -0.603771 1.870032 -0.258385
v -0.647196 1.813621 -0.259821
v -0.403997 2.264276 -0.208866
v -0.428278 2.244275 -0.202140
v -0.435221 2.222621 -0.195569
v -0.421841 2.204299 -0.218532
v -0.408257 2.206502 -0.253067
v -0.394510 2.208644 -0.287167
v -0.432334 2.136563 -0.218868
v -0.419407 2.141654 -0.258866
v -0.406037 2.146644 -0.298405
v -0.728129 1.712847 -0.232464
v -0.757054 1.669517 -0.217484
v -0.782355 1.629116 -0.200230
v -0.406471 2.123337 -0.340063
v -0.425269 2.088181 -0.352013
v -0.449046 2.045624 -0.365614
v -0.379292 2.197081 -0.316393
v -0.379755 2.184724 -0.319156
v -0.384011 2.170280 -0.323621
v 0.032597 2.294275 -0.278768
v 0.063329 2.295778 -0.261145
v 0.089907 2.297632 -0.239151
v -0.739129 1.787793 -0.205608
v -0.723939 1.777457 -0.218359
v -0.705188 1.767802 -0.231346
v -0.471447 2.125948 -0.146293
v -0.462978 2.127578 -0.153324
v -0.454097 2.129451 -0.164673
v -0.668493 1.689764 -0.450787
v -0.709197 1.627473 -0.462667
v -0.749756 1.564485 -0.473996
v -0.369558 2.261432 -0.312886
v -0.384442 2.244495 -0.313133
v -0.385902 2.226766 -0.313633
v -0.250998 1.919768 -0.515668
v -0.273144 1.859716 -0.529245
v -0.297334 1.794048 -0.541033
v -0.454254 2.201884 -0.146338
v -0.449995 2.200984 -0.157866
v -0.443281 2.201242 -0.170532
v -0.565117 1.976886 -0.193115
v -0.551866 1.977108 -0.201461
v -0.537600 1.977909 -0.215696
v -0.618178 1.925568 0.580875
v -0.567966 1.950111 0.531367
v -0.518935 1.974739 0.482906
v -0.616136 1.930636 -0.196694
v -0.660032 1.883801 -0.202770
v -0.704457 1.838843 -0.201476
v -0.361002 2.281599 -0.178272
v -0.358803 2.281219 -0.188738
v -0.356385 2.280727 -0.199574
v -0.435585 1.977264 0.151388
v -0.477062 1.938818 0.180468
v -0.525690 1.900613 0.207744
v -0.805511 1.519526 -0.419004
v -0.803245 1.540858 -0.332425
v -0.798385 1.565461 -0.246096
v -0.339683 2.259794 -0.365123
v -0.349565 2.244326 -0.363067
v -0.347424 2.227943 -0.361344
v -0.511027 1.940310 -0.395094
v -0.547944 1.879902 -0.409945
v -0.587264 1.816795 -0.424390
v -0.679784 1.755909 -0.289444
v -0.669205 1.753671 -0.342226
v -0.653023 1.753046 -0.396263
v -0.372075 1.937625 -0.441605
v -0.398469 1.876770 -0.451891
v -0.428052 1.811770 -0.460930
v -0.335507 2.200050 -0.361029
v -0.332471 2.187767 -0.363460
v -0.330930 2.172877 -0.368391
v -0.648650 1.893895 0.220680
v -0.619807 1.880409 0.227953
v -0.590552 1.870646 0.236533
v -0.330106 2.123803 -0.387823
v -0.332229 2.087339 -0.401455
v -0.338672 2.043674 -0.415878
v -0.698678 1.817920 0.019704
v -0.729263 1.799817 -0.037727
v -0.749362 1.792359 -0.105449
v -0.426703 1.737460 -0.479268
v -0.398991 1.730940 -0.497432
v -0.366945 1.725137 -0.521823
v -0.256364 2.280326 -0.367989
v -0.182191 2.284603 -0.368406
v -0.094531 2.286369 -0.368397
v -0.486704 1.672545 -0.476937
v -0.513650 1.599762 -0.484433
v -0.539539 1.525716 -0.491738
v -0.129889 2.002860 0.518806
v -0.254989 2.005916 0.504387
v -0.370513 2.006126 0.477554
v -0.199746 2.265524 -0.447647
v -0.143528 2.267611 -0.451727
v -0.074888 2.268575 -0.453291
v -0.532074 1.908213 0.695591
v -0.369164 1.909023 0.743292
v -0.188916 1.906967 0.772799
v -0.000076 2.276702 -0.435012
v -0.000094 2.281827 -0.412315
v -0.000113 2.284959 -0.388870
v -0.184421 1.976157 -0.521317
v -0.127927 1.979034 -0.539154
v -0.065457 1.982097 -0.551688
v -0.276420 2.292614 -0.168353
v -0.162394 2.298360 -0.170107
v -0.030528 2.300720 -0.170437
v -0.590349 1.752253 -0.459940
v -0.545273 1.750664 -0.466902
v -0.499049 1.747827 -0.467222
v -0.471805 1.394112 -0.541258
v -0.502250 1.413516 -0.517640
v -0.528555 1.433081 -0.502328
v -0.189221 2.215916 -0.459483
v -0.131121 2.216124 -0.466029
v -0.067069 2.216210 -0.468432
v -0.156194 2.146372 -0.459417
v -0.106478 2.146779 -0.466936
v -0.053946 2.147329 -0.470709
v -0.379684 2.153005 -0.350040
v -0.365830 2.153842 -0.360582
v -0.349797 2.153508 -0.367552
v -0.305152 2.292601 -0.080400
v -0.210574 2.297187 -0.084729
v -0.104053 2.299180 -0.090579
v -0.371515 2.211471 -0.331569
v -0.362155 2.212034 -0.341219
v -0.352383 2.212374 -0.349056
v -0.449823 1.998343 -0.401880
v -0.417177 1.998667 -0.413919
v -0.383253 1.997064 -0.421455
v -0.270393 2.284259 -0.312114
v -0.186884 2.289203 -0.309930
v -0.091908 2.291660 -0.304084
v -0.259696 1.720644 -0.581403
v -0.181674 1.722982 -0.609806
v -0.093434 1.725807 -0.630670
v -0.329530 2.274476 -0.328784
v -0.325543 2.273805 -0.340737
v -0.319677 2.273131 -0.352211
v 0.000000 1.977503 0.583002
v 0.000000 1.953700 0.647230
v -0.000136 1.929777 0.714292
v 0.000000 1.641039 -0.647608
v 0.000009 1.547148 -0.651763
v -0.000000 1.448008 -0.652825
v -0.000146 2.288129 -0.352497
v -0.000161 2.289306 -0.338225
v -0.000181 2.290800 -0.320122
v 0.089765 2.300940 -0.151070
v 0.063111 2.300539 -0.130446
v 0.032305 2.300180 -0.113987
v 0.000000 2.170728 0.202422
v -0.000000 2.146489 0.238033
v -0.000141 2.120878 0.279828
v 0.000000 2.116339 -0.486217
v 0.000000 2.077824 -0.506631
v 0.000000 2.033188 -0.530768
v -0.000023 2.203054 -0.465483
v -0.000018 2.188818 -0.463341
v -0.000012 2.171148 -0.464646
v -0.000923 2.236773 0.147670
v -0.000770 2.224236 0.152903
v -0.000523 2.209745 0.160689
v 0.122680 2.300512 -0.204422
v 0.126811 2.301149 -0.193998
v 0.122649 2.301362 -0.183826
v -0.000000 1.929466 -0.581520
v 0.000000 1.869797 -0.604535
v 0.000000 1.802835 -0.624069
v 0.000000 2.070691 0.370880
v -0.000140 2.047190 0.418151
v -0.000725 2.024433 0.468099
v -0.000819 2.298061 -0.013288
v -0.000882 2.296798 0.008090
v -0.000947 2.294014 0.032000
v -0.001050 2.281261 0.082517
v -0.001071 2.271391 0.106004
v -0.001069 2.260195 0.125776
v -0.000049 2.257849 -0.464869
v -0.000040 2.244606 -0.470136
v -0.000033 2.230345 -0.470875
v -0.413550 2.010828 0.120221
v -0.437323 2.008297 0.110664
v -0.471604 2.007846 0.096187
v -0.583239 1.857715 0.202299
v -0.604903 1.854558 0.161164
v -0.629434 1.853502 0.119628
v -0.458703 2.109524 0.032365
v -0.471322 2.077855 0.049371
v -0.487010 2.043833 0.065439
v -0.535863 1.967645 0.096518
v -0.569837 1.928016 0.106782
v -0.609032 1.889454 0.105044
v -0.594283 1.975018 -0.167344
v -0.590331 1.973693 -0.174538
v -0.584622 1.974588 -0.181317
v -0.799411 1.847682 -0.088301
v -0.828214 1.854399 -0.084108
v -0.855346 1.860983 -0.080344
v -0.615146 2.046061 -0.128202
v -0.634828 2.024419 -0.136309
v -0.658146 1.998049 -0.139617
v -0.584612 2.079564 -0.050861
v -0.584502 2.080605 -0.073917
v -0.589593 2.074707 -0.096039
v -0.712234 1.932115 -0.133715
v -0.738810 1.896759 -0.124891
v -0.760655 1.865124 -0.111870
v -0.756834 1.835282 -0.017956
v -0.770733 1.827152 -0.046482
v -0.777978 1.827538 -0.073092
v -0.600357 2.053063 -0.011261
v -0.615232 2.028395 0.002821
v -0.633063 1.999251 0.014067
v -0.673989 1.935342 0.028238
v -0.696028 1.903734 0.028497
v -0.718279 1.874599 0.021441
v -0.649038 1.973658 -0.144875
v -0.624502 1.977158 -0.150084
v -0.608638 1.978121 -0.155039
v -0.881774 1.921797 -0.046445
v -0.894966 1.919378 -0.063020
v -0.891218 1.920463 -0.079266
v -0.792626 1.976591 -0.098962
v -0.822581 1.960381 -0.099383
v -0.849570 1.943182 -0.097511
v -0.762174 1.993034 -0.058836
v -0.768010 1.990791 -0.073394
v -0.769826 1.989267 -0.087379
v -0.880938 1.907522 -0.091546
v -0.883764 1.890454 -0.087927
v -0.880090 1.875714 -0.082934
v -0.874225 1.865090 -0.037659
v -0.880370 1.863386 -0.052566
v -0.879187 1.863950 -0.067382
v -0.776824 1.982882 -0.043019
v -0.804340 1.965775 -0.037683
v -0.830771 1.946741 -0.033575
v -0.866430 1.908472 -0.027294
v -0.872250 1.891438 -0.025459
v -0.870287 1.877379 -0.025410
v -0.831466 1.934376 -0.108248
v -0.782561 1.945611 -0.120234
v -0.730916 1.957162 -0.130396
v -0.738297 2.001678 -0.102363
v -0.694305 2.020733 -0.107903
v -0.645875 2.042099 -0.111878
v -0.702484 1.955596 0.010904
v -0.756016 1.945379 -0.000807
v -0.808583 1.935266 -0.015023
v -0.843067 1.863940 -0.018796
v -0.810349 1.858383 -0.009640
v -0.772717 1.854755 -0.000480
v -0.724562 2.008731 -0.043389
v -0.680955 2.028171 -0.038159
v -0.634154 2.049511 -0.033537
v -0.735424 1.837904 -0.127880
v -0.744923 1.835119 -0.112425
v -0.756839 1.836777 -0.101091
v -0.512661 2.083572 -0.148538
v -0.537768 2.050911 -0.155357
v -0.565884 2.015831 -0.159379
v -0.561581 2.080868 -0.117520
v -0.530894 2.096165 -0.120735
v -0.506177 2.109197 -0.126697
v -0.539372 2.003015 0.070341
v -0.568936 1.996132 0.062506
v -0.602996 1.985930 0.053186
v -0.713502 1.848823 0.012020
v -0.694398 1.847655 0.020499
v -0.677894 1.847045 0.035659
v -0.547891 2.092701 -0.017022
v -0.513243 2.111340 -0.010121
v -0.481589 2.128633 -0.002441
v -0.737159 1.816905 -0.162140
v -0.734173 1.827016 -0.150344
v -0.731305 1.835612 -0.143684
v -0.638434 1.935312 -0.159052
v -0.677302 1.895301 -0.154807
v -0.708919 1.862829 -0.148089
v 0.872784 1.837143 0.405842
v 0.840326 1.863308 0.472940
v 0.771608 1.886330 0.552820
v 0.352268 2.257609 0.101758
v 0.353602 2.269135 0.085631
v 0.345937 2.278514 0.068563
v 0.295506 2.271043 -0.387056
v 0.276795 2.269050 -0.409516
v 0.254509 2.266175 -0.429484
v 0.347852 1.642887 -0.557889
v 0.373131 1.558096 -0.563223
v 0.398386 1.469542 -0.567284
v 0.126264 1.348268 -0.645008
v 0.244374 1.354647 -0.626183
v 0.346206 1.365011 -0.600004
v 0.109159 2.289031 0.057549
v 0.208532 2.288394 0.057600
v 0.286471 2.286575 0.056758
v 0.427082 2.024435 0.391087
v 0.387576 2.049435 0.348071
v 0.355707 2.074519 0.306747
v 0.201170 2.113104 -0.456707
v 0.206522 2.073163 -0.469653
v 0.216886 2.026414 -0.484883
v 0.089519 2.096955 0.322450
v 0.176646 2.100226 0.313351
v 0.258992 2.102088 0.295560
v 0.324138 1.988256 -0.442513
v 0.297979 1.982289 -0.459646
v 0.268643 1.976923 -0.479511
v 0.834813 1.616753 -0.147797
v 0.873992 1.641773 -0.136776
v 0.903817 1.664414 -0.119660
v 0.373787 2.285083 -0.093247
v 0.370050 2.284547 -0.117624
v 0.366149 2.283981 -0.141906
v 0.787546 1.768875 -0.114983
v 0.821772 1.740150 -0.098100
v 0.861849 1.711654 -0.084237
v 0.416025 2.066939 -0.158800
v 0.443167 2.036690 -0.154420
v 0.476447 2.003703 -0.147121
v 0.337797 2.206758 0.131691
v 0.340406 2.220699 0.125429
v 0.343014 2.233207 0.120924
v 0.242338 2.255246 -0.446584
v 0.246535 2.242775 -0.449477
v 0.244635 2.228243 -0.449511
v 0.417087 2.266931 -0.155626
v 0.443746 2.245961 -0.148055
v 0.451048 2.223246 -0.140988
v 0.445751 2.216199 -0.057895
v 0.448338 2.211157 -0.084017
v 0.448575 2.205960 -0.111968
v 0.099583 2.248528 0.139817
v 0.194930 2.248194 0.137300
v 0.279218 2.247205 0.129538
v 0.324784 2.211976 -0.380022
v 0.303778 2.211742 -0.404005
v 0.275496 2.212248 -0.427989
v 0.227791 2.200688 -0.444765
v 0.216821 2.186731 -0.442866
v 0.207223 2.169139 -0.443322
v 0.309762 2.293722 -0.027265
v 0.218734 2.297317 -0.029348
v 0.112615 2.298503 -0.030494
v 0.447121 2.144673 0.045297
v 0.457606 2.114872 0.065955
v 0.472050 2.082097 0.089010
v 0.448714 2.217549 0.013983
v 0.447772 2.203676 0.017954
v 0.446709 2.188038 0.022945
v 0.434032 2.180655 -0.136656
v 0.411000 2.158380 -0.144687
v 0.386626 2.133042 -0.155299
v 0.324509 2.124495 0.228807
v 0.323911 2.148475 0.194172
v 0.328280 2.170734 0.165102
v 0.305598 2.149949 -0.391518
v 0.276135 2.147900 -0.410528
v 0.241464 2.146220 -0.430314
v 0.421657 2.275807 -0.015821
v 0.442757 2.261874 -0.007164
v 0.449796 2.246547 0.001691
v 0.523176 2.013851 0.140549
v 0.566545 1.977482 0.168714
v 0.612381 1.944344 0.198434
v 0.094239 2.192498 0.175009
v 0.184757 2.192836 0.171191
v 0.266165 2.192380 0.161606
v 0.713301 1.884532 0.262296
v 0.763929 1.859423 0.296520
v 0.816998 1.833768 0.330573
v 0.410910 2.156113 -0.052519
v 0.401175 2.148524 -0.092114
v 0.388849 2.130980 -0.128956
v 0.869988 1.694890 0.017241
v 0.810484 1.705350 0.135977
v 0.754331 1.714343 0.250903
v 0.379830 2.286448 -0.036285
v 0.379759 2.286162 -0.046807
v 0.378752 2.285872 -0.057771
v 0.383802 2.074567 0.092085
v 0.427660 2.036757 0.103913
v 0.366069 2.042387 0.107063
v 0.451841 2.228811 -0.005284
v 0.451002 2.226547 -0.013926
v 0.448586 2.224083 -0.022379
v 0.554093 1.983400 0.379856
v 0.614922 1.960778 0.318705
v 0.651953 1.935742 0.264578
v 0.384570 2.186193 0.117071
v 0.418663 2.180654 0.085423
v 0.438916 2.174469 0.055135
v 0.439799 2.164758 0.016850
v 0.425566 2.161654 0.008355
v 0.421774 2.157056 0.006178
v 0.408488 2.119057 0.035441
v 0.391535 2.088794 0.063393
v 0.392441 2.053393 0.092929
v 0.394510 2.242316 0.089711
v 0.424445 2.238671 0.060484
v 0.441752 2.234821 0.032036
v 0.399368 2.090806 0.227043
v 0.450760 2.077358 0.182667
v 0.483814 2.062029 0.142194
v 0.440673 2.205716 -0.031397
v 0.434657 2.191225 -0.027490
v 0.427078 2.174880 -0.021481
v 0.421694 2.272305 -0.063962
v 0.442882 2.255702 -0.054089
v 0.448195 2.237849 -0.044363
v 0.619192 1.828615 0.251079
v 0.659999 1.792750 0.271891
v 0.694338 1.758536 0.300777
v 0.352365 2.285906 0.039535
v 0.368677 2.287018 0.017584
v 0.376654 2.287153 -0.004202
v 0.739706 1.740370 0.368575
v 0.782706 1.760535 0.368518
v 0.832223 1.785123 0.359741
v 0.268067 2.291898 -0.216251
v 0.156718 2.297130 -0.218042
v 0.027405 2.298933 -0.218843
v 0.347840 2.280283 -0.235416
v 0.342638 2.278947 -0.261973
v 0.337297 2.277485 -0.288825
v 0.434304 2.091687 -0.198694
v 0.448744 2.053558 -0.204723
v 0.478143 2.013586 -0.209321
v 0.522313 1.980505 -0.258954
v 0.511302 1.984999 -0.302354
v 0.498309 1.991996 -0.345650
v 0.620565 1.465145 -0.507881
v 0.686246 1.477421 -0.517794
v 0.747686 1.489770 -0.514581
v 0.426647 2.182759 -0.188069
v 0.424703 2.166326 -0.186324
v 0.425246 2.147939 -0.187294
v 0.571267 1.924500 -0.230283
v 0.615355 1.869692 -0.239196
v 0.657083 1.813748 -0.242367
v 0.403295 2.264666 -0.208460
v 0.427080 2.243669 -0.202886
v 0.432968 2.221308 -0.197100
v 0.420456 2.203320 -0.219448
v 0.407929 2.206204 -0.253301
v 0.394426 2.208590 -0.287197
v 0.427774 2.133393 -0.220809
v 0.418623 2.140916 -0.259239
v 0.405938 2.146522 -0.298457
v 0.728121 1.712903 -0.229840
v 0.756447 1.669651 -0.215580
v 0.781482 1.629492 -0.197235
v 0.406213 2.122923 -0.340178
v 0.425147 2.087971 -0.352041
v 0.449023 2.045581 -0.365612
v 0.379273 2.197054 -0.316408
v 0.379747 2.184713 -0.319162
v 0.383994 2.170256 -0.323633
v -0.033071 2.294131 -0.278914
v -0.063867 2.295500 -0.261439
v -0.090532 2.297237 -0.239589
v 0.749901 1.791106 -0.170785
v 0.733733 1.779638 -0.190001
v 0.714101 1.768987 -0.210023
v 0.391358 2.102315 -0.168069
v 0.400368 2.105814 -0.172520
v 0.414016 2.112728 -0.178434
v 0.668493 1.689764 -0.450787
v 0.709196 1.627459 -0.462631
v 0.749896 1.565735 -0.473970
v 0.368882 2.262036 -0.312276
v 0.383929 2.244745 -0.312844
v 0.385662 2.226748 -0.313602
v 0.250991 1.919663 -0.515650
v 0.273144 1.859701 -0.529240
v 0.297339 1.794138 -0.541030
v 0.445018 2.198622 -0.151547
v 0.441753 2.197697 -0.162558
v 0.436965 2.198349 -0.174236
v 0.514149 1.966120 -0.148169
v 0.509368 1.964075 -0.161042
v 0.512673 1.964958 -0.183247
v 0.618083 1.925671 0.580879
v 0.567966 1.950111 0.531367
v 0.518887 1.974784 0.482902
v 0.572077 1.928740 -0.132168
v 0.642376 1.887638 -0.140963
v 0.704993 1.844622 -0.148456
v 0.360115 2.283083 -0.176439
v 0.357920 2.282696 -0.186960
v 0.355516 2.282180 -0.197867
v 0.425117 1.982295 0.150872
v 0.460693 1.948497 0.181682
v 0.501607 1.917540 0.212428
v 0.805651 1.521245 -0.415074
v 0.802582 1.542114 -0.325248
v 0.797191 1.565888 -0.239823
v 0.338835 2.259406 -0.365244
v 0.348791 2.243677 -0.363369
v 0.346808 2.227213 -0.361711
v 0.511027 1.940310 -0.395094
v 0.547944 1.879902 -0.409945
v 0.587252 1.816753 -0.424339
v 0.681629 1.755774 -0.286031
v 0.669269 1.753626 -0.342003
v 0.653007 1.753006 -0.396181
v 0.372066 1.937585 -0.441594
v 0.398469 1.876770 -0.451891
v 0.428052 1.811770 -0.460929
v 0.335086 2.199354 -0.361373
v 0.332102 2.187089 -0.363780
v 0.330613 2.172236 -0.368671
v 0.647779 1.894615 0.220957
v 0.587787 1.906735 0.238195
v 0.565904 1.890805 0.244114
v 0.329996 2.123541 -0.387898
v 0.332198 2.087254 -0.401470
v 0.338672 2.043674 -0.415878
v 0.623525 1.874349 0.105272
v 0.707490 1.820827 0.019971
v 0.718742 1.818163 -0.024373
v 0.426703 1.737460 -0.479268
v 0.398994 1.730990 -0.497431
v 0.366964 1.725392 -0.521829
v 0.255948 2.281041 -0.367363
v 0.181875 2.285320 -0.367803
v 0.094247 2.286769 -0.368063
v 0.486704 1.672545 -0.476937
v 0.513651 1.599748 -0.484410
v 0.539539 1.525716 -0.491738
v 0.129889 2.002860 0.518806
v 0.254989 2.005916 0.504387
v 0.370476 2.006156 0.477545
v 0.199586 2.266041 -0.447277
v 0.143389 2.268090 -0.451397
v 0.074762 2.268844 -0.453108
v 0.532074 1.908213 0.695591
v 0.369141 1.909047 0.743289
v 0.188916 1.906967 0.772799
v 0.184345 1.975183 -0.521314
v 0.127921 1.978917 -0.539159
v 0.065458 1.982097 -0.551688
v 0.275512 2.293886 -0.166707
v 0.161459 2.299067 -0.169194
v 0.029670 2.300850 -0.170269
v 0.590346 1.752236 -0.459917
v 0.545273 1.750664 -0.466902
v 0.499049 1.747827 -0.467222
v 0.472276 1.396268 -0.542103
v 0.502572 1.415158 -0.518214
v 0.528716 1.434000 -0.502626
v 0.189020 2.215492 -0.459658
v 0.131074 2.216291 -0.465927
v 0.067016 2.216348 -0.468351
v 0.155996 2.145493 -0.459741
v 0.106431 2.146582 -0.467010
v 0.053937 2.147337 -0.470704
v 0.379548 2.152770 -0.350129
v 0.365659 2.153522 -0.360702
v 0.349597 2.153107 -0.367703
v 0.303678 2.293815 -0.078537
v 0.209253 2.298073 -0.083329
v 0.102797 2.299603 -0.089921
v 0.371361 2.211340 -0.331630
v 0.361907 2.211776 -0.341344
v 0.352039 2.211947 -0.349271
v 0.449810 1.998309 -0.401872
v 0.417177 1.998667 -0.413919
v 0.383253 1.997064 -0.421455
v 0.269861 2.285278 -0.311147
v 0.186406 2.290005 -0.309168
v 0.091479 2.292058 -0.303701
v 0.259821 1.721793 -0.581523
v 0.181748 1.723577 -0.609900
v 0.093434 1.725807 -0.630670
v 0.328860 2.275131 -0.328138
v 0.324857 2.274287 -0.340239
v 0.318977 2.273447 -0.351845
v -0.090733 2.300554 -0.151592
v -0.064150 2.300271 -0.130828
v -0.033405 2.300044 -0.114190
v -0.123463 2.299973 -0.205067
v -0.127639 2.300592 -0.194681
v -0.123514 2.300825 -0.184500
v 0.409192 2.012500 0.119634
v 0.436873 2.008472 0.110616
v 0.471246 2.007993 0.096186
v 0.569221 1.868674 0.207380
v 0.581411 1.872168 0.171363
v 0.585669 1.884827 0.143444
v 0.453540 2.110508 0.030767
v 0.468267 2.078645 0.048695
v 0.482630 2.045272 0.064894
v 0.515046 1.977859 0.098938
v 0.533194 1.948944 0.115793
v 0.548676 1.928143 0.130034
v 0.524142 1.974093 -0.113070
v 0.524909 1.970362 -0.121175
v 0.523951 1.968771 -0.130087
v 0.738222 1.894268 0.017324
v 0.751908 1.913535 0.037141
v 0.763117 1.934104 0.057263
v 0.519729 2.056050 -0.094163
v 0.542759 2.036765 -0.089779
v 0.568445 2.015200 -0.078588
v 0.466869 2.106092 -0.041839
v 0.472770 2.099857 -0.063262
v 0.484053 2.088344 -0.080298
v 0.625173 1.964848 -0.038824
v 0.653262 1.938573 -0.014093
v 0.684472 1.911422 0.003354
v 0.647189 1.917786 0.108984
v 0.726143 1.864806 0.036190
v 0.736870 1.863063 0.011868
v 0.478322 2.095095 0.007017
v 0.493770 2.078006 0.031400
v 0.503224 2.060183 0.055945
v 0.545002 2.011760 0.099730
v 0.568473 1.986681 0.115895
v 0.593328 1.962211 0.124664
v 0.564400 1.988982 -0.077531
v 0.542398 1.986335 -0.089054
v 0.529932 1.982937 -0.097962
v 0.765476 2.012280 0.081647
v 0.782747 2.007168 0.070240
v 0.783350 2.002458 0.054220
v 0.688754 2.031432 -0.004694
v 0.719113 2.021419 0.007069
v 0.746108 2.010677 0.020619
v 0.647316 2.054049 0.019619
v 0.657024 2.048382 0.008363
v 0.662637 2.042880 -0.003487
v 0.777921 1.984740 0.045243
v 0.781247 1.970427 0.055064
v 0.777755 1.957574 0.063914
v 0.760828 1.961118 0.107684
v 0.771047 1.955680 0.095964
v 0.773854 1.951279 0.081976
v 0.658202 2.051977 0.040731
v 0.684778 2.042493 0.057524
v 0.710766 2.030696 0.073645
v 0.746889 2.003134 0.100384
v 0.753526 1.988860 0.109228
v 0.752859 1.975481 0.113719
v 0.732380 1.995930 0.009912
v 0.687572 1.994104 -0.015594
v 0.639622 1.992662 -0.040141
v 0.635193 2.044266 -0.028339
v 0.592676 2.052614 -0.049592
v 0.545273 2.062830 -0.071184
v 0.574072 2.031269 0.083572
v 0.630452 2.026527 0.087695
v 0.685494 2.022004 0.089741
v 0.725955 1.960525 0.118512
v 0.691791 1.953392 0.121832
v 0.653824 1.945920 0.123167
v 0.605753 2.066831 0.020040
v 0.560685 2.079004 0.008584
v 0.512607 2.092123 -0.004817
v 0.675682 1.873262 -0.018368
v 0.689194 1.871809 -0.009331
v 0.704121 1.874087 -0.003027
v 0.426705 2.067032 -0.148454
v 0.456327 2.038917 -0.138169
v 0.488028 2.009752 -0.124102
v 0.462281 2.082486 -0.108150
v 0.432336 2.090239 -0.123364
v 0.408803 2.096505 -0.138360
v 0.510149 2.015244 0.071392
v 0.515987 2.019362 0.067421
v 0.534439 2.018391 0.067614
v 0.604254 1.927170 0.116662
v 0.594391 1.918131 0.114149
v 0.585893 1.911474 0.118455
v 0.451652 2.113522 -0.024655
v 0.437990 2.123967 -0.025389
v 0.426787 2.135624 -0.020012
v 0.704380 1.838274 -0.067598
v 0.684003 1.855796 -0.041165
v 0.674790 1.866935 -0.032656
v 0.565652 1.946550 -0.082177
v 0.608236 1.916149 -0.059233
v 0.642719 1.891674 -0.039119
v -0.332707 2.228304 -0.380873
v -0.334653 2.244224 -0.383005
v -0.324724 2.259109 -0.385259
v -0.312246 2.228743 -0.404826
v -0.313856 2.243997 -0.406768
v -0.304208 2.258000 -0.408278
v -0.283826 2.229218 -0.428891
v -0.285359 2.243696 -0.430053
v -0.277375 2.256438 -0.429786
v -0.103873 2.260018 0.125088
v -0.106643 2.271168 0.105233
v -0.109127 2.280990 0.081842
v -0.200128 2.259752 0.122886
v -0.204738 2.270728 0.102916
v -0.207678 2.280270 0.080019
v -0.284727 2.259056 0.116016
v -0.288464 2.270067 0.097440
v -0.288035 2.279045 0.076102
v -0.114183 2.297627 -0.013629
v -0.219990 2.296099 -0.013200
v -0.310698 2.292499 -0.011045
v -0.113813 2.296391 0.007729
v -0.218267 2.294994 0.008082
v -0.306148 2.291735 0.010164
v -0.112817 2.293641 0.031566
v -0.214484 2.292423 0.031456
v -0.296663 2.289660 0.032458
v -0.116774 2.026157 0.464710
v -0.105768 2.049572 0.414297
v -0.095845 2.072787 0.367647
v -0.229052 2.029337 0.452485
v -0.206385 2.052702 0.403804
v -0.189193 2.076411 0.357016
v -0.333916 2.030110 0.428695
v -0.301507 2.053972 0.382466
v -0.275764 2.077910 0.338244
v -0.397802 1.806583 -0.472063
v -0.369372 1.871682 -0.463780
v -0.343967 1.932374 -0.454052
v -0.370663 1.800975 -0.490150
v -0.342958 1.866160 -0.481559
v -0.318028 1.926643 -0.471462
v -0.339540 1.796357 -0.513652
v -0.312968 1.861680 -0.503842
v -0.288844 1.921939 -0.492458
v -0.531655 1.895881 0.191108
v -0.482706 1.934834 0.171303
v -0.441555 1.973526 0.146524
v -0.553356 1.892643 0.163104
v -0.505818 1.931971 0.151952
v -0.465909 1.971036 0.132801
v -0.580933 1.891001 0.133076
v -0.537495 1.930000 0.128676
v -0.500188 1.969604 0.114559
v -0.020086 2.299979 -0.204617
v -0.153706 2.297564 -0.204387
v -0.268898 2.291658 -0.202982
v -0.017684 2.300615 -0.194193
v -0.152998 2.298183 -0.193926
v -0.269810 2.292234 -0.192399
v -0.021090 2.300826 -0.184028
v -0.155756 2.298412 -0.183737
v -0.272130 2.292513 -0.182121
v -0.454078 2.234843 -0.062257
v -0.445735 2.253682 -0.073287
v -0.421629 2.271146 -0.084216
v -0.454871 2.231128 -0.088748
v -0.445815 2.251075 -0.099099
v -0.420302 2.269625 -0.109339
v -0.455440 2.227536 -0.115707
v -0.445727 2.248548 -0.125158
v -0.418920 2.268051 -0.134592
v -0.455182 2.171415 -0.035465
v -0.453338 2.186611 -0.041046
v -0.453534 2.201166 -0.046294
v -0.460275 2.167121 -0.066608
v -0.456103 2.181483 -0.069493
v -0.455152 2.196013 -0.073627
v -0.464816 2.159520 -0.098615
v -0.458777 2.175384 -0.099168
v -0.456763 2.190749 -0.102121
v -0.096764 2.209835 0.160466
v -0.098146 2.224214 0.152866
v -0.099484 2.236688 0.147524
v -0.188435 2.209749 0.157160
v -0.190703 2.223910 0.149956
v -0.192714 2.236347 0.144967
v -0.270548 2.208882 0.148390
v -0.273244 2.222868 0.141694
v -0.275732 2.235302 0.136956
v -0.308918 2.172199 -0.384130
v -0.313159 2.187798 -0.380286
v -0.318679 2.200530 -0.378931
v -0.281228 2.171517 -0.404234
v -0.288109 2.187941 -0.401693
v -0.296272 2.201170 -0.401553
v -0.247566 2.170955 -0.424998
v -0.256453 2.188133 -0.423668
v -0.266695 2.201826 -0.424666
v -0.311739 2.038920 -0.429118
v -0.305727 2.083480 -0.415081
v -0.304365 2.121047 -0.401942
v -0.284568 2.033700 -0.446259
v -0.277172 2.079246 -0.432507
v -0.274823 2.118036 -0.419956
v -0.254021 2.029269 -0.465452
v -0.244738 2.075611 -0.451438
v -0.240733 2.115430 -0.439068
v -0.087794 2.122280 0.277750
v -0.089337 2.147553 0.236036
v -0.091776 2.171366 0.201212
v -0.172870 2.124959 0.269928
v -0.174811 2.149416 0.229864
v -0.179897 2.172406 0.195867
v -0.252653 2.126499 0.254318
v -0.254138 2.150342 0.216563
v -0.259883 2.172622 0.184810
v -0.420823 2.064282 0.075278
v -0.402829 2.045346 0.095326
v -0.408852 2.074884 0.072629
v -0.429886 2.097336 0.051069
v -0.441032 2.072780 0.063088
v -0.453150 2.042813 0.078388
v -0.422954 2.041506 0.090067
v -0.461353 2.072114 0.078852
v -0.452449 2.106328 0.056037
v -0.450198 2.137191 0.036664
v -0.438918 2.063456 0.078630
v -0.434651 2.099808 0.055856
v -0.439390 2.131972 0.034312
v -0.413876 2.057182 0.086306
v -0.417116 2.092764 0.059653
v -0.428726 2.126317 0.036327
v -0.451985 2.183795 0.012085
v -0.452662 2.200169 0.005914
v -0.453276 2.214460 0.001230
v -0.450579 2.180478 0.006308
v -0.452737 2.197295 -0.000695
v -0.453989 2.211877 -0.005903
v -0.449204 2.177066 0.001358
v -0.451742 2.194313 -0.006862
v -0.453243 2.209143 -0.012689
v -0.453553 2.244364 -0.011441
v -0.446026 2.260362 -0.020068
v -0.424185 2.274941 -0.028680
v -0.454404 2.242552 -0.019730
v -0.446671 2.259083 -0.029191
v -0.424482 2.274204 -0.038613
v -0.454084 2.240614 -0.027901
v -0.446360 2.257726 -0.038379
v -0.423908 2.273447 -0.048796
v -0.599633 1.927135 0.189272
v -0.552722 1.962483 0.159366
v -0.511678 1.999058 0.131005
v -0.571441 1.915164 0.196114
v -0.523999 1.951704 0.165268
v -0.482794 1.989208 0.135438
v -0.542156 1.906741 0.206516
v -0.494119 1.944174 0.175904
v -0.452668 1.982295 0.145445
v -0.045848 2.300404 -0.151116
v -0.172962 2.298136 -0.150571
v -0.282944 2.292644 -0.148517
v -0.065380 2.299986 -0.129236
v -0.186027 2.297822 -0.127655
v -0.290768 2.292639 -0.124930
v -0.086588 2.299564 -0.108802
v -0.199551 2.297488 -0.104875
v -0.298631 2.292620 -0.101099
v -0.111430 2.298822 -0.072410
v -0.216785 2.296952 -0.068797
v -0.309272 2.292590 -0.065137
v -0.113492 2.298540 -0.057393
v -0.219395 2.296771 -0.056013
v -0.311332 2.292587 -0.053459
v -0.114090 2.298311 -0.044858
v -0.220263 2.296615 -0.044390
v -0.311996 2.292590 -0.042440
v -0.385666 2.117310 0.192931
v -0.381176 2.142571 0.162063
v -0.382327 2.165723 0.136260
v -0.432957 2.106354 0.152653
v -0.424017 2.133765 0.125644
v -0.420935 2.158675 0.103060
v -0.463109 2.093802 0.115550
v -0.450936 2.123726 0.091622
v -0.444731 2.150769 0.071570
v -0.387567 2.202821 0.106431
v -0.389190 2.217024 0.100433
v -0.391139 2.229822 0.096108
v -0.420669 2.197834 0.076323
v -0.421004 2.212535 0.070624
v -0.422157 2.225681 0.066368
v -0.440409 2.192518 0.047144
v -0.439815 2.207803 0.041524
v -0.440234 2.221367 0.037290
v -0.491214 2.031659 -0.249781
v -0.466476 2.073526 -0.236935
v -0.446440 2.108680 -0.226536
v -0.481480 2.036440 -0.290389
v -0.455164 2.078745 -0.277910
v -0.434356 2.113945 -0.267100
v -0.467503 2.041510 -0.331719
v -0.441605 2.083982 -0.318664
v -0.421014 2.119159 -0.307304
v -0.423740 2.157453 -0.214812
v -0.419928 2.173717 -0.213869
v -0.419707 2.188309 -0.215370
v -0.410325 2.162076 -0.253893
v -0.406203 2.177672 -0.251745
v -0.405896 2.191472 -0.251707
v -0.396763 2.166616 -0.292490
v -0.392412 2.181567 -0.289106
v -0.391990 2.194564 -0.287555
v -0.398976 2.255218 0.078791
v -0.398223 2.267520 0.064701
v -0.384928 2.277957 0.050313
v -0.427641 2.252319 0.051274
v -0.424607 2.265799 0.039610
v -0.407800 2.277697 0.027684
v -0.443158 2.249269 0.024039
v -0.438045 2.263772 0.014309
v -0.418768 2.276840 0.004450
v -0.504953 2.009670 0.339409
v -0.461107 2.036557 0.300460
v -0.425093 2.063708 0.263012
v -0.564067 1.988612 0.282576
v -0.518178 2.017803 0.247819
v -0.479656 2.047599 0.214495
v -0.601233 1.965282 0.231799
v -0.554697 1.996873 0.200464
v -0.514817 2.029417 0.170578
v -0.716231 1.909140 0.508483
v -0.660576 1.933328 0.464736
v -0.606300 1.958001 0.421735
v -0.782777 1.885835 0.433385
v -0.725230 1.909670 0.394401
v -0.669085 1.934458 0.356064
v -0.817052 1.859088 0.369290
v -0.760810 1.882981 0.333587
v -0.705677 1.908234 0.298555
v -0.097337 2.287643 -0.352776
v -0.187623 2.285798 -0.353014
v -0.264063 2.281381 -0.352881
v -0.098512 2.288766 -0.339052
v -0.190163 2.286797 -0.340280
v -0.268268 2.282239 -0.340834
v -0.097761 2.290073 -0.323178
v -0.190121 2.287869 -0.326725
v -0.270055 2.283131 -0.328357
v -0.640399 1.812255 -0.290016
v -0.597211 1.870948 -0.287168
v -0.553216 1.929296 -0.281291
v -0.629999 1.812840 -0.336583
v -0.589276 1.873224 -0.327805
v -0.548347 1.932446 -0.317467
v -0.612617 1.814811 -0.385836
v -0.572370 1.876726 -0.373467
v -0.533750 1.936584 -0.359882
v -0.423876 2.223639 -0.222751
v -0.418258 2.244393 -0.227565
v -0.396237 2.263472 -0.232757
v -0.410936 2.224775 -0.255236
v -0.406701 2.244436 -0.257952
v -0.387093 2.262690 -0.261018
v -0.397808 2.225865 -0.287404
v -0.394980 2.244420 -0.288205
v -0.377798 2.261974 -0.289226
v -0.772481 1.609934 -0.259955
v -0.745277 1.655698 -0.272301
v -0.715150 1.703917 -0.282175
v -0.771875 1.592536 -0.337631
v -0.739632 1.644360 -0.341706
v -0.705716 1.697622 -0.343585
v -0.768347 1.577396 -0.415028
v -0.730730 1.635022 -0.410302
v -0.692385 1.693180 -0.404271
v -0.076650 2.293291 -0.284728
v -0.180143 2.290902 -0.288515
v -0.270113 2.285758 -0.289955
v -0.058087 2.295129 -0.262910
v -0.171725 2.292835 -0.264184
v -0.269610 2.287481 -0.264359
v -0.041198 2.297089 -0.239562
v -0.163763 2.294783 -0.239691
v -0.269136 2.289203 -0.238992
v -0.532879 2.021045 -0.179877
v -0.507038 2.060728 -0.167173
v -0.486740 2.095881 -0.155774
v -0.521263 2.023030 -0.185690
v -0.496480 2.063737 -0.171892
v -0.477007 2.098840 -0.160968
v -0.509287 2.024992 -0.197635
v -0.485818 2.066213 -0.183041
v -0.467236 2.101202 -0.172088
v -0.789125 1.808441 0.322808
v -0.743336 1.835167 0.287727
v -0.696649 1.863399 0.253578
v -0.745726 1.788079 0.330993
v -0.706480 1.817427 0.295076
v -0.664811 1.847991 0.260846
v -0.707666 1.771348 0.331327
v -0.672947 1.803423 0.296730
v -0.634263 1.836334 0.265823
v -0.461004 2.149506 -0.140381
v -0.455478 2.167898 -0.138989
v -0.453802 2.184322 -0.141236
v -0.454244 2.149690 -0.149600
v -0.449948 2.167385 -0.149496
v -0.448992 2.183517 -0.152441
v -0.445939 2.151041 -0.161642
v -0.442253 2.168264 -0.162007
v -0.441800 2.184016 -0.165183
v -0.723830 1.778126 0.096062
v -0.719331 1.748678 0.223551
v -0.679538 1.784718 0.205512
v -0.633108 1.820973 0.203639
v -0.658507 1.818253 0.141257
v -0.682123 1.817202 0.073674
v -0.727464 1.790642 0.010860
v -0.763752 1.775842 -0.067685
v -0.787435 1.755097 -0.021781
v -0.825505 1.726449 0.002707
v -0.769524 1.739379 0.115756
v -0.504516 1.512141 -0.497231
v -0.479794 1.589372 -0.491658
v -0.454031 1.664782 -0.485730
v -0.477627 1.497192 -0.513745
v -0.452305 1.577983 -0.508957
v -0.426221 1.656324 -0.503612
v -0.446406 1.482461 -0.538142
v -0.420359 1.567067 -0.533691
v -0.393937 1.648533 -0.528391
v -0.694331 1.831264 -0.213884
v -0.648861 1.879391 -0.211504
v -0.604814 1.928893 -0.203772
v -0.678970 1.823955 -0.225244
v -0.634200 1.874898 -0.221364
v -0.590859 1.926927 -0.212854
v -0.661747 1.817640 -0.239066
v -0.618068 1.871389 -0.236034
v -0.575580 1.925815 -0.227789
v -0.453388 2.222799 -0.153796
v -0.443548 2.245145 -0.162097
v -0.415727 2.265813 -0.170466
v -0.449740 2.221996 -0.165153
v -0.440560 2.244481 -0.173181
v -0.413291 2.265278 -0.181261
v -0.443814 2.222005 -0.177432
v -0.435636 2.244269 -0.184982
v -0.409605 2.264778 -0.192695
v -0.173759 1.931245 0.705953
v -0.158763 1.955401 0.640447
v -0.144086 1.979314 0.577618
v -0.339833 1.933539 0.680844
v -0.310817 1.957938 0.619485
v -0.282431 1.982103 0.560303
v -0.490534 1.932872 0.639118
v -0.449454 1.957458 0.583431
v -0.409294 1.981900 0.529314
v -0.864526 1.692529 -0.134196
v -0.825338 1.722468 -0.146624
v -0.785640 1.753436 -0.168889
v -0.841640 1.671742 -0.154937
v -0.807661 1.704058 -0.169235
v -0.771092 1.738982 -0.185931
v -0.809046 1.650112 -0.170054
v -0.780737 1.685958 -0.187156
v -0.748922 1.724892 -0.203069
v -0.324397 1.459719 -0.597789
v -0.302681 1.552116 -0.594510
v -0.281121 1.640127 -0.589387
v -0.228459 1.453035 -0.625289
v -0.212650 1.548782 -0.622989
v -0.197042 1.639709 -0.618264
v -0.117887 1.449220 -0.645172
v -0.109583 1.547411 -0.643735
v -0.101409 1.640435 -0.639388
v -0.376164 2.227316 -0.330147
v -0.376010 2.244565 -0.329399
v -0.363111 2.261028 -0.329036
v -0.367546 2.227576 -0.340254
v -0.368533 2.244519 -0.340103
v -0.357181 2.260655 -0.340400
v -0.358486 2.227727 -0.348976
v -0.360290 2.244422 -0.349802
v -0.349969 2.260265 -0.351062
v -0.551547 1.817743 -0.445694
v -0.514278 1.881690 -0.431249
v -0.479912 1.942441 -0.416634
v -0.509412 1.817326 -0.454141
v -0.474885 1.881752 -0.441221
v -0.443525 1.942738 -0.427868
v -0.466400 1.815386 -0.456847
v -0.434652 1.880150 -0.446028
v -0.406151 1.941149 -0.434342
v -0.171167 2.027341 -0.502636
v -0.161540 2.073686 -0.484920
v -0.156297 2.113819 -0.469927
v -0.118134 2.029567 -0.517243
v -0.110833 2.075214 -0.496595
v -0.106716 2.114713 -0.479170
v -0.060274 2.032027 -0.527131
v -0.056358 2.076979 -0.504026
v -0.054113 2.115807 -0.484503
v -0.161477 2.170601 -0.454576
v -0.170306 2.188520 -0.454171
v -0.180336 2.202750 -0.456406
v -0.110389 2.170797 -0.461174
v -0.117029 2.188668 -0.460483
v -0.124553 2.202934 -0.462791
v -0.056023 2.171023 -0.464034
v -0.059573 2.188753 -0.462944
v -0.063590 2.202992 -0.465166
v -0.372563 2.172471 -0.342409
v -0.368928 2.186647 -0.337179
v -0.368632 2.198608 -0.333770
v -0.361092 2.173377 -0.352381
v -0.358635 2.187543 -0.346778
v -0.358860 2.199397 -0.343243
v -0.347809 2.173384 -0.359166
v -0.347079 2.187797 -0.353638
v -0.348360 2.199763 -0.350456
v -0.425070 2.047941 -0.387140
v -0.405464 2.090565 -0.373068
v -0.390503 2.125745 -0.360442
v -0.397164 2.048346 -0.399342
v -0.382762 2.091112 -0.384929
v -0.372730 2.126449 -0.371677
v -0.367606 2.046903 -0.407246
v -0.358054 2.089982 -0.392692
v -0.352737 2.125713 -0.379045
v -0.238884 1.794906 -0.570203
v -0.218940 1.861171 -0.555916
v -0.200565 1.921057 -0.539377
v -0.166829 1.798063 -0.596943
v -0.152666 1.864650 -0.580140
v -0.139575 1.924416 -0.560522
v -0.085693 1.801374 -0.616495
v -0.078345 1.868182 -0.597740
v -0.071547 1.927875 -0.575704
v -0.079263 2.276364 -0.434993
v -0.152074 2.275073 -0.434082
v -0.212337 2.271994 -0.431747
v -0.084681 2.281433 -0.412401
v -0.163054 2.279915 -0.412062
v -0.229127 2.276197 -0.410990
v -0.090077 2.284523 -0.389017
v -0.173648 2.282856 -0.388936
v -0.244453 2.278769 -0.388378
v -0.708112 1.554651 -0.501541
v -0.668836 1.621007 -0.487832
v -0.629532 1.686589 -0.473972
v -0.651266 1.546012 -0.505249
v -0.616255 1.614851 -0.492459
v -0.580952 1.683010 -0.479667
v -0.591089 1.536779 -0.497762
v -0.561259 1.608079 -0.487632
v -0.530699 1.678550 -0.477457
v -0.195001 2.229933 -0.461648
v -0.197280 2.243821 -0.461335
v -0.196989 2.256023 -0.457097
v -0.135352 2.230120 -0.468203
v -0.137699 2.244208 -0.467614
v -0.139469 2.257072 -0.462646
v -0.069303 2.230245 -0.470585
v -0.070770 2.244471 -0.469875
v -0.072293 2.257651 -0.464657
v -0.524502 2.083062 -0.141466
v -0.548170 2.051567 -0.150286
v -0.575862 2.016667 -0.154622
v -0.546523 2.074334 -0.136134
v -0.567605 2.046584 -0.145706
v -0.593509 2.014103 -0.150171
v -0.576415 2.061936 -0.131834
v -0.596109 2.037505 -0.141150
v -0.620378 2.008009 -0.145346
v -0.539825 2.034113 -0.165817
v -0.515608 2.068994 -0.157297
v -0.529344 2.044835 -0.165912
v -0.552433 2.013065 -0.173949
v -0.558876 2.009881 -0.169989
v -0.561633 2.012302 -0.164803
v -0.536125 2.043642 -0.161098
v -0.662817 2.026990 -0.123452
v -0.683747 2.007720 -0.129880
v -0.706980 1.984417 -0.131933
v -0.713365 2.007057 -0.117329
v -0.736539 1.989640 -0.121801
v -0.760477 1.969079 -0.122386
v -0.759236 1.989244 -0.109234
v -0.785394 1.972953 -0.111718
v -0.810664 1.954511 -0.110924
v -0.753938 1.926615 -0.125805
v -0.774237 1.895756 -0.117878
v -0.789984 1.868174 -0.105968
v -0.800720 1.919827 -0.116170
v -0.814358 1.894093 -0.109655
v -0.823383 1.871258 -0.099625
v -0.845428 1.913040 -0.104765
v -0.852891 1.892220 -0.099817
v -0.855191 1.874050 -0.092161
v -0.638226 1.883659 0.071654
v -0.597497 1.925030 0.089732
v -0.566274 1.963885 0.082884
v -0.662431 1.879522 0.048198
v -0.626349 1.918753 0.069941
v -0.594928 1.957890 0.071914
v -0.686851 1.877104 0.033637
v -0.658374 1.911050 0.048191
v -0.629507 1.948317 0.055041
v -0.743055 1.814369 -0.066764
v -0.744495 1.805159 -0.113490
v -0.733275 1.808145 -0.056624
v -0.709067 1.822786 -0.004358
v -0.721094 1.826546 -0.016084
v -0.735787 1.830602 -0.018109
v -0.753304 1.820829 -0.052868
v -0.761090 1.823118 -0.078801
v -0.751037 1.820301 -0.094512
v -0.743682 1.823432 -0.120068
v -0.744632 1.814211 -0.114554
v -0.483215 2.138276 -0.032337
v -0.488594 2.137071 -0.064405
v -0.496228 2.127010 -0.098714
v -0.512465 2.119988 -0.038466
v -0.515295 2.119529 -0.068422
v -0.520945 2.111537 -0.096494
v -0.545430 2.100983 -0.043723
v -0.546463 2.101370 -0.070286
v -0.551708 2.094454 -0.095337
v -0.517970 2.040174 0.055726
v -0.501139 2.074634 0.039609
v -0.488384 2.105333 0.020981
v -0.547923 2.032142 0.049073
v -0.531025 2.065027 0.033417
v -0.519246 2.092384 0.013944
v -0.581196 2.020858 0.043943
v -0.564202 2.051907 0.029386
v -0.552952 2.076563 0.009256
v -0.860261 1.939404 -0.049376
v -0.831729 1.957266 -0.052719
v -0.798742 1.975019 -0.056386
v -0.873934 1.935984 -0.065926
v -0.844459 1.953269 -0.068862
v -0.808765 1.971359 -0.071436
v -0.870763 1.937043 -0.082268
v -0.842056 1.953988 -0.084801
v -0.807794 1.971339 -0.086143
v -0.889583 1.876391 -0.040049
v -0.896399 1.889645 -0.041646
v -0.893920 1.904982 -0.043790
v -0.897583 1.875379 -0.055505
v -0.906212 1.888735 -0.058036
v -0.905618 1.903510 -0.060446
v -0.894328 1.875546 -0.070339
v -0.901928 1.889125 -0.073766
v -0.901348 1.904309 -0.076589
v -0.757685 1.874105 0.011072
v -0.740784 1.898574 0.015714
v -0.721856 1.926829 0.015650
v -0.800302 1.875048 0.000008
v -0.788909 1.895605 0.003246
v -0.774192 1.919580 0.002499
v -0.839527 1.876555 -0.012154
v -0.834745 1.893384 -0.010420
v -0.824761 1.913196 -0.011992
v -0.801139 1.837049 -0.065252
v -0.796375 1.834611 -0.044678
v -0.786300 1.840993 -0.020514
v -0.829146 1.845602 -0.063701
v -0.826227 1.843326 -0.045945
v -0.819207 1.848112 -0.025516
v -0.856638 1.854030 -0.066513
v -0.855637 1.852632 -0.049139
v -0.849735 1.856326 -0.031828
v -0.628292 2.057510 -0.053267
v -0.628469 2.058234 -0.074564
v -0.634342 2.052777 -0.094933
v -0.675037 2.034744 -0.055627
v -0.675924 2.034873 -0.074803
v -0.682047 2.030073 -0.093079
v -0.720644 2.012950 -0.057940
v -0.723161 2.012130 -0.074457
v -0.727987 2.008649 -0.090163
v -0.682069 1.984644 0.004344
v -0.662650 2.011370 -0.004867
v -0.646085 2.033646 -0.017368
v -0.735400 1.970695 -0.006359
v -0.714098 1.994264 -0.013969
v -0.694867 2.014101 -0.024387
v -0.787262 1.957542 -0.019164
v -0.763464 1.978447 -0.024894
v -0.740634 1.996406 -0.032736
v -0.707881 1.847012 -0.184985
v -0.708064 1.853816 -0.169946
v -0.707627 1.859434 -0.158206
v -0.667123 1.887532 -0.190451
v -0.670927 1.890631 -0.177431
v -0.673591 1.893354 -0.165423
v -0.624229 1.931524 -0.187760
v -0.629575 1.932269 -0.177865
v -0.633574 1.933683 -0.167959
v -0.715120 1.862283 -0.137058
v -0.725318 1.861351 -0.126477
v -0.739638 1.862497 -0.118289
v -0.684112 1.896140 -0.145604
v -0.695478 1.896459 -0.137807
v -0.712922 1.896820 -0.131207
v -0.646524 1.936441 -0.151854
v -0.660045 1.936600 -0.145833
v -0.681183 1.935349 -0.140109
v 0.331811 2.226884 -0.381595
v 0.311048 2.226360 -0.406002
v 0.282774 2.226738 -0.430067
v 0.333650 2.242915 -0.383671
v 0.312681 2.242001 -0.407765
v 0.284434 2.241885 -0.430917
v 0.323764 2.258254 -0.385658
v 0.303278 2.256879 -0.408806
v 0.276701 2.255620 -0.430131
v 0.101825 2.260254 0.125730
v 0.199029 2.259991 0.123449
v 0.284379 2.259165 0.116254
v 0.104471 2.271462 0.106036
v 0.203080 2.271196 0.104272
v 0.287716 2.270377 0.098307
v 0.106984 2.281323 0.082678
v 0.205783 2.280906 0.081774
v 0.286605 2.279742 0.077997
v 0.112487 2.298056 -0.012820
v 0.111992 2.296806 0.008558
v 0.110868 2.294036 0.032411
v 0.218311 2.296957 -0.011553
v 0.216512 2.295825 0.009800
v 0.212660 2.293208 0.033231
v 0.308666 2.293626 -0.009125
v 0.304241 2.292846 0.012321
v 0.294858 2.290705 0.034781
v 0.116463 2.026012 0.464912
v 0.229016 2.029361 0.452471
v 0.333870 2.030122 0.428706
v 0.104626 2.049117 0.415082
v 0.206159 2.052633 0.403981
v 0.301507 2.053972 0.382466
v 0.095292 2.072635 0.368004
v 0.188096 2.076149 0.357922
v 0.275742 2.077907 0.338264
v 0.397802 1.806583 -0.472063
v 0.370663 1.800976 -0.490150
v 0.339540 1.796357 -0.513652
v 0.369372 1.871682 -0.463780
v 0.342958 1.866160 -0.481559
v 0.312968 1.861680 -0.503842
v 0.343956 1.932312 -0.454037
v 0.318014 1.926547 -0.471440
v 0.288827 1.921783 -0.492426
v 0.509531 1.911134 0.196061
v 0.524120 1.912294 0.171170
v 0.537885 1.919182 0.147517
v 0.463337 1.946187 0.173099
v 0.477100 1.948622 0.155812
v 0.504327 1.949042 0.134919
v 0.429974 1.979093 0.146151
v 0.458910 1.974411 0.132853
v 0.488108 1.975456 0.115225
v 0.019363 2.300065 -0.204513
v 0.016919 2.300690 -0.194099
v 0.020286 2.300916 -0.183914
v 0.152909 2.298234 -0.203586
v 0.152161 2.298850 -0.193109
v 0.154876 2.299090 -0.182887
v 0.268094 2.292901 -0.201500
v 0.268977 2.293486 -0.190868
v 0.271268 2.293773 -0.180542
v 0.449291 2.234335 -0.065230
v 0.451482 2.230521 -0.090854
v 0.451996 2.226641 -0.117853
v 0.443604 2.253356 -0.074734
v 0.444632 2.250806 -0.099910
v 0.444666 2.248219 -0.125893
v 0.421042 2.271044 -0.084612
v 0.420110 2.269628 -0.109391
v 0.418719 2.268182 -0.134446
v 0.418287 2.171175 -0.052580
v 0.412479 2.163142 -0.088194
v 0.400289 2.149175 -0.125089
v 0.428848 2.185880 -0.053369
v 0.427367 2.178539 -0.083674
v 0.421153 2.168850 -0.116264
v 0.438264 2.200402 -0.054520
v 0.439740 2.194155 -0.081797
v 0.438146 2.187270 -0.111177
v 0.096042 2.209888 0.160078
v 0.188203 2.209781 0.156980
v 0.270502 2.208893 0.148387
v 0.097169 2.224283 0.152579
v 0.190338 2.223961 0.149818
v 0.273206 2.222875 0.141666
v 0.098159 2.236797 0.147490
v 0.192224 2.236419 0.144868
v 0.275686 2.235310 0.136922
v 0.308457 2.171152 -0.384576
v 0.280610 2.169885 -0.404907
v 0.246984 2.169148 -0.425728
v 0.312593 2.186636 -0.380816
v 0.287322 2.186020 -0.402544
v 0.255700 2.185974 -0.424599
v 0.318025 2.199273 -0.379534
v 0.295343 2.199024 -0.402548
v 0.265798 2.199395 -0.425755
v 0.311725 2.038870 -0.429121
v 0.284529 2.033532 -0.446270
v 0.253957 2.028937 -0.465475
v 0.305716 2.083446 -0.415087
v 0.277172 2.079246 -0.432507
v 0.244732 2.075584 -0.451443
v 0.304274 2.120803 -0.402012
v 0.274756 2.117826 -0.420015
v 0.240636 2.115073 -0.439167
v 0.087719 2.122282 0.277766
v 0.172850 2.124958 0.269946
v 0.252653 2.126498 0.254318
v 0.088981 2.147525 0.236359
v 0.174733 2.149425 0.229896
v 0.254138 2.150342 0.216563
v 0.091629 2.171389 0.201096
v 0.179568 2.172451 0.196011
v 0.259836 2.172634 0.184814
v 0.419891 2.064533 0.075045
v 0.397587 2.046970 0.094300
v 0.422630 2.041615 0.090041
v 0.452367 2.043064 0.078260
v 0.441032 2.072780 0.063088
v 0.429818 2.097350 0.051048
v 0.403289 2.076251 0.071027
v 0.393868 2.093128 0.063724
v 0.356254 2.088462 0.061564
v 0.402244 2.060923 0.085129
v 0.399717 2.118796 0.039654
v 0.362010 2.115944 0.032932
v 0.355689 2.106707 0.041680
v 0.420584 2.142402 0.025305
v 0.399537 2.138461 0.019007
v 0.386317 2.133079 0.020074
v 0.444926 2.184495 0.008637
v 0.439952 2.181393 0.001167
v 0.434457 2.178171 -0.005699
v 0.448271 2.200510 0.003608
v 0.445539 2.197755 -0.004438
v 0.441181 2.194840 -0.012312
v 0.450466 2.214631 -0.000334
v 0.448939 2.212110 -0.008690
v 0.445596 2.209377 -0.016884
v 0.451510 2.244413 -0.012684
v 0.451081 2.242551 -0.021797
v 0.449599 2.240526 -0.030687
v 0.444100 2.260329 -0.021357
v 0.444088 2.258984 -0.030921
v 0.443388 2.257545 -0.040374
v 0.422816 2.274896 -0.029573
v 0.422991 2.274122 -0.039589
v 0.422473 2.273312 -0.049782
v 0.589329 1.934553 0.191481
v 0.541630 1.936449 0.202480
v 0.502991 1.934554 0.214220
v 0.552134 1.962841 0.159444
v 0.452252 1.994775 0.172651
v 0.475451 1.955301 0.177381
v 0.511654 1.999070 0.131005
v 0.474454 1.993295 0.135457
v 0.443898 1.986530 0.145106
v 0.044906 2.300598 -0.150853
v 0.064335 2.300259 -0.128846
v 0.085435 2.299921 -0.108267
v 0.171945 2.298888 -0.149558
v 0.184910 2.298625 -0.126512
v 0.198328 2.298341 -0.103593
v 0.281958 2.293922 -0.146783
v 0.289667 2.293914 -0.123108
v 0.297367 2.293872 -0.099225
v 0.110073 2.299268 -0.071685
v 0.112052 2.298988 -0.056638
v 0.112580 2.298755 -0.044085
v 0.215382 2.297850 -0.067321
v 0.217923 2.297667 -0.054493
v 0.218729 2.297502 -0.042839
v 0.307598 2.293768 -0.063323
v 0.309497 2.293739 -0.051691
v 0.310033 2.293723 -0.040698
v 0.385567 2.117351 0.192891
v 0.432957 2.106354 0.152653
v 0.463109 2.093802 0.115550
v 0.380870 2.142678 0.161965
v 0.423517 2.133928 0.125444
v 0.448717 2.124380 0.090840
v 0.381628 2.165935 0.136033
v 0.419298 2.159120 0.102343
v 0.440639 2.151730 0.069861
v 0.386998 2.202947 0.106102
v 0.418845 2.198193 0.075339
v 0.439053 2.192734 0.046447
v 0.388867 2.217103 0.100314
v 0.419990 2.212716 0.070046
v 0.439400 2.207861 0.041297
v 0.391027 2.229844 0.096038
v 0.421644 2.225766 0.066063
v 0.440161 2.221376 0.037248
v 0.486777 2.026529 -0.247504
v 0.480603 2.035358 -0.290201
v 0.467349 2.041287 -0.331700
v 0.456708 2.065915 -0.237877
v 0.452859 2.076398 -0.278244
v 0.441118 2.083321 -0.318751
v 0.438832 2.103036 -0.228786
v 0.432531 2.112166 -0.267722
v 0.420544 2.118555 -0.307487
v 0.420696 2.155353 -0.216365
v 0.409931 2.161713 -0.254115
v 0.396756 2.166607 -0.292494
v 0.417643 2.172137 -0.215170
v 0.405896 2.177391 -0.251937
v 0.392412 2.181567 -0.289106
v 0.417920 2.187099 -0.216435
v 0.405594 2.191198 -0.251909
v 0.391971 2.194543 -0.287568
v 0.398912 2.255240 0.078801
v 0.427564 2.252329 0.051224
v 0.443158 2.249268 0.024039
v 0.397965 2.267622 0.064815
v 0.424517 2.265807 0.039549
v 0.437892 2.263780 0.014206
v 0.384479 2.278131 0.050505
v 0.407427 2.277764 0.027573
v 0.418243 2.276892 0.004204
v 0.504953 2.009671 0.339409
v 0.563952 1.988699 0.282575
v 0.601233 1.965282 0.231799
v 0.461107 2.036557 0.300460
v 0.518117 2.017844 0.247813
v 0.554697 1.996873 0.200464
v 0.425076 2.063717 0.263008
v 0.479625 2.047616 0.214489
v 0.514817 2.029417 0.170578
v 0.715911 1.909491 0.508536
v 0.782693 1.885928 0.433410
v 0.816792 1.859378 0.369399
v 0.660504 1.933401 0.464743
v 0.725159 1.909743 0.394418
v 0.760333 1.883471 0.333754
v 0.606299 1.958000 0.421735
v 0.668983 1.934554 0.356080
v 0.705436 1.908460 0.298621
v 0.097021 2.288058 -0.352419
v 0.098165 2.289189 -0.338676
v 0.097377 2.290495 -0.322790
v 0.187265 2.286556 -0.352356
v 0.189769 2.287584 -0.339578
v 0.189689 2.288673 -0.325988
v 0.263602 2.282169 -0.352176
v 0.267779 2.283102 -0.340050
v 0.269547 2.284066 -0.327493
v 0.643535 1.812068 -0.285656
v 0.630027 1.812818 -0.336502
v 0.612612 1.814800 -0.385820
v 0.602902 1.870497 -0.280252
v 0.589538 1.873159 -0.327494
v 0.572361 1.876709 -0.373449
v 0.562267 1.928096 -0.271100
v 0.549972 1.932192 -0.316140
v 0.533788 1.936565 -0.359847
v 0.422825 2.222878 -0.223507
v 0.410540 2.224509 -0.255452
v 0.397555 2.225808 -0.287417
v 0.417489 2.244060 -0.227914
v 0.406222 2.244498 -0.257864
v 0.394482 2.244689 -0.287908
v 0.395524 2.264147 -0.232040
v 0.386476 2.263564 -0.260125
v 0.377137 2.262784 -0.288421
v 0.771666 1.610033 -0.256117
v 0.771500 1.592649 -0.334541
v 0.768375 1.578052 -0.414367
v 0.744742 1.655613 -0.270090
v 0.739413 1.644138 -0.340311
v 0.730712 1.635017 -0.410026
v 0.715110 1.703780 -0.280356
v 0.705523 1.697398 -0.342632
v 0.692376 1.693154 -0.404199
v 0.076176 2.293623 -0.284395
v 0.057557 2.295382 -0.262645
v 0.040598 2.297267 -0.239364
v 0.179607 2.291685 -0.287736
v 0.171121 2.293584 -0.263401
v 0.163086 2.295498 -0.238901
v 0.269535 2.286868 -0.288858
v 0.268963 2.288659 -0.263134
v 0.268419 2.290416 -0.237661
v 0.470163 2.004758 -0.154441
v 0.465627 2.004701 -0.164807
v 0.466713 2.005892 -0.181840
v 0.437350 2.040930 -0.160601
v 0.435721 2.043076 -0.168963
v 0.438829 2.045959 -0.182613
v 0.411451 2.073827 -0.164839
v 0.413459 2.076977 -0.171420
v 0.422094 2.082143 -0.181259
v 0.787858 1.809843 0.323507
v 0.744929 1.788957 0.331436
v 0.707167 1.771891 0.331608
v 0.742612 1.835906 0.288078
v 0.702105 1.821869 0.297211
v 0.672393 1.803980 0.297002
v 0.696468 1.863568 0.253652
v 0.663634 1.849066 0.261339
v 0.633482 1.837049 0.266140
v 0.397568 2.130310 -0.164077
v 0.407291 2.132957 -0.168244
v 0.417338 2.138902 -0.173917
v 0.415179 2.155174 -0.156767
v 0.419624 2.156155 -0.163497
v 0.423305 2.159990 -0.171322
v 0.433173 2.177407 -0.151489
v 0.432257 2.177003 -0.161090
v 0.430375 2.178868 -0.171366
v 0.704767 1.794486 0.114561
v 0.717938 1.750110 0.224619
v 0.766960 1.741862 0.118442
v 0.823570 1.728353 0.006483
v 0.774052 1.766819 0.003099
v 0.735843 1.799294 -0.006361
v 0.712964 1.804590 0.046280
v 0.616303 1.867292 0.132965
v 0.636463 1.836025 0.155311
v 0.630283 1.823404 0.205072
v 0.678835 1.785378 0.205970
v 0.504516 1.512141 -0.497231
v 0.477627 1.497192 -0.513745
v 0.446406 1.482461 -0.538142
v 0.479796 1.589345 -0.491616
v 0.452316 1.577880 -0.508806
v 0.420367 1.567012 -0.533617
v 0.454030 1.664782 -0.485730
v 0.426221 1.656324 -0.503612
v 0.393940 1.648563 -0.528394
v 0.700796 1.834745 -0.171117
v 0.690899 1.825961 -0.194120
v 0.673806 1.818730 -0.213710
v 0.643222 1.881094 -0.163121
v 0.636182 1.875304 -0.182926
v 0.623979 1.870602 -0.204179
v 0.570081 1.924701 -0.146418
v 0.569218 1.921418 -0.165565
v 0.572838 1.921517 -0.194843
v 0.449046 2.221097 -0.156534
v 0.445675 2.220211 -0.167752
v 0.440455 2.220341 -0.179629
v 0.441985 2.244478 -0.163175
v 0.438987 2.243738 -0.174281
v 0.434191 2.243530 -0.185991
v 0.415241 2.266062 -0.170213
v 0.412730 2.265504 -0.181044
v 0.408944 2.265091 -0.192379
v 0.173759 1.931245 0.705953
v 0.339833 1.933539 0.680844
v 0.490534 1.932872 0.639118
v 0.158763 1.955402 0.640447
v 0.310817 1.957938 0.619485
v 0.449428 1.957484 0.583427
v 0.144052 1.979340 0.577605
v 0.282431 1.982103 0.560303
v 0.409253 1.981937 0.529307
v 0.863996 1.693041 -0.132243
v 0.840993 1.672171 -0.153187
v 0.808261 1.650563 -0.167767
v 0.825038 1.722895 -0.144447
v 0.807061 1.704376 -0.167600
v 0.780150 1.686190 -0.185556
v 0.788345 1.754549 -0.158600
v 0.772281 1.739425 -0.181226
v 0.749174 1.725129 -0.199958
v 0.324397 1.459719 -0.597789
v 0.228459 1.453035 -0.625289
v 0.117887 1.449220 -0.645172
v 0.302691 1.552168 -0.594527
v 0.212671 1.548887 -0.623029
v 0.109599 1.547484 -0.643769
v 0.281139 1.640253 -0.589413
v 0.197069 1.639878 -0.618309
v 0.101428 1.640546 -0.639425
v 0.375859 2.227196 -0.330175
v 0.367159 2.227333 -0.340349
v 0.358013 2.227327 -0.349159
v 0.375467 2.244630 -0.329246
v 0.367940 2.244413 -0.340067
v 0.359635 2.244120 -0.349894
v 0.362416 2.261394 -0.328624
v 0.356454 2.260818 -0.340143
v 0.349198 2.260207 -0.350963
v 0.551544 1.817727 -0.445677
v 0.509412 1.817326 -0.454141
v 0.466400 1.815386 -0.456847
v 0.514278 1.881691 -0.431249
v 0.474883 1.881820 -0.441202
v 0.434650 1.880208 -0.446013
v 0.479912 1.942441 -0.416634
v 0.443521 1.942724 -0.427862
v 0.406145 1.941127 -0.434335
v 0.171040 2.026292 -0.502751
v 0.118057 2.028759 -0.517357
v 0.060272 2.032004 -0.527135
v 0.161387 2.072730 -0.485122
v 0.110756 2.074653 -0.496728
v 0.056355 2.076954 -0.504032
v 0.156111 2.112871 -0.470212
v 0.106648 2.114324 -0.479295
v 0.054113 2.115807 -0.484503
v 0.161280 2.169859 -0.454878
v 0.110353 2.170723 -0.461201
v 0.056003 2.171056 -0.464016
v 0.170108 2.187870 -0.454449
v 0.116994 2.188676 -0.460472
v 0.059542 2.188822 -0.462905
v 0.180133 2.202179 -0.456652
v 0.124514 2.203015 -0.462740
v 0.063547 2.203098 -0.465106
v 0.372473 2.172321 -0.342477
v 0.360931 2.173092 -0.352508
v 0.347583 2.172960 -0.359353
v 0.368849 2.186520 -0.337243
v 0.358474 2.187268 -0.346914
v 0.346836 2.187359 -0.353852
v 0.368533 2.198496 -0.333823
v 0.358673 2.199137 -0.343373
v 0.348079 2.199341 -0.350668
v 0.425070 2.047941 -0.387140
v 0.397164 2.048346 -0.399342
v 0.367606 2.046902 -0.407246
v 0.405413 2.090462 -0.373083
v 0.382724 2.091027 -0.384942
v 0.358013 2.089883 -0.392709
v 0.390330 2.125425 -0.360530
v 0.372594 2.126173 -0.371754
v 0.352618 2.125453 -0.379119
v 0.238905 1.795189 -0.570207
v 0.166842 1.798212 -0.596951
v 0.085693 1.801374 -0.616495
v 0.218940 1.861172 -0.555916
v 0.152666 1.864650 -0.580140
v 0.078345 1.868182 -0.597740
v 0.200564 1.921019 -0.539372
v 0.139575 1.924415 -0.560523
v 0.071547 1.927875 -0.575704
v 0.079104 2.276669 -0.434775
v 0.084482 2.281774 -0.412143
v 0.089834 2.284897 -0.388718
v 0.151899 2.275618 -0.433687
v 0.162837 2.280516 -0.411602
v 0.173382 2.283515 -0.388405
v 0.212135 2.272566 -0.431317
v 0.228855 2.276811 -0.410500
v 0.244101 2.279434 -0.387818
v 0.708219 1.555478 -0.501577
v 0.651302 1.546283 -0.505273
v 0.591093 1.536811 -0.497767
v 0.668836 1.620994 -0.487802
v 0.616256 1.614822 -0.492400
v 0.561259 1.608079 -0.487632
v 0.629532 1.686578 -0.473950
v 0.580953 1.683009 -0.479613
v 0.530698 1.678531 -0.477429
v 0.194824 2.229775 -0.461686
v 0.135289 2.230390 -0.468038
v 0.069237 2.230417 -0.470481
v 0.197129 2.243978 -0.461200
v 0.137614 2.244560 -0.467390
v 0.070689 2.244677 -0.469747
v 0.196845 2.256415 -0.456818
v 0.139359 2.257492 -0.462369
v 0.072192 2.257888 -0.464503
v 0.434622 2.070503 -0.139290
v 0.453930 2.067713 -0.126642
v 0.482217 2.062707 -0.111866
v 0.462848 2.042571 -0.131372
v 0.479471 2.042589 -0.121141
v 0.505899 2.040507 -0.107531
v 0.494224 2.013478 -0.117483
v 0.508830 2.015436 -0.108409
v 0.533158 2.015952 -0.095827
v 0.466149 2.021095 -0.142085
v 0.435438 2.051726 -0.150927
v 0.458806 2.030455 -0.141505
v 0.487230 2.004325 -0.129133
v 0.487919 2.000358 -0.134085
v 0.483518 2.001354 -0.140343
v 0.455077 2.029341 -0.147983
v 0.565988 2.048085 -0.072822
v 0.614726 2.040249 -0.049302
v 0.658256 2.034187 -0.025736
v 0.589554 2.031759 -0.067453
v 0.639757 2.026656 -0.042299
v 0.685523 2.022789 -0.016657
v 0.614543 2.013433 -0.056196
v 0.664783 2.011474 -0.030495
v 0.711267 2.010249 -0.004036
v 0.663469 1.969540 -0.020483
v 0.706469 1.974396 0.000865
v 0.747933 1.978902 0.022635
v 0.685630 1.945846 0.000254
v 0.723699 1.952878 0.015706
v 0.758258 1.960684 0.033672
v 0.709635 1.921202 0.015120
v 0.738350 1.932063 0.028307
v 0.759844 1.946479 0.047361
v 0.560870 1.933448 0.118542
v 0.574427 1.937289 0.112517
v 0.581631 1.947933 0.116022
v 0.549174 1.952740 0.104628
v 0.618918 1.923733 0.091956
v 0.642698 1.922509 0.101131
v 0.533194 1.980427 0.088461
v 0.593519 1.958912 0.073658
v 0.538763 1.998044 0.090237
v 0.709950 1.842398 0.006581
v 0.706238 1.834257 -0.022536
v 0.700676 1.845894 -0.018349
v 0.693615 1.857135 -0.017740
v 0.710308 1.851821 -0.007663
v 0.723538 1.854127 0.001745
v 0.715858 1.852662 0.023331
v 0.636978 1.903160 0.098218
v 0.650075 1.879241 0.075984
v 0.637997 1.875433 0.084245
v 0.704496 1.833496 0.010595
v 0.409984 2.142306 -0.056828
v 0.418689 2.129756 -0.057840
v 0.437525 2.117913 -0.052625
v 0.400760 2.135478 -0.092080
v 0.413343 2.123649 -0.086878
v 0.437781 2.112063 -0.076985
v 0.398723 2.119278 -0.121159
v 0.418450 2.109540 -0.109589
v 0.446949 2.099474 -0.096060
v 0.499000 2.046677 0.054266
v 0.518121 2.043051 0.048525
v 0.522078 2.044538 0.047334
v 0.486331 2.078640 0.036984
v 0.499227 2.074396 0.029719
v 0.508969 2.070099 0.027036
v 0.464046 2.110207 0.014679
v 0.474407 2.102735 0.006353
v 0.482838 2.095460 0.003594
v 0.743980 2.024033 0.068187
v 0.761800 2.018079 0.057253
v 0.762983 2.013416 0.041281
v 0.715832 2.034665 0.052728
v 0.732692 2.028133 0.042159
v 0.734537 2.023413 0.026841
v 0.683503 2.044312 0.036038
v 0.697445 2.037960 0.025759
v 0.700406 2.033185 0.012133
v 0.775438 1.973266 0.104893
v 0.787309 1.968898 0.092883
v 0.788105 1.963843 0.078576
v 0.781202 1.986318 0.100338
v 0.795043 1.982079 0.087839
v 0.795058 1.976788 0.072414
v 0.777979 1.999537 0.092537
v 0.793752 1.995021 0.080402
v 0.793851 1.989985 0.064462
v 0.633771 1.965708 0.124017
v 0.678216 1.969976 0.122696
v 0.719567 1.973827 0.119471
v 0.613969 1.987087 0.116231
v 0.664442 1.988257 0.116134
v 0.712981 1.989225 0.114203
v 0.594121 2.009220 0.102011
v 0.648719 2.007381 0.103848
v 0.701904 2.005580 0.103784
v 0.748617 1.880202 0.028264
v 0.754867 1.905807 0.051999
v 0.761541 1.932058 0.073120
v 0.738131 1.883321 0.051834
v 0.744696 1.910829 0.073994
v 0.754251 1.937276 0.091102
v 0.676908 1.926601 0.109953
v 0.718339 1.930456 0.102546
v 0.740224 1.947542 0.107742
v 0.511466 2.092411 -0.026868
v 0.559057 2.078617 -0.010939
v 0.605455 2.065546 0.004446
v 0.517205 2.086478 -0.046514
v 0.564972 2.072914 -0.028290
v 0.612318 2.060072 -0.009793
v 0.528735 2.076062 -0.061932
v 0.576127 2.063808 -0.041971
v 0.621426 2.052771 -0.021868
v 0.554065 2.052249 0.062874
v 0.609857 2.044759 0.069349
v 0.664219 2.037609 0.073550
v 0.535771 2.070560 0.040814
v 0.589254 2.060658 0.049603
v 0.640907 2.051237 0.055921
v 0.521242 2.084442 0.018029
v 0.571647 2.072646 0.029076
v 0.619396 2.061579 0.037579
v 0.686625 1.858516 -0.109489
v 0.632054 1.894909 -0.114415
v 0.571246 1.932502 -0.118058
v 0.660230 1.873720 -0.070171
v 0.620222 1.902621 -0.090704
v 0.568662 1.936572 -0.104515
v 0.647631 1.884470 -0.051214
v 0.611998 1.909888 -0.073003
v 0.566062 1.941440 -0.092513
v 0.644366 1.895775 -0.025884
v 0.609016 1.921518 -0.046906
v 0.569029 1.951393 -0.072767
v 0.651918 1.899381 -0.013982
v 0.616143 1.926549 -0.036047
v 0.578980 1.955923 -0.063527
v 0.664725 1.904514 -0.004884
v 0.630307 1.932144 -0.025703
v 0.597137 1.960348 -0.052808
vn -0.2353 0.9469 0.2190
vn -0.0737 0.9657 0.2488
vn -0.4109 0.1322 -0.9021
vn -0.1889 0.7679 -0.6121
vn -0.2793 0.8548 0.4373
vn -0.4087 0.3721 -0.8334
vn -0.5821 0.8053 -0.1125
vn -0.2043 0.9768 -0.0646
vn -0.0020 0.9998 0.0220
vn -0.6447 0.3871 -0.6592
vn -0.4743 0.5477 -0.6893
vn -0.3128 0.5087 0.8021
vn -0.3312 -0.3546 -0.8744
vn -0.9836 0.1248 0.1303
vn -0.9529 0.0822 0.2920
vn -0.8360 0.2904 -0.4656
vn -0.9974 0.0022 -0.0727
vn -0.3206 0.1870 -0.9286
vn -0.1690 0.9856 -0.0086
vn -0.6191 0.3260 -0.7145
vn -0.0037 0.9969 -0.0790
vn -0.6237 0.6158 -0.4815
vn -0.3225 0.5877 0.7421
vn -0.8217 0.5027 -0.2686
vn -0.7573 0.4842 -0.4382
vn -0.1950 0.9791 -0.0571
vn -0.8524 0.4299 -0.2975
vn -0.8496 -0.0842 -0.5207
vn -0.9996 -0.0292 0.0020
vn -0.8904 -0.1914 -0.4129
vn -0.7861 0.5649 -0.2509
vn -0.7187 0.4275 0.5484
vn -0.2480 0.9628 -0.1071
vn -0.2178 0.9712 -0.0971
vn -0.6568 0.5323 -0.5342
vn -0.6083 0.4864 -0.6272
vn -0.8041 0.2569 -0.5360
vn -0.0020 0.9963 -0.0863
vn -0.8703 -0.1526 -0.4683
vn -0.7872 0.4930 -0.3706
vn -0.1461 0.1773 -0.9733
vn -0.4657 0.2482 -0.8494
vn 0.0277 0.0814 -0.9963
vn -0.4321 0.3184 -0.8438
vn -0.2508 0.9342 0.2537
vn -0.7689 0.5804 -0.2684
vn -0.6955 -0.2967 -0.6544
vn -0.6622 0.4205 -0.6202
vn -0.2824 0.3118 -0.9072
vn -0.2706 0.9334 -0.2356
vn -0.5956 0.5040 -0.6255
vn 0.0002 -0.0009 -1.0000
vn -0.0008 0.8338 -0.5521
vn -0.0000 0.9417 0.3364
vn -0.0025 0.9697 0.2441
vn -0.0001 0.8760 0.4823
vn -0.0000 0.4349 -0.9005
vn -0.0038 1.0000 0.0069
vn -0.0017 0.6701 0.7423
vn 0.0008 -0.1953 -0.9807
vn -0.0000 0.3459 -0.9383
vn 0.0010 0.7183 0.6957
vn -0.0021 0.9999 0.0148
vn -0.0020 0.9970 -0.0777
vn -0.0001 0.1489 -0.9889
vn -0.0000 0.9247 0.3807
vn -0.3403 0.5416 0.7687
vn -0.7600 0.4875 0.4298
vn -0.5240 0.4756 -0.7066
vn -0.4375 0.4418 0.7832
vn -0.1906 0.0740 -0.9789
vn -0.4008 0.8117 -0.4248
vn -0.4805 0.8153 0.3232
vn -0.3610 -0.6312 -0.6865
vn -0.2250 -0.5804 0.7827
vn -0.4277 0.5194 0.7399
vn -0.4967 0.3247 -0.8049
vn -0.4220 0.8844 -0.1992
vn -0.4273 0.8768 0.2205
vn -0.3750 -0.7360 -0.5636
vn -0.4264 -0.5560 0.7135
vn -0.7854 0.5320 -0.3165
vn 0.2310 0.9485 0.2167
vn 0.0822 0.9621 0.2601
vn 0.4057 0.1432 -0.9027
vn 0.1963 0.7632 -0.6156
vn 0.2794 0.8549 0.4372
vn 0.4080 0.3733 -0.8332
vn 0.5849 0.8034 -0.1118
vn 0.2111 0.9753 -0.0644
vn 0.6318 0.3827 -0.6740
vn 0.6096 0.7023 -0.3678
vn 0.3140 0.5033 0.8050
vn 0.3196 -0.3438 -0.8830
vn 0.9818 -0.1623 -0.0985
vn 0.9735 0.0427 0.2246
vn 0.6880 0.0941 -0.7195
vn 0.9342 -0.3561 -0.0200
vn 0.3202 0.1857 -0.9290
vn 0.1774 0.9841 -0.0086
vn 0.6275 0.3272 -0.7065
vn -0.0003 0.9969 -0.0791
vn 0.9223 0.3853 -0.0297
vn 0.3258 0.5873 0.7409
vn 0.8225 0.5020 -0.2674
vn 0.7601 0.4890 -0.4280
vn 0.2046 0.9775 -0.0510
vn 0.9213 0.0933 0.3775
vn 0.9170 0.3577 -0.1763
vn 0.9657 -0.2533 -0.0579
vn 0.9058 -0.2381 -0.3505
vn 0.7045 0.6795 0.2050
vn 0.9224 0.3199 0.2164
vn 0.2515 0.9608 -0.1163
vn 0.2234 0.9699 -0.0972
vn 0.6572 0.5330 -0.5329
vn 0.6152 0.4948 -0.6137
vn 0.8096 0.2277 -0.5410
vn 0.8710 -0.1461 -0.4690
vn 0.7897 0.4875 -0.3724
vn 0.1462 0.1773 -0.9732
vn 0.4672 0.2487 -0.8484
vn -0.0295 0.0858 -0.9959
vn 0.4312 0.3192 -0.8439
vn 0.2508 0.9342 0.2536
vn 0.6898 0.7216 -0.0581
vn 0.7006 -0.2950 -0.6497
vn 0.6341 0.6285 -0.4505
vn 0.2822 0.3116 -0.9073
vn 0.2813 0.9262 -0.2512
vn 0.5958 0.5042 -0.6252
vn -0.0006 1.0000 0.0068
vn 0.3630 0.5652 0.7408
vn 0.5821 0.5813 0.5686
vn 0.6830 0.4862 -0.5451
vn -0.7007 0.2114 0.6814
vn 0.4450 -0.1870 -0.8758
vn 0.4239 0.6972 -0.5781
vn 0.4821 0.8746 -0.0516
vn 0.4396 0.2023 -0.8751
vn -0.0336 -0.3080 0.9508
vn 0.1702 0.7937 0.5841
vn 0.6611 0.1648 -0.7320
vn 0.3764 0.8378 -0.3954
vn 0.2707 0.9626 -0.0077
vn 0.8190 -0.5515 -0.1584
vn 0.2681 -0.2215 0.9376
vn 0.6184 0.7278 -0.2964
vn -0.5182 0.8074 -0.2822
vn -0.4034 0.9138 -0.0475
vn -0.3220 0.9415 0.0990
vn -0.2665 0.6995 0.6631
vn -0.1946 0.8446 0.4988
vn -0.1208 0.9301 0.3468
vn -0.2686 0.9236 -0.2737
vn -0.2584 0.8972 -0.3582
vn -0.2377 0.8398 -0.4881
vn -0.4571 0.2059 -0.8653
vn -0.4408 0.1731 -0.8807
vn -0.4218 0.1462 -0.8948
vn -0.1144 0.0122 -0.9934
vn -0.2140 0.0452 -0.9758
vn -0.3086 0.0874 -0.9472
vn -0.0081 0.9697 0.2440
vn -0.0207 0.9695 0.2441
vn -0.0428 0.9684 0.2455
vn -0.2565 0.9247 0.2813
vn -0.2626 0.9099 0.3212
vn -0.2702 0.8874 0.3735
vn -0.3264 0.3010 -0.8960
vn -0.3470 0.3504 -0.8700
vn -0.3768 0.3697 -0.8493
vn -0.0073 0.8760 0.4823
vn -0.0493 0.8759 0.4801
vn -0.1400 0.8721 0.4689
vn -0.4107 0.3276 -0.8509
vn -0.4754 0.3431 -0.8101
vn -0.4651 0.3576 -0.8098
vn -0.5361 -0.0064 -0.8442
vn -0.4275 0.0695 -0.9013
vn -0.5713 0.5434 -0.6151
vn -0.1976 0.9786 -0.0574
vn -0.1997 0.9781 -0.0583
vn -0.2018 0.9776 -0.0599
vn -0.6654 0.7407 -0.0926
vn -0.6054 0.7936 -0.0610
vn -0.5890 0.8041 -0.0811
vn -0.4338 0.5182 -0.7371
vn -0.4107 0.5021 -0.7611
vn -0.4461 0.5257 -0.7243
vn -0.3410 0.4279 0.8370
vn -0.3460 0.3003 0.8889
vn -0.3369 0.3298 0.8819
vn -0.2908 0.4953 -0.8186
vn -0.3500 0.1199 -0.9290
vn -0.3509 -0.1838 -0.9182
vn -0.4540 0.8856 -0.0982
vn -0.7893 0.6039 -0.1106
vn -0.9747 0.2057 -0.0878
vn -0.9993 -0.0003 0.0363
vn -0.9991 0.0223 0.0367
vn -0.9995 0.0296 0.0078
vn -0.0122 0.6724 0.7401
vn -0.0484 0.6566 0.7526
vn -0.1365 0.6087 0.7815
vn -0.6941 -0.3857 -0.6078
vn -0.6212 -0.4276 -0.6567
vn -0.4967 -0.4167 -0.7613
vn -0.3190 -0.3820 -0.8674
vn -0.3235 -0.2447 -0.9140
vn -0.3247 -0.0135 -0.9457
vn -0.0688 0.9976 0.0024
vn -0.0285 0.9995 0.0144
vn -0.0096 0.9997 0.0204
vn -0.9928 0.1188 -0.0156
vn -0.9726 0.1417 -0.1844
vn -0.9175 0.2035 -0.3417
vn -0.9486 0.0615 0.3105
vn -0.9519 0.0941 0.2917
vn -0.9644 0.1238 0.2335
vn -0.9944 0.0467 -0.0950
vn -0.9610 0.2337 -0.1477
vn -0.8509 0.4616 -0.2510
vn -0.2893 0.8134 0.5046
vn -0.2974 0.7640 0.5726
vn -0.3058 0.6981 0.6475
vn -0.5093 0.2355 -0.8277
vn -0.5064 0.1792 -0.8435
vn -0.4370 0.1638 -0.8844
vn -0.3986 0.9171 0.0109
vn -0.7288 0.6777 0.0981
vn -0.9289 0.2980 0.2197
vn -0.7559 0.3636 -0.5445
vn -0.6994 0.4023 -0.5907
vn -0.6642 0.4098 -0.6252
vn -0.0156 0.7141 0.6999
vn -0.0595 0.7000 0.7116
vn -0.1522 0.6643 0.7318
vn -0.6330 0.3400 -0.6955
vn -0.6221 0.2784 -0.7318
vn -0.6097 0.2138 -0.7632
vn -0.7762 0.5919 0.2170
vn -0.7496 0.6613 0.0279
vn -0.7287 0.6709 -0.1376
vn -0.5536 0.8207 0.1415
vn -0.5702 0.7955 0.2051
vn -0.6256 0.7625 0.1648
vn -0.1772 0.9838 -0.0251
vn -0.1855 0.9817 -0.0422
vn -0.1915 0.9800 -0.0543
vn -0.0021 0.9998 0.0188
vn -0.0020 0.9998 0.0188
vn -0.0020 0.9998 0.0187
vn -0.3966 -0.3512 -0.8482
vn -0.0144 -0.5969 -0.8022
vn 0.1145 -0.6434 -0.7569
vn -0.9826 0.0576 0.1764
vn -0.9996 -0.0068 0.0263
vn -0.9981 -0.0466 -0.0394
vn -0.3619 0.9224 0.1352
vn -0.4553 0.8903 0.0083
vn -0.5594 0.8088 -0.1813
vn -0.5374 0.4806 0.6929
vn -0.7232 0.3887 0.5709
vn -0.8651 0.3029 0.3998
vn -0.9344 -0.2074 -0.2896
vn -0.7594 -0.4432 -0.4763
vn -0.9572 -0.2892 -0.0133
vn -0.9692 -0.1165 0.2170
vn -0.8716 -0.4902 0.0081
vn -0.9158 -0.3350 -0.2217
vn -0.5577 0.3529 0.7513
vn -0.7745 0.1944 0.6020
vn -0.9008 0.1054 0.4212
vn -0.4332 0.8169 0.3807
vn -0.5715 0.7656 0.2953
vn -0.7239 0.6801 0.1157
vn -0.9979 -0.0610 0.0210
vn -0.9977 -0.0199 0.0643
vn -0.9686 0.1253 0.2149
vn -0.4468 0.8904 -0.0869
vn -0.7903 0.6069 -0.0841
vn -0.9803 0.1939 -0.0373
vn -0.7106 0.5739 -0.4071
vn -0.7496 0.6119 -0.2525
vn -0.7856 0.5869 -0.1957
vn -0.1040 0.9771 0.1854
vn -0.1367 0.9854 0.1013
vn -0.1593 0.9868 0.0283
vn -0.5433 -0.3384 -0.7683
vn -0.2146 -0.6473 -0.7314
vn -0.3353 -0.4865 -0.8068
vn -0.0902 0.9936 -0.0685
vn -0.0352 0.9970 -0.0690
vn -0.0109 0.9970 -0.0760
vn -0.2237 0.9700 -0.0955
vn -0.2309 0.9683 -0.0955
vn -0.2391 0.9660 -0.0982
vn -0.8285 0.4950 -0.2619
vn -0.8144 0.5284 -0.2401
vn -0.8055 0.5412 -0.2412
vn -0.8307 0.5449 -0.1140
vn -0.8185 0.5555 -0.1462
vn -0.7734 0.5616 -0.2940
vn 0.1504 0.0705 -0.9861
vn 0.0551 0.1447 -0.9879
vn -0.2453 0.3164 -0.9164
vn -0.9014 -0.1284 -0.4135
vn -0.9159 0.0767 -0.3940
vn -0.8903 0.2961 -0.3460
vn -0.7534 0.5964 -0.2769
vn -0.7391 0.5923 -0.3209
vn -0.7383 0.5548 -0.3834
vn -0.4887 0.8512 -0.1913
vn -0.8160 0.4721 -0.3337
vn -0.9145 -0.0002 -0.4045
vn -0.9075 -0.1843 -0.3774
vn -0.9115 -0.1764 -0.3717
vn -0.9037 -0.1665 -0.3946
vn -0.8620 0.4491 -0.2351
vn -0.8520 0.4740 -0.2223
vn -0.8330 0.4908 -0.2553
vn -0.7802 0.3949 -0.4851
vn -0.7975 0.3453 -0.4947
vn -0.8083 0.2912 -0.5117
vn -0.7545 0.5208 -0.3994
vn -0.7202 0.5331 -0.4440
vn -0.6866 0.5360 -0.4911
vn -0.8868 0.0024 -0.4621
vn -0.8730 0.2475 -0.4203
vn -0.8262 0.4193 -0.3763
vn -0.0045 0.9969 -0.0788
vn -0.0041 0.9968 -0.0798
vn -0.0038 0.9968 -0.0803
vn -0.6576 0.3637 -0.6598
vn -0.5435 0.1924 -0.8170
vn -0.6199 0.2971 -0.7263
vn -0.6366 0.4926 -0.5933
vn -0.6924 0.4392 -0.5725
vn -0.7957 0.4263 -0.4303
vn -0.5981 0.5020 -0.6247
vn -0.6073 0.4996 -0.6178
vn -0.6187 0.4947 -0.6103
vn -0.5480 0.8042 -0.2302
vn -0.8407 0.3759 -0.3898
vn -0.8889 -0.0511 -0.4553
vn -0.4364 0.3604 -0.8244
vn -0.4561 0.3343 -0.8248
vn -0.4659 0.2939 -0.8346
vn -0.9692 -0.0703 -0.2360
vn -0.9038 -0.1505 -0.4006
vn -0.8730 -0.1890 -0.4496
vn -0.4207 0.5174 -0.7452
vn -0.5222 0.5569 -0.6459
vn -0.6669 0.5819 -0.4655
vn -0.2326 0.9462 0.2251
vn -0.2381 0.9441 0.2281
vn -0.2445 0.9403 0.2369
vn -0.4893 0.5521 -0.6751
vn -0.5310 0.5437 -0.6499
vn -0.6508 0.5384 -0.5354
vn -0.2073 0.9754 -0.0753
vn -0.2105 0.9735 -0.0898
vn -0.2136 0.9721 -0.0971
vn -0.7174 0.0646 -0.6937
vn -0.6307 0.1399 -0.7633
vn -0.6184 0.2466 -0.7462
vn -0.8062 0.5350 -0.2528
vn -0.8517 0.5112 -0.1147
vn -0.8706 0.4553 -0.1867
vn -0.5824 0.6751 -0.4528
vn -0.7795 0.1306 -0.6127
vn -0.7410 -0.2486 -0.6239
vn -0.6320 0.5249 -0.5702
vn -0.6129 0.5164 -0.5981
vn -0.6004 0.5090 -0.6168
vn -0.8075 0.5473 -0.2203
vn -0.8081 0.5495 -0.2121
vn -0.7631 0.5501 -0.3392
vn -0.2584 0.2837 -0.9235
vn -0.2292 0.2506 -0.9406
vn -0.1920 0.2141 -0.9578
vn -0.6690 -0.1381 -0.7304
vn -0.6052 0.0862 -0.7914
vn -0.5129 0.2473 -0.8221
vn -0.3327 -0.3594 -0.8719
vn -0.0589 -0.6398 -0.7663
vn -0.2396 -0.3991 -0.8851
vn -0.3744 0.3408 -0.8624
vn -0.3343 0.3429 -0.8779
vn -0.3055 0.3324 -0.8923
vn -0.7847 0.5230 0.3327
vn -0.8010 0.5461 0.2454
vn -0.7904 0.6037 0.1039
vn -0.3726 0.2389 -0.8967
vn -0.5145 0.2748 -0.8122
vn -0.5272 0.2731 -0.8047
vn -0.1039 0.9861 -0.1298
vn -0.0393 0.9946 -0.0965
vn -0.0125 0.9961 -0.0876
vn -0.0948 0.1444 -0.9850
vn -0.0419 0.1171 -0.9922
vn 0.0083 0.0930 -0.9956
vn -0.0111 0.9237 0.3829
vn -0.0538 0.9242 0.3781
vn -0.1368 0.9300 0.3412
vn -0.1103 0.7976 -0.5930
vn -0.0479 0.8227 -0.5665
vn -0.0142 0.8318 -0.5548
vn -0.1446 0.9424 0.3015
vn -0.0727 0.9396 0.3346
vn -0.0264 0.9406 0.3384
vn -0.0014 0.9515 -0.3077
vn -0.0017 0.9843 -0.1764
vn -0.0019 0.9938 -0.1113
vn -0.3327 0.3899 -0.8587
vn -0.2445 0.4103 -0.8786
vn -0.1350 0.4277 -0.8938
vn -0.0866 0.9957 -0.0329
vn -0.0341 0.9994 -0.0102
vn -0.0107 0.9999 0.0039
vn -0.2951 0.3610 -0.8846
vn -0.0670 0.2193 -0.9733
vn -0.0133 0.1558 -0.9877
vn -0.4977 0.1707 -0.8504
vn -0.4924 0.1841 -0.8506
vn -0.2863 0.1479 -0.9467
vn -0.1749 -0.2770 -0.9448
vn -0.0735 -0.2246 -0.9717
vn -0.0207 -0.2013 -0.9793
vn -0.2009 0.2342 -0.9512
vn -0.1105 0.2874 -0.9514
vn -0.0470 0.3297 -0.9429
vn -0.6548 0.4754 -0.5876
vn -0.4543 0.4345 -0.7777
vn -0.3631 0.3861 -0.8480
vn -0.0812 0.9964 -0.0251
vn -0.0340 0.9994 -0.0020
vn -0.0122 0.9999 0.0111
vn -0.7831 -0.1323 -0.6076
vn -0.6701 -0.1298 -0.7308
vn -0.6467 -0.1898 -0.7387
vn -0.4427 0.4471 -0.7772
vn -0.2549 0.3555 -0.8992
vn -0.1978 0.3112 -0.9295
vn -0.0989 0.9926 -0.0703
vn -0.0395 0.9968 -0.0697
vn -0.0139 0.9970 -0.0758
vn -0.3806 0.2145 -0.8995
vn -0.2829 0.1824 -0.9416
vn -0.1575 0.1581 -0.9748
vn -0.2581 0.9570 -0.1328
vn -0.2666 0.9473 -0.1775
vn -0.2700 0.9384 -0.2154
vn -0.0000 0.9331 0.3596
vn -0.0000 0.9384 0.3456
vn -0.0000 0.9410 0.3383
vn -0.0002 0.0775 -0.9970
vn -0.0001 0.0321 -0.9995
vn -0.0000 0.0072 -1.0000
vn -0.0020 0.9966 -0.0821
vn -0.0020 0.9966 -0.0820
vn -0.0039 0.9999 0.0133
vn -0.0041 0.9999 0.0149
vn -0.0044 0.9999 0.0149
vn 0.0002 0.8024 0.5968
vn -0.0004 0.8406 0.5416
vn -0.0002 0.8619 0.5070
vn -0.0000 0.4354 -0.9002
vn -0.0000 0.4640 -0.8858
vn -0.0000 0.4607 -0.8876
vn 0.0006 -0.1959 -0.9806
vn 0.0004 -0.0428 -0.9991
vn 0.0001 0.1741 -0.9847
vn -0.0002 0.4720 0.8816
vn 0.0010 0.4275 0.9040
vn 0.0014 0.5654 0.8248
vn -0.0036 0.9978 -0.0659
vn -0.0037 0.9991 -0.0411
vn -0.0037 0.9999 -0.0137
vn -0.0000 0.3871 -0.9221
vn -0.0000 0.3186 -0.9479
vn -0.0000 0.2356 -0.9718
vn -0.0000 0.8887 0.4585
vn 0.0002 0.9020 0.4317
vn 0.0002 0.9141 0.4055
vn -0.0020 0.9991 0.0420
vn -0.0021 0.9962 0.0870
vn -0.0023 0.9879 0.1553
vn -0.0028 0.9402 0.3407
vn -0.0028 0.8975 0.4410
vn -0.0026 0.8239 0.5667
vn -0.0000 0.5573 -0.8303
vn 0.0006 0.2127 -0.9771
vn 0.0008 -0.0502 -0.9987
vn -0.5216 0.6700 0.5283
vn -0.3406 0.6305 0.6975
vn -0.3289 0.5834 0.7426
vn -0.5894 0.7968 0.1327
vn -0.5941 0.7471 0.2981
vn -0.6686 0.6560 0.3502
vn -0.3480 0.5732 0.7418
vn -0.3055 0.5368 0.7864
vn -0.3083 0.5243 0.7937
vn -0.4003 0.5610 0.7246
vn -0.5004 0.5569 0.6629
vn -0.6571 0.5251 0.5408
vn -0.6145 0.5838 -0.5307
vn -0.6366 0.6244 -0.4526
vn -0.5922 0.6098 -0.5267
vn -0.2953 -0.7150 -0.6338
vn -0.2535 -0.7624 -0.5953
vn -0.2822 -0.7614 -0.5837
vn -0.3368 0.6681 -0.6635
vn -0.2635 0.4437 -0.8566
vn -0.2110 0.2266 -0.9509
vn -0.4749 0.8707 0.1279
vn -0.4622 0.8854 -0.0506
vn -0.4394 0.8710 -0.2199
vn -0.1936 -0.0372 -0.9804
vn -0.2177 -0.1547 -0.9637
vn -0.2799 -0.3375 -0.8987
vn -0.2058 -0.8377 0.5059
vn -0.2578 -0.9429 0.2108
vn -0.3648 -0.8977 -0.2473
vn -0.4759 0.7159 0.5109
vn -0.4605 0.6062 0.6484
vn -0.4507 0.5159 0.7285
vn -0.4229 0.3423 0.8391
vn -0.3730 0.1260 0.9192
vn -0.2915 -0.1987 0.9357
vn -0.2136 0.1148 -0.9701
vn -0.2785 0.1957 -0.9403
vn -0.3912 0.3259 -0.8607
vn -0.5672 0.6214 0.5405
vn -0.7369 0.6619 0.1369
vn -0.7092 0.5445 -0.4478
vn -0.4363 0.8479 -0.3013
vn -0.4601 0.7439 -0.4846
vn -0.4828 0.5637 -0.6702
vn -0.4331 0.8964 0.0941
vn -0.4305 0.9026 -0.0027
vn -0.4271 0.8997 -0.0899
vn -0.4918 0.0410 -0.8698
vn -0.4750 -0.2503 -0.8437
vn -0.4399 -0.5323 -0.7233
vn -0.4894 -0.7274 0.4811
vn -0.5089 -0.8520 0.1227
vn -0.4696 -0.8407 -0.2695
vn -0.4293 0.8396 0.3328
vn -0.4287 0.7644 0.4815
vn -0.4257 0.6555 0.6238
vn -0.4462 0.3452 0.8256
vn -0.4795 0.0826 0.8736
vn -0.4830 -0.2572 0.8370
vn -0.3193 0.1435 -0.9367
vn -0.2321 0.0733 -0.9699
vn -0.1964 0.0597 -0.9787
vn -0.4130 0.8741 -0.2555
vn -0.4046 0.8554 -0.3233
vn -0.3989 0.8339 -0.3813
vn -0.2798 0.3721 0.8850
vn -0.2912 0.3798 0.8781
vn -0.3400 0.4278 0.8375
vn -0.3468 -0.5524 0.7580
vn -0.2781 -0.5602 0.7803
vn -0.2331 -0.5636 0.7925
vn -0.4197 0.8674 0.2672
vn -0.4164 0.8524 0.3163
vn -0.4223 0.8346 0.3536
vn -0.8364 0.3824 -0.3928
vn -0.8100 0.0158 -0.5862
vn -0.5602 -0.4465 -0.6977
vn -0.4822 0.5617 -0.6723
vn -0.4412 0.4819 -0.7570
vn -0.4574 0.4459 -0.7694
vn -0.4199 0.7898 -0.4471
vn -0.4659 0.7644 -0.4458
vn -0.5348 0.7223 -0.4386
vn -0.3447 0.5072 0.7899
vn -0.3518 0.4657 0.8120
vn -0.4874 0.4689 0.7366
vn -0.3067 -0.5578 0.7712
vn -0.5679 -0.2965 0.7678
vn -0.7683 0.1661 0.6181
vn -0.5000 0.8034 0.3235
vn -0.4967 0.7873 0.3655
vn -0.5135 0.7327 0.4466
vn -0.8589 0.4743 -0.1931
vn -0.8893 0.3902 -0.2386
vn -0.8496 0.4386 -0.2930
vn -0.6040 0.5350 -0.5907
vn -0.6714 0.5783 -0.4635
vn -0.7274 0.5779 -0.3701
vn 0.5141 0.8109 -0.2796
vn 0.3987 0.9157 -0.0507
vn 0.3175 0.9435 0.0946
vn 0.2701 0.6916 0.6699
vn 0.2033 0.8350 0.5112
vn 0.1340 0.9219 0.3636
vn 0.2832 0.9147 -0.2884
vn 0.2741 0.8881 -0.3689
vn 0.2496 0.8330 -0.4937
vn 0.4581 0.2048 -0.8650
vn 0.4413 0.1730 -0.8805
vn 0.4193 0.1521 -0.8950
vn 0.1146 0.0117 -0.9933
vn 0.2127 0.0454 -0.9761
vn 0.3038 0.0919 -0.9483
vn 0.0027 0.9695 0.2449
vn 0.0161 0.9687 0.2477
vn 0.0428 0.9663 0.2540
vn 0.2565 0.9247 0.2812
vn 0.2626 0.9099 0.3211
vn 0.2701 0.8874 0.3736
vn 0.3258 0.3009 -0.8963
vn 0.3453 0.3497 -0.8709
vn 0.3758 0.3663 -0.8512
vn 0.0070 0.8762 0.4819
vn 0.0491 0.8762 0.4795
vn 0.1398 0.8723 0.4686
vn 0.4096 0.3272 -0.8516
vn 0.4727 0.3427 -0.8119
vn 0.4621 0.3576 -0.8116
vn 0.5436 -0.0442 -0.8382
vn 0.4545 0.0390 -0.8899
vn 0.5943 0.5372 -0.5985
vn 0.2064 0.9771 -0.0512
vn 0.2075 0.9767 -0.0540
vn 0.2089 0.9762 -0.0578
vn 0.6794 0.7308 -0.0657
vn 0.6378 0.7670 -0.0699
vn 0.5985 0.7963 -0.0874
vn 0.7327 0.5946 -0.3311
vn 0.6838 0.5484 -0.4813
vn 0.6437 0.5908 -0.4864
vn 0.3442 0.4241 0.8376
vn 0.3478 0.2956 0.8897
vn 0.3376 0.3261 0.8830
vn 0.2942 0.4934 -0.8186
vn 0.3451 0.1316 -0.9293
vn 0.3416 -0.1670 -0.9249
vn 0.4753 0.8737 -0.1035
vn 0.8292 0.5456 -0.1215
vn 0.9952 0.0451 -0.0868
vn 0.9585 -0.2699 0.0914
vn 0.9506 -0.2940 0.0998
vn 0.9435 -0.3297 0.0317
vn 0.0112 0.6624 0.7490
vn 0.0499 0.6458 0.7619
vn 0.1378 0.6015 0.7869
vn 0.7013 -0.3871 -0.5986
vn 0.6270 -0.4311 -0.6488
vn 0.4940 -0.4155 -0.7638
vn 0.3074 -0.3772 -0.8736
vn 0.3153 -0.2438 -0.9171
vn 0.3214 -0.0152 -0.9468
vn 0.0697 0.9976 0.0036
vn 0.0251 0.9996 0.0151
vn 0.0055 0.9998 0.0208
vn 0.9136 -0.2054 -0.3509
vn 0.8509 -0.1448 -0.5050
vn 0.7758 -0.2206 -0.5912
vn 0.9733 -0.0123 0.2293
vn 0.9823 -0.0335 0.1844
vn 0.9936 -0.0659 0.0919
vn 0.7826 -0.6188 0.0671
vn 0.6706 -0.7100 0.2148
vn 0.8736 -0.3929 0.2872
vn 0.2895 0.8134 0.5045
vn 0.2977 0.7647 0.5715
vn 0.3074 0.6993 0.6454
vn 0.5089 0.2365 -0.8277
vn 0.5067 0.1791 -0.8433
vn 0.4372 0.1622 -0.8846
vn 0.4083 0.9128 -0.0025
vn 0.7419 0.6681 0.0569
vn 0.9476 0.2769 0.1591
vn 0.6883 0.3339 -0.6439
vn 0.7043 0.3486 -0.6184
vn 0.6492 0.3496 -0.6756
vn 0.0156 0.7156 0.6983
vn 0.0578 0.7021 0.7097
vn 0.1522 0.6655 0.7307
vn 0.6369 0.3519 -0.6860
vn 0.6270 0.2970 -0.7201
vn 0.6157 0.2068 -0.7604
vn 0.9693 -0.1748 -0.1728
vn 0.9475 -0.2767 -0.1602
vn 0.9684 0.0360 -0.2469
vn 0.5567 0.8187 0.1407
vn 0.5738 0.7920 0.2085
vn 0.6250 0.7625 0.1672
vn 0.1865 0.9821 -0.0253
vn 0.1954 0.9799 -0.0410
vn 0.2014 0.9782 -0.0505
vn 0.4247 -0.3987 -0.8128
vn 0.0476 -0.5032 -0.8628
vn 0.0990 -0.9615 -0.2563
vn 0.9991 -0.0341 0.0271
vn 0.9797 -0.1369 -0.1467
vn 0.9581 -0.2158 -0.1881
vn 0.3618 0.9224 0.1353
vn 0.4550 0.8905 0.0085
vn 0.5594 0.8085 -0.1826
vn 0.5479 0.4775 0.6869
vn 0.7431 0.3676 0.5591
vn 0.9028 0.2301 0.3634
vn 0.7130 -0.4978 -0.4937
vn 0.6030 -0.6569 -0.4526
vn 0.8140 -0.5794 -0.0406
vn 0.1308 0.6821 0.7195
vn -0.1229 0.5918 0.7966
vn 0.1724 0.6142 0.7701
vn 0.5614 0.3440 0.7526
vn 0.7743 0.1849 0.6052
vn 0.9043 0.0954 0.4161
vn 0.4330 0.8171 0.3808
vn 0.5714 0.7657 0.2954
vn 0.7388 0.6686 0.0841
vn 0.9144 -0.3882 -0.1146
vn 0.8663 -0.4683 -0.1738
vn 0.8541 -0.4837 -0.1912
vn 0.4686 0.8801 -0.0770
vn 0.8294 0.5543 -0.0698
vn 0.9975 0.0562 -0.0419
vn 0.6766 0.6475 -0.3507
vn 0.7471 0.6170 -0.2472
vn 0.7844 0.5902 -0.1909
vn 0.1172 0.9747 0.1905
vn 0.1463 0.9838 0.1038
vn 0.1672 0.9855 0.0305
vn 0.5524 -0.3332 -0.7641
vn 0.2334 -0.6431 -0.7293
vn 0.3509 -0.4950 -0.7949
vn 0.0869 0.9938 -0.0687
vn 0.0310 0.9971 -0.0690
vn 0.0069 0.9971 -0.0760
vn 0.2279 0.9690 -0.0952
vn 0.2339 0.9673 -0.0983
vn 0.2418 0.9647 -0.1047
vn 0.8685 0.2222 0.4431
vn 0.8031 0.4119 0.4305
vn 0.7230 0.5847 0.3680
vn 0.7789 0.6272 0.0058
vn 0.7991 0.5837 -0.1441
vn 0.7756 0.5655 -0.2804
vn -0.1517 0.0757 -0.9855
vn -0.0534 0.1517 -0.9870
vn 0.2492 0.3251 -0.9122
vn 0.9339 -0.2209 -0.2810
vn 0.9882 -0.1047 -0.1116
vn 0.9870 0.0127 0.1604
vn 0.7379 0.6746 -0.0194
vn 0.7502 0.6265 -0.2112
vn 0.7454 0.5694 -0.3466
vn 0.5044 0.8422 -0.1906
vn 0.8318 0.4510 -0.3237
vn 0.9269 -0.0317 -0.3739
vn 0.9158 -0.1993 -0.3486
vn 0.9149 -0.1765 -0.3631
vn 0.9051 -0.1612 -0.3936
vn 0.9496 0.3110 -0.0384
vn 0.8869 0.4289 -0.1716
vn 0.8433 0.4768 -0.2480
vn 0.7811 0.4133 -0.4681
vn 0.8004 0.3386 -0.4946
vn 0.8142 0.2715 -0.5132
vn 0.7577 0.5183 -0.3965
vn 0.7222 0.5359 -0.4373
vn 0.6879 0.5381 -0.4871
vn 0.8864 0.0047 -0.4630
vn 0.8722 0.2477 -0.4218
vn 0.8262 0.4173 -0.3786
vn 0.0005 0.9969 -0.0788
vn 0.0001 0.9968 -0.0798
vn -0.0001 0.9968 -0.0804
vn 0.6533 0.5872 -0.4779
vn 0.5661 0.4171 -0.7110
vn 0.6304 0.4055 -0.6619
vn 0.7393 0.1873 0.6468
vn 0.5250 0.0180 0.8509
vn 0.6437 -0.0462 0.7639
vn 0.5984 0.5021 -0.6244
vn 0.6060 0.5031 -0.6162
vn 0.6192 0.5015 -0.6043
vn 0.5495 0.8012 -0.2371
vn 0.8372 0.3836 -0.3899
vn 0.8893 -0.0374 -0.4557
vn 0.4358 0.3641 -0.8231
vn 0.4563 0.3350 -0.8243
vn 0.4667 0.2959 -0.8335
vn 0.9266 -0.3572 -0.1176
vn 0.9031 -0.3317 -0.2726
vn 0.8906 -0.2888 -0.3513
vn 0.6048 0.7092 -0.3624
vn 0.6351 0.7662 -0.0979
vn 0.6409 0.7418 0.1974
vn 0.2301 0.9472 0.2235
vn 0.2376 0.9442 0.2279
vn 0.2445 0.9403 0.2369
vn 0.5429 0.8064 -0.2343
vn 0.5207 0.8370 -0.1684
vn 0.6243 0.7646 -0.1604
vn 0.2141 0.9738 -0.0769
vn 0.2170 0.9719 -0.0915
vn 0.2198 0.9705 -0.0986
vn 0.7687 0.1085 -0.6304
vn 0.7441 0.1784 -0.6438
vn 0.6820 0.4738 -0.5571
vn 0.8101 0.5380 -0.2328
vn 0.8535 0.5107 -0.1036
vn 0.8756 0.4457 -0.1859
vn 0.5840 0.6661 -0.4639
vn 0.7784 0.1365 -0.6128
vn 0.7463 -0.2414 -0.6202
vn 0.6320 0.5253 -0.5698
vn 0.6131 0.5162 -0.5980
vn 0.6007 0.5089 -0.6166
vn 0.8122 0.5307 -0.2423
vn 0.8099 0.5442 -0.2188
vn 0.7639 0.5495 -0.3383
vn 0.2582 0.2836 -0.9235
vn 0.2291 0.2507 -0.9406
vn 0.1920 0.2141 -0.9578
vn 0.6717 -0.1379 -0.7278
vn 0.6055 0.0863 -0.7911
vn 0.5120 0.2474 -0.8226
vn 0.1676 -0.4548 -0.8747
vn -0.1116 -0.6725 -0.7316
vn 0.2827 -0.1664 -0.9447
vn 0.3740 0.3420 -0.8620
vn 0.3343 0.3436 -0.8776
vn 0.3054 0.3325 -0.8923
vn 0.6881 0.5765 0.4406
vn 0.7560 0.5927 0.2780
vn 0.7290 0.6729 0.1251
vn 0.3727 0.2389 -0.8967
vn 0.5150 0.2750 -0.8119
vn 0.5282 0.2735 -0.8039
vn 0.1091 0.9846 -0.1369
vn 0.0376 0.9945 -0.0981
vn 0.0089 0.9961 -0.0880
vn 0.0949 0.1442 -0.9850
vn 0.0417 0.1171 -0.9922
vn -0.0093 0.0952 -0.9954
vn 0.0111 0.9238 0.3827
vn 0.0537 0.9242 0.3780
vn 0.1367 0.9300 0.3412
vn 0.1123 0.7964 -0.5943
vn 0.0472 0.8224 -0.5670
vn 0.0127 0.8318 -0.5550
vn 0.1430 0.9429 0.3007
vn 0.0726 0.9396 0.3344
vn 0.0264 0.9407 0.3383
vn 0.3348 0.3919 -0.8569
vn 0.2468 0.4122 -0.8771
vn 0.1357 0.4283 -0.8934
vn 0.0831 0.9960 -0.0319
vn 0.0295 0.9995 -0.0097
vn 0.0064 1.0000 0.0039
vn 0.2953 0.3611 -0.8845
vn 0.0672 0.2192 -0.9734
vn 0.0134 0.1557 -0.9877
vn 0.4950 0.1845 -0.8491
vn 0.4909 0.1956 -0.8490
vn 0.2854 0.1551 -0.9458
vn 0.1645 -0.2636 -0.9505
vn 0.0705 -0.2173 -0.9736
vn 0.0217 -0.1991 -0.9797
vn 0.2003 0.2336 -0.9515
vn 0.1102 0.2871 -0.9515
vn 0.0470 0.3296 -0.9429
vn 0.6547 0.4730 -0.5896
vn 0.4534 0.4337 -0.7786
vn 0.3622 0.3861 -0.8483
vn 0.0807 0.9965 -0.0213
vn 0.0300 0.9995 -0.0005
vn 0.0079 0.9999 0.0116
vn 0.7835 -0.1263 -0.6084
vn 0.6716 -0.1250 -0.7303
vn 0.6501 -0.1863 -0.7367
vn 0.4430 0.4472 -0.7770
vn 0.2551 0.3555 -0.8992
vn 0.1978 0.3111 -0.9296
vn 0.0988 0.9923 -0.0751
vn 0.0363 0.9968 -0.0708
vn 0.0099 0.9971 -0.0759
vn 0.3811 0.2152 -0.8992
vn 0.2819 0.1829 -0.9419
vn 0.1568 0.1583 -0.9749
vn 0.2626 0.9541 -0.1442
vn 0.2722 0.9432 -0.1904
vn 0.2774 0.9329 -0.2298
vn -0.0004 0.9999 0.0132
vn -0.0002 0.9999 0.0149
vn 0.0001 0.9999 0.0150
vn -0.0004 0.9978 -0.0659
vn -0.0005 0.9992 -0.0412
vn -0.0006 0.9999 -0.0138
vn 0.4938 0.6679 0.5569
vn 0.3269 0.6305 0.7040
vn 0.3389 0.5884 0.7342
vn 0.5820 0.8006 0.1423
vn 0.5577 0.7498 0.3561
vn 0.5607 0.6842 0.4664
vn 0.4311 0.7252 0.5368
vn 0.4029 0.5751 0.7120
vn 0.3748 0.5374 0.7555
vn 0.3582 0.6159 0.7017
vn 0.3572 0.6670 0.6538
vn 0.4258 0.6396 0.6400
vn 0.6781 0.6440 -0.3541
vn 0.6530 0.7227 -0.2265
vn 0.6351 0.7326 -0.2450
vn 0.6233 0.1907 -0.7584
vn 0.8174 0.0318 -0.5753
vn 0.9070 -0.2747 -0.3191
vn 0.4403 0.4813 -0.7579
vn 0.4433 0.2009 -0.8736
vn 0.4415 -0.0318 -0.8967
vn 0.3706 0.9239 -0.0948
vn 0.3872 0.8861 -0.2549
vn 0.4049 0.8188 -0.4069
vn 0.4549 -0.2658 -0.8499
vn 0.4493 -0.1997 -0.8708
vn 0.3697 0.1172 -0.9217
vn 0.1036 -0.5903 0.8005
vn 0.3866 -0.7639 0.5167
vn 0.7840 -0.4947 -0.3750
vn 0.2330 0.9691 0.0813
vn -0.8854 0.1879 0.4251
vn -0.8350 0.2022 0.5118
vn -0.5473 0.1239 0.8277
vn -0.4605 -0.0602 0.8856
vn -0.3797 -0.0036 0.9251
vn 0.4704 -0.1265 -0.8734
vn 0.5337 0.0068 -0.8457
vn 0.6327 0.2505 -0.7328
vn 0.3450 0.8477 0.4029
vn 0.6100 0.7901 0.0598
vn 0.7469 0.5006 -0.4376
vn 0.4202 0.7750 -0.4721
vn 0.5007 0.6267 -0.5971
vn 0.5885 0.4063 -0.6990
vn 0.3087 0.9423 -0.1294
vn 0.3312 0.9173 -0.2211
vn 0.3512 0.8869 -0.3002
vn 0.7182 -0.0862 -0.6905
vn 0.7517 -0.3616 -0.5516
vn 0.7585 -0.5544 -0.3426
vn 0.4095 -0.4182 0.8108
vn 0.5657 -0.6083 0.5568
vn 0.7101 -0.6785 0.1883
vn 0.2483 0.9627 0.1073
vn 0.2143 0.9392 0.2682
vn 0.1842 0.8823 0.4331
vn 0.1827 0.6597 0.7289
vn 0.2257 0.4338 0.8723
vn 0.2681 0.1025 0.9579
vn 0.5388 -0.0842 -0.8382
vn 0.4715 -0.1871 -0.8618
vn 0.4429 -0.2095 -0.8717
vn 0.3837 0.8092 -0.4450
vn 0.3952 0.7692 -0.5021
vn 0.4071 0.7301 -0.5488
vn 0.0042 0.6755 0.7373
vn 0.0185 0.6897 0.7238
vn 0.0677 0.7287 0.6815
vn 0.1807 -0.2460 0.9523
vn 0.1228 -0.2519 0.9599
vn 0.0765 -0.2523 0.9646
vn 0.2525 0.9670 0.0333
vn 0.2374 0.9678 0.0840
vn 0.2318 0.9639 0.1307
vn 0.5821 0.6444 -0.4959
vn 0.4628 0.4564 -0.7600
vn 0.3665 0.2693 -0.8906
vn 0.6047 0.4907 -0.6273
vn 0.6295 0.4036 -0.6640
vn 0.6512 0.4010 -0.6443
vn 0.4542 0.6708 -0.5863
vn 0.5097 0.6448 -0.5696
vn 0.6066 0.5883 -0.5347
vn 0.3602 0.5592 0.7467
vn 0.1694 0.5325 0.8293
vn -0.8641 -0.3867 0.3222
vn -0.0814 -0.4066 0.9100
vn 0.2165 -0.1216 0.9687
vn 0.4835 0.3607 0.7976
vn 0.5388 0.8335 -0.1227
vn 0.6256 0.7585 -0.1824
vn 0.7449 0.6548 -0.1280
vn 0.6740 0.7366 0.0567
vn 0.6791 0.7256 -0.1108
vn 0.6454 0.7210 -0.2520
vn 0.6846 0.6049 -0.4067
vn 0.6599 0.6933 -0.2895
vn 0.6402 0.7218 -0.2629
vn -0.7424 -0.2828 -0.6073
vn -0.7724 0.1177 -0.6242
vn -0.5706 0.6596 -0.4891
vn -0.6733 -0.2820 -0.6835
vn -0.6953 0.1111 -0.7101
vn -0.5209 0.6246 -0.5818
vn -0.5377 -0.2478 -0.8059
vn -0.5486 0.1073 -0.8292
vn -0.4288 0.5623 -0.7071
vn -0.0104 0.8258 0.5638
vn -0.0095 0.8983 0.4394
vn -0.0088 0.9402 0.3406
vn -0.0360 0.8179 0.5743
vn -0.0268 0.8960 0.4432
vn -0.0221 0.9397 0.3412
vn -0.1057 0.7835 0.6123
vn -0.0749 0.8819 0.4655
vn -0.0520 0.9363 0.3474
vn -0.0091 0.9991 0.0403
vn -0.0267 0.9990 0.0351
vn -0.0641 0.9976 0.0261
vn -0.0085 0.9963 0.0855
vn -0.0243 0.9963 0.0820
vn -0.0564 0.9952 0.0798
vn -0.0080 0.9880 0.1545
vn -0.0218 0.9880 0.1529
vn -0.0470 0.9871 0.1530
vn -0.0086 0.9132 0.4074
vn -0.0070 0.9017 0.4323
vn -0.0067 0.8888 0.4582
vn -0.0509 0.9146 0.4012
vn -0.0491 0.9034 0.4260
vn -0.0493 0.8904 0.4526
vn -0.1365 0.9212 0.3643
vn -0.1369 0.9091 0.3935
vn -0.1379 0.8929 0.4286
vn -0.3912 0.2729 -0.8789
vn -0.4019 0.3001 -0.8651
vn -0.4072 0.3184 -0.8561
vn -0.5115 0.3078 -0.8023
vn -0.5029 0.3315 -0.7982
vn -0.4901 0.3430 -0.8013
vn -0.5213 0.3103 -0.7949
vn -0.5086 0.3393 -0.7913
vn -0.4892 0.3548 -0.7967
vn -0.5769 0.7995 0.1673
vn -0.5624 0.7862 0.2560
vn -0.5421 0.7479 0.3831
vn -0.5395 0.7449 0.3926
vn -0.4691 0.7267 0.5019
vn -0.3963 0.6893 0.6066
vn -0.5749 0.6507 0.4961
vn -0.4726 0.6443 0.6012
vn -0.3893 0.6238 0.6778
vn -0.0103 0.9977 -0.0673
vn -0.0341 0.9974 -0.0632
vn -0.0884 0.9939 -0.0659
vn -0.0097 0.9991 -0.0415
vn -0.0332 0.9985 -0.0444
vn -0.0869 0.9947 -0.0551
vn -0.0103 0.9999 -0.0117
vn -0.0336 0.9992 -0.0221
vn -0.0867 0.9954 -0.0412
vn -0.9764 0.2159 -0.0077
vn -0.7861 0.6149 -0.0630
vn -0.4476 0.8908 -0.0787
vn -0.9735 0.2287 -0.0060
vn -0.7828 0.6193 -0.0602
vn -0.4476 0.8909 -0.0776
vn -0.9729 0.2297 -0.0260
vn -0.7826 0.6184 -0.0718
vn -0.4489 0.8898 -0.0824
vn -0.9470 0.2838 0.1504
vn -0.9925 0.0857 0.0868
vn -0.9983 -0.0101 0.0578
vn -0.9092 0.4121 0.0594
vn -0.9822 0.1765 0.0637
vn -0.9978 0.0367 0.0549
vn -0.8850 0.4630 -0.0492
vn -0.9728 0.2315 -0.0021
vn -0.9979 0.0642 0.0128
vn -0.0162 0.5603 0.8281
vn -0.0154 0.4247 0.9052
vn -0.0140 0.4729 0.8810
vn -0.0639 0.5400 0.8392
vn -0.0634 0.4037 0.9127
vn -0.0583 0.4531 0.8896
vn -0.1621 0.4989 0.8514
vn -0.1640 0.3627 0.9174
vn -0.1559 0.4079 0.8996
vn -0.5810 0.1080 -0.8067
vn -0.6478 -0.0953 -0.7558
vn -0.6782 -0.2968 -0.6723
vn -0.5573 0.0007 -0.8303
vn -0.5914 -0.2315 -0.7724
vn -0.5997 -0.4018 -0.6920
vn -0.4648 -0.0413 -0.8845
vn -0.4760 -0.2825 -0.8328
vn -0.4748 -0.4305 -0.7676
vn -0.4162 0.3287 -0.8478
vn -0.4301 0.3206 -0.8440
vn -0.4588 0.2957 -0.8379
vn -0.4626 0.3342 -0.8212
vn -0.4584 0.3151 -0.8310
vn -0.4708 0.2734 -0.8388
vn -0.4405 0.3491 -0.8271
vn -0.4225 0.3272 -0.8452
vn -0.4195 0.2775 -0.8643
vn -0.0088 0.8622 0.5065
vn -0.0113 0.8404 0.5418
vn -0.0138 0.8005 0.5992
vn -0.0503 0.8596 0.5084
vn -0.0516 0.8360 0.5463
vn -0.0545 0.7928 0.6070
vn -0.1416 0.8473 0.5120
vn -0.1422 0.8158 0.5606
vn -0.1439 0.7654 0.6272
vn -0.2870 0.5308 0.7974
vn -0.4790 0.5684 0.6690
vn -0.3708 0.5031 0.7806
vn -0.2997 0.5197 0.8001
vn -0.2796 0.5244 0.8043
vn -0.2929 0.5415 0.7880
vn -0.3064 0.5672 0.7645
vn -0.4690 -0.3613 -0.8060
vn -0.5727 -0.3737 -0.7297
vn -0.7548 -0.3368 -0.5629
vn -0.0501 -0.5577 -0.8286
vn -0.1335 -0.5495 -0.8248
vn -0.3706 -0.5664 -0.7361
vn 0.1367 -0.5968 -0.7907
vn 0.0180 -0.5924 -0.8054
vn -0.8263 -0.5187 -0.2195
vn -0.9969 -0.0717 -0.0313
vn -0.9926 -0.0051 0.1211
vn -0.9836 0.0139 0.1799
vn -0.9538 -0.2353 -0.1869
vn -0.9927 -0.1130 -0.0425
vn -0.9978 -0.0649 0.0140
vn -0.9918 -0.1195 0.0449
vn -0.9930 -0.1150 -0.0272
vn -0.9945 -0.0971 -0.0395
vn -0.9543 0.2776 0.1102
vn -0.7513 0.6598 0.0133
vn -0.4142 0.9096 -0.0328
vn -0.9754 0.2199 -0.0164
vn -0.7779 0.6239 -0.0744
vn -0.4329 0.8983 -0.0756
vn -0.9810 0.1813 -0.0697
vn -0.7906 0.6029 -0.1070
vn -0.4433 0.8914 -0.0939
vn -0.3232 -0.3358 -0.8847
vn -0.3222 -0.3304 -0.8871
vn -0.3430 -0.3382 -0.8764
vn -0.0113 -0.6461 -0.7631
vn 0.0106 -0.6386 -0.7695
vn 0.0064 -0.6239 -0.7815
vn -0.0640 -0.5645 -0.8230
vn 0.0331 -0.6413 -0.7666
vn 0.0782 -0.6610 -0.7463
vn -0.0108 0.9999 0.0084
vn -0.0339 0.9994 -0.0067
vn -0.0858 0.9959 -0.0302
vn -0.0109 0.9999 0.0093
vn -0.0339 0.9994 -0.0061
vn -0.0847 0.9960 -0.0294
vn -0.0116 0.9999 0.0083
vn -0.0341 0.9994 -0.0055
vn -0.0832 0.9961 -0.0283
vn -0.0114 0.9998 0.0150
vn -0.0331 0.9994 0.0031
vn -0.0789 0.9967 -0.0196
vn -0.0106 0.9998 0.0165
vn -0.0315 0.9995 0.0075
vn -0.0760 0.9970 -0.0117
vn -0.0101 0.9998 0.0168
vn -0.0301 0.9995 0.0100
vn -0.0725 0.9974 -0.0045
vn -0.4591 0.7545 0.4691
vn -0.4831 0.6816 0.5495
vn -0.5082 0.5944 0.6232
vn -0.6138 0.6861 0.3907
vn -0.6525 0.5944 0.4700
vn -0.6887 0.4949 0.5299
vn -0.7799 0.5870 0.2173
vn -0.8208 0.4849 0.3019
vn -0.8477 0.3873 0.3626
vn -0.5636 0.3426 0.7517
vn -0.5758 0.2292 0.7848
vn -0.5729 0.2246 0.7883
vn -0.7509 0.2779 0.5991
vn -0.7675 0.1779 0.6158
vn -0.7737 0.1349 0.6190
vn -0.8778 0.2238 0.4236
vn -0.8873 0.1433 0.4384
vn -0.8937 0.0867 0.4402
vn -0.8383 0.5275 -0.1380
vn -0.8318 0.5304 -0.1638
vn -0.8403 0.5056 -0.1958
vn -0.8214 0.5463 -0.1642
vn -0.8193 0.5446 -0.1793
vn -0.8300 0.5226 -0.1951
vn -0.7838 0.5567 -0.2751
vn -0.7950 0.5488 -0.2584
vn -0.8107 0.5300 -0.2489
vn -0.9012 0.3254 -0.2862
vn -0.9338 0.1099 -0.3406
vn -0.9228 -0.1058 -0.3705
vn -0.8929 0.3621 -0.2677
vn -0.9334 0.1533 -0.3243
vn -0.9293 -0.0768 -0.3612
vn -0.8722 0.3958 -0.2873
vn -0.9182 0.2007 -0.3415
vn -0.9228 -0.0410 -0.3830
vn -0.5115 0.5585 0.6530
vn -0.3903 0.7853 0.4807
vn -0.2220 0.9285 0.2977
vn -0.7423 0.4101 0.5299
vn -0.5805 0.7269 0.3669
vn -0.3201 0.9273 0.1943
vn -0.8792 0.3206 0.3525
vn -0.6922 0.6902 0.2108
vn -0.3784 0.9221 0.0814
vn -0.3758 0.9106 0.1720
vn -0.3908 0.8925 0.2252
vn -0.4092 0.8633 0.2953
vn -0.4773 0.8770 0.0554
vn -0.5021 0.8566 0.1190
vn -0.5326 0.8225 0.1995
vn -0.5854 0.8006 -0.1277
vn -0.6202 0.7819 -0.0630
vn -0.6663 0.7455 0.0172
vn -0.3240 0.9405 0.1023
vn -0.3348 0.9366 0.1035
vn -0.3480 0.9306 0.1135
vn -0.4079 0.9118 -0.0469
vn -0.4193 0.9070 -0.0401
vn -0.4355 0.8999 -0.0228
vn -0.5280 0.7974 -0.2923
vn -0.5308 0.8059 -0.2622
vn -0.5412 0.8101 -0.2256
vn -0.0127 0.9965 -0.0830
vn -0.0397 0.9952 -0.0894
vn -0.1041 0.9877 -0.1170
vn -0.0129 0.9966 -0.0817
vn -0.0400 0.9957 -0.0832
vn -0.1037 0.9896 -0.0995
vn -0.0134 0.9967 -0.0797
vn -0.0401 0.9963 -0.0758
vn -0.1016 0.9915 -0.0810
vn -0.7963 0.5753 -0.1868
vn -0.7919 0.5934 -0.1443
vn -0.8038 0.5844 -0.1114
vn -0.7984 0.5648 -0.2087
vn -0.7956 0.5778 -0.1823
vn -0.8036 0.5758 -0.1506
vn -0.7554 0.5557 -0.3471
vn -0.7551 0.5617 -0.3382
vn -0.7621 0.5649 -0.3165
vn -0.9268 -0.0052 -0.3756
vn -0.8278 0.4623 -0.3177
vn -0.5005 0.8452 -0.1874
vn -0.9282 -0.0148 -0.3717
vn -0.8369 0.4446 -0.3192
vn -0.5138 0.8366 -0.1902
vn -0.9193 -0.0297 -0.3924
vn -0.8435 0.4169 -0.3387
vn -0.5301 0.8237 -0.2015
vn -0.8656 0.4600 -0.1976
vn -0.8513 0.4762 -0.2200
vn -0.8281 0.5099 -0.2328
vn -0.8486 0.5128 -0.1304
vn -0.8377 0.5208 -0.1647
vn -0.8227 0.5338 -0.1952
vn -0.8054 0.5367 -0.2517
vn -0.7909 0.5417 -0.2846
vn -0.7759 0.5459 -0.3162
vn -0.0128 0.9972 -0.0733
vn -0.0383 0.9970 -0.0668
vn -0.0964 0.9931 -0.0666
vn -0.0116 0.9971 -0.0753
vn -0.0368 0.9971 -0.0672
vn -0.0939 0.9934 -0.0664
vn -0.0112 0.9970 -0.0763
vn -0.0359 0.9970 -0.0685
vn -0.0918 0.9935 -0.0674
vn -0.4028 0.5111 -0.7593
vn -0.4107 0.4983 -0.7636
vn -0.5154 0.5099 -0.6887
vn -0.5426 0.5561 -0.6296
vn -0.5749 0.5335 -0.6204
vn -0.6237 0.5003 -0.6005
vn -0.6995 0.5670 -0.4350
vn -0.7309 0.5413 -0.4157
vn -0.7601 0.5001 -0.4149
vn -0.3220 -0.4966 -0.8060
vn -0.3365 -0.4487 -0.8279
vn -0.3399 -0.3997 -0.8513
vn -0.2139 -0.6364 -0.7411
vn -0.1830 -0.6264 -0.7578
vn -0.1247 -0.6276 -0.7685
vn -0.6248 -0.1962 -0.7557
vn -0.5631 -0.1809 -0.8063
vn -0.4298 -0.2372 -0.8712
vn -0.7815 0.3944 -0.4834
vn -0.9133 0.1796 -0.3657
vn -0.9587 -0.0213 -0.2837
vn -0.7816 0.3113 -0.5405
vn -0.8612 0.1006 -0.4982
vn -0.8905 -0.1002 -0.4439
vn -0.8432 0.2845 -0.4562
vn -0.8772 0.0649 -0.4757
vn -0.8734 -0.1354 -0.4679
vn -0.5952 0.7841 0.1761
vn -0.6195 0.7676 0.1645
vn -0.6168 0.7720 0.1536
vn -0.6065 0.7830 0.1383
vn -0.6218 0.7497 0.2267
vn -0.6730 0.7053 0.2226
vn -0.6294 0.7613 0.1560
vn -0.5963 0.7970 0.0966
vn -0.5579 0.8220 0.1143
vn -0.5574 0.8185 0.1390
vn -0.5744 0.7952 0.1941
vn -0.2731 0.1539 -0.9496
vn -0.3117 0.1780 -0.9333
vn -0.3458 0.2054 -0.9156
vn -0.4861 0.1943 -0.8520
vn -0.5016 0.2168 -0.8375
vn -0.5114 0.2420 -0.8246
vn -0.5085 0.1860 -0.8407
vn -0.5194 0.2104 -0.8282
vn -0.5265 0.2375 -0.8163
vn -0.5104 0.4294 -0.7450
vn -0.4235 0.4613 -0.7797
vn -0.4149 0.4960 -0.7628
vn -0.4597 0.3787 -0.8033
vn -0.4620 0.4758 -0.7485
vn -0.4926 0.5274 -0.6922
vn -0.5830 0.4550 -0.6731
vn -0.6022 0.5397 -0.5883
vn -0.6327 0.5760 -0.5176
vn -0.9646 0.1404 -0.2232
vn -0.8015 0.5637 -0.1995
vn -0.4652 0.8750 -0.1342
vn -0.9262 0.0591 -0.3724
vn -0.8036 0.5118 -0.3037
vn -0.4748 0.8620 -0.1777
vn -0.9032 0.0118 -0.4291
vn -0.8046 0.4821 -0.3467
vn -0.4817 0.8540 -0.1965
vn -0.0235 0.9399 0.3408
vn -0.0190 0.9371 0.3486
vn -0.0146 0.9319 0.3625
vn -0.0677 0.9387 0.3380
vn -0.0626 0.9360 0.3464
vn -0.0578 0.9314 0.3595
vn -0.1393 0.9416 0.3067
vn -0.1380 0.9395 0.3134
vn -0.1373 0.9358 0.3246
vn -0.5941 0.5397 -0.5965
vn -0.6568 0.5483 -0.5177
vn -0.7161 0.4620 -0.5232
vn -0.4704 0.1057 -0.8761
vn -0.5448 0.1786 -0.8194
vn -0.5961 0.1415 -0.7904
vn -0.5720 0.0527 -0.8186
vn -0.6087 0.1485 -0.7794
vn -0.6351 0.1743 -0.7525
vn -0.3186 0.0982 -0.9428
vn -0.3429 0.1247 -0.9311
vn -0.3653 0.1634 -0.9164
vn -0.2233 0.0539 -0.9732
vn -0.2459 0.0792 -0.9661
vn -0.2671 0.1217 -0.9559
vn -0.1203 0.0203 -0.9925
vn -0.1343 0.0452 -0.9899
vn -0.1475 0.0896 -0.9850
vn -0.8172 -0.0782 -0.5710
vn -0.8138 0.3169 -0.4870
vn -0.5630 0.7724 -0.2940
vn -0.7274 -0.1179 -0.6761
vn -0.7690 0.2420 -0.5917
vn -0.5693 0.7282 -0.3815
vn -0.7038 -0.1816 -0.6868
vn -0.7555 0.1713 -0.6324
vn -0.5747 0.6915 -0.4376
vn -0.3274 0.3799 -0.8651
vn -0.3635 0.4016 -0.8406
vn -0.4018 0.4245 -0.8114
vn -0.1175 0.2501 -0.9611
vn -0.1673 0.2846 -0.9439
vn -0.2132 0.3204 -0.9230
vn -0.0685 0.1913 -0.9791
vn -0.1192 0.2311 -0.9656
vn -0.1622 0.2718 -0.9486
vn -0.2977 0.3959 -0.8687
vn -0.2599 0.3826 -0.8866
vn -0.2256 0.3387 -0.9135
vn -0.2127 0.4257 -0.8795
vn -0.1763 0.4201 -0.8902
vn -0.1401 0.3833 -0.9129
vn -0.1150 0.4506 -0.8853
vn -0.0914 0.4515 -0.8876
vn -0.0673 0.4207 -0.9047
vn -0.1870 0.0508 -0.9810
vn -0.1781 -0.1641 -0.9702
vn -0.1723 -0.2991 -0.9385
vn -0.0910 0.1140 -0.9893
vn -0.0800 -0.0961 -0.9922
vn -0.0745 -0.2363 -0.9688
vn -0.0331 0.1582 -0.9869
vn -0.0254 -0.0560 -0.9981
vn -0.0219 -0.2049 -0.9785
vn -0.7033 0.4291 -0.5668
vn -0.7529 0.2891 -0.5912
vn -0.7818 0.0527 -0.6213
vn -0.5134 0.4093 -0.7542
vn -0.5779 0.2948 -0.7610
vn -0.6352 0.0724 -0.7689
vn -0.4343 0.3538 -0.8284
vn -0.5228 0.2311 -0.8205
vn -0.6016 0.0076 -0.7988
vn -0.4893 0.4666 -0.7368
vn -0.5429 0.4793 -0.6896
vn -0.6007 0.4834 -0.6368
vn -0.2965 0.3865 -0.8733
vn -0.3426 0.4102 -0.8452
vn -0.3961 0.4266 -0.8131
vn -0.2301 0.3447 -0.9101
vn -0.2650 0.3686 -0.8910
vn -0.3080 0.3831 -0.8709
vn -0.3857 0.2726 -0.8814
vn -0.3788 0.3270 -0.8658
vn -0.3607 0.3667 -0.8576
vn -0.2888 0.2540 -0.9231
vn -0.2837 0.3220 -0.9032
vn -0.2687 0.3753 -0.8871
vn -0.1616 0.2406 -0.9571
vn -0.1589 0.3193 -0.9342
vn -0.1500 0.3834 -0.9113
vn -0.0125 0.9507 -0.3099
vn -0.0410 0.9459 -0.3219
vn -0.1001 0.9305 -0.3524
vn -0.0122 0.9839 -0.1781
vn -0.0393 0.9812 -0.1890
vn -0.1038 0.9677 -0.2297
vn -0.0123 0.9935 -0.1128
vn -0.0392 0.9917 -0.1225
vn -0.1042 0.9817 -0.1593
vn -0.2351 0.3163 -0.9190
vn -0.2487 0.3323 -0.9098
vn -0.2681 0.3457 -0.8992
vn 0.0519 0.1501 -0.9873
vn 0.0201 0.1718 -0.9849
vn -0.0199 0.1934 -0.9809
vn 0.1320 0.0809 -0.9879
vn 0.0908 0.1026 -0.9906
vn 0.0413 0.1265 -0.9911
vn -0.1790 -0.1172 -0.9769
vn -0.1729 0.1562 -0.9725
vn -0.1427 0.5056 -0.8509
vn -0.0730 -0.0744 -0.9945
vn -0.0694 0.1905 -0.9792
vn -0.0596 0.5393 -0.8400
vn -0.0201 -0.0553 -0.9983
vn -0.0190 0.2078 -0.9780
vn -0.0168 0.5536 -0.8326
vn -0.4510 0.5987 -0.6619
vn -0.3661 0.4551 -0.8117
vn -0.3447 0.3517 -0.8703
vn -0.3862 0.6199 -0.6831
vn -0.3045 0.4387 -0.8454
vn -0.2634 0.2824 -0.9224
vn -0.3492 0.6437 -0.6809
vn -0.2702 0.4370 -0.8579
vn -0.2213 0.2440 -0.9442
vn -0.5875 0.5602 -0.5839
vn -0.4821 0.5207 -0.7046
vn -0.5297 0.5414 -0.6530
vn -0.5723 0.5771 -0.5826
vn -0.6130 0.5888 -0.5268
vn -0.5631 0.5357 -0.6292
vn -0.5211 0.5149 -0.6807
vn -0.3477 0.6992 -0.6247
vn -0.2804 0.4638 -0.8404
vn -0.2246 0.2259 -0.9479
vn -0.3702 0.7379 -0.5643
vn -0.3183 0.5083 -0.8002
vn -0.2647 0.2553 -0.9299
vn -0.4023 0.7859 -0.4696
vn -0.3848 0.6039 -0.6980
vn -0.3527 0.3627 -0.8626
vn -0.1866 -0.0655 -0.9803
vn -0.1900 -0.2083 -0.9594
vn -0.2210 -0.4298 -0.8755
vn -0.2165 -0.0644 -0.9742
vn -0.2117 -0.2266 -0.9507
vn -0.2256 -0.4732 -0.8516
vn -0.2977 -0.0363 -0.9540
vn -0.2878 -0.2321 -0.9292
vn -0.2792 -0.4882 -0.8269
vn -0.6997 0.2902 0.6529
vn -0.5544 0.4530 0.6981
vn -0.4116 0.4994 0.7624
vn -0.6130 0.0494 0.7885
vn -0.5771 0.2943 0.7618
vn -0.4563 0.4266 0.7809
vn -0.4375 -0.1305 0.8897
vn -0.5298 0.1914 0.8262
vn -0.5345 0.3925 0.7485
vn -0.6461 -0.7492 0.1461
vn -0.9893 0.1403 0.0404
vn -0.9307 -0.1193 0.3459
vn -0.8381 -0.0250 0.5450
vn -0.5104 -0.6659 0.5441
vn -0.2278 -0.8417 0.4895
vn -0.2700 -0.9387 0.2145
vn -0.4486 -0.8647 -0.2262
vn -0.7883 -0.5520 -0.2719
vn -0.9527 0.0936 -0.2893
vn -0.9697 -0.2302 -0.0819
vn -0.5797 0.7929 0.1879
vn -0.5954 0.8033 -0.0162
vn -0.5719 0.7927 -0.2111
vn -0.5255 0.8387 0.1431
vn -0.5210 0.8521 -0.0490
vn -0.5033 0.8341 -0.2259
vn -0.5012 0.8556 0.1297
vn -0.4871 0.8718 -0.0524
vn -0.4627 0.8565 -0.2288
vn -0.3224 0.5186 0.7919
vn -0.3422 0.5641 0.7515
vn -0.4143 0.6395 0.6476
vn -0.3165 0.5104 0.7996
vn -0.3486 0.5927 0.7261
vn -0.4259 0.6977 0.5760
vn -0.4461 0.5268 0.7235
vn -0.4415 0.6070 0.6608
vn -0.4710 0.7136 0.5187
vn -0.5010 0.7613 0.4115
vn -0.4651 0.8397 0.2802
vn -0.4441 0.8804 0.1664
vn -0.5706 0.8139 0.1097
vn -0.4848 0.8719 0.0688
vn -0.4447 0.8952 0.0293
vn -0.5819 0.7509 -0.3124
vn -0.4940 0.8491 -0.1871
vn -0.4468 0.8876 -0.1123
vn -0.6524 -0.4650 0.5984
vn -0.7343 -0.0439 0.6774
vn -0.6691 0.3687 0.6452
vn -0.7508 -0.6462 0.1365
vn -0.9659 -0.2132 0.1468
vn -0.9384 0.3143 0.1437
vn -0.6544 -0.6419 -0.3997
vn -0.8048 -0.2802 -0.5233
vn -0.8240 0.1826 -0.5364
vn -0.2477 -0.1965 0.9487
vn -0.2656 0.0848 0.9604
vn -0.2764 0.2622 0.9246
vn -0.2745 -0.1846 0.9437
vn -0.2741 0.0973 0.9568
vn -0.2813 0.2611 0.9234
vn -0.3423 -0.1831 0.9216
vn -0.3352 0.1120 0.9355
vn -0.3309 0.2982 0.8953
vn -0.3242 -0.9198 -0.2213
vn -0.2795 -0.9444 0.1731
vn -0.2347 -0.8329 0.5013
vn -0.2806 -0.9311 -0.2331
vn -0.2949 -0.9462 0.1330
vn -0.2859 -0.8288 0.4810
vn -0.3214 -0.9145 -0.2459
vn -0.3566 -0.9264 0.1211
vn -0.3518 -0.8193 0.4528
vn -0.4441 0.8865 0.1300
vn -0.4447 0.8947 -0.0411
vn -0.4296 0.8821 -0.1932
vn -0.4339 0.8941 0.1107
vn -0.4354 0.8996 -0.0339
vn -0.4252 0.8911 -0.1586
vn -0.4301 0.8983 0.0897
vn -0.4304 0.9023 -0.0232
vn -0.4236 0.8978 -0.1206
vn -0.2953 0.4537 0.8408
vn -0.3301 0.5800 0.7447
vn -0.3771 0.7189 0.5839
vn -0.3085 0.4856 0.8180
vn -0.3409 0.6138 0.7120
vn -0.3809 0.7501 0.5406
vn -0.3568 0.5524 0.7533
vn -0.3787 0.6767 0.6315
vn -0.4005 0.7881 0.4674
vn -0.7224 0.5916 -0.3580
vn -0.7398 0.6037 -0.2971
vn -0.7338 0.6045 -0.3099
vn -0.6445 0.6280 -0.4362
vn -0.6825 0.6516 -0.3310
vn -0.6884 0.6398 -0.3417
vn -0.6095 0.6288 -0.4828
vn -0.6568 0.6503 -0.3818
vn -0.6559 0.6264 -0.4212
vn -0.7168 0.4603 -0.5237
vn -0.6247 0.1863 -0.7583
vn -0.4309 -0.1401 -0.8915
vn -0.6028 0.4238 -0.6760
vn -0.4639 0.1862 -0.8661
vn -0.3095 -0.0318 -0.9504
vn -0.4861 0.3635 -0.7947
vn -0.3465 0.1735 -0.9219
vn -0.2426 0.0351 -0.9695
vn 0.7491 -0.2776 -0.6015
vn 0.6789 -0.2772 -0.6799
vn 0.5361 -0.2373 -0.8101
vn 0.7722 0.1193 -0.6240
vn 0.6962 0.1106 -0.7093
vn 0.5471 0.1128 -0.8294
vn 0.5768 0.6457 -0.5004
vn 0.5312 0.6092 -0.5888
vn 0.4378 0.5525 -0.7092
vn 0.0078 0.8197 0.5727
vn 0.0376 0.8070 0.5893
vn 0.1095 0.7725 0.6255
vn 0.0050 0.8954 0.4452
vn 0.0269 0.8882 0.4587
vn 0.0804 0.8703 0.4860
vn 0.0033 0.9393 0.3430
vn 0.0193 0.9362 0.3509
vn 0.0553 0.9286 0.3670
vn 0.0049 0.9992 0.0408
vn 0.0040 0.9963 0.0860
vn 0.0031 0.9879 0.1550
vn 0.0231 0.9991 0.0356
vn 0.0203 0.9964 0.0826
vn 0.0172 0.9879 0.1542
vn 0.0656 0.9975 0.0277
vn 0.0585 0.9950 0.0808
vn 0.0476 0.9869 0.1539
vn 0.0085 0.9134 0.4070
vn 0.0506 0.9147 0.4011
vn 0.1364 0.9213 0.3642
vn 0.0067 0.9015 0.4328
vn 0.0489 0.9032 0.4265
vn 0.1369 0.9090 0.3936
vn 0.0062 0.8887 0.4585
vn 0.0485 0.8902 0.4529
vn 0.1382 0.8928 0.4288
vn 0.3912 0.2729 -0.8789
vn 0.5116 0.3080 -0.8021
vn 0.5218 0.3112 -0.7943
vn 0.4017 0.3004 -0.8651
vn 0.5027 0.3319 -0.7982
vn 0.5084 0.3399 -0.7912
vn 0.4065 0.3185 -0.8563
vn 0.4884 0.3439 -0.8020
vn 0.4872 0.3573 -0.7968
vn 0.5584 0.8154 0.1526
vn 0.4912 0.7710 0.4052
vn 0.4721 0.7018 0.5335
vn 0.5546 0.7999 0.2295
vn 0.4169 0.7654 0.4902
vn 0.3980 0.7098 0.5812
vn 0.5404 0.7467 0.3879
vn 0.3715 0.7081 0.6004
vn 0.3678 0.6546 0.6604
vn 0.0063 0.9977 -0.0672
vn 0.0056 0.9991 -0.0415
vn 0.0060 0.9999 -0.0117
vn 0.0299 0.9976 -0.0631
vn 0.0288 0.9986 -0.0442
vn 0.0291 0.9993 -0.0218
vn 0.0850 0.9942 -0.0660
vn 0.0834 0.9950 -0.0550
vn 0.0832 0.9957 -0.0407
vn 0.9954 0.0804 0.0516
vn 0.9955 0.0873 0.0368
vn 0.9972 0.0721 -0.0215
vn 0.8225 0.5681 -0.0274
vn 0.8184 0.5732 -0.0404
vn 0.8210 0.5660 -0.0750
vn 0.4678 0.8814 -0.0653
vn 0.4664 0.8818 -0.0707
vn 0.4684 0.8796 -0.0832
vn 0.8361 -0.5432 -0.0765
vn 0.7771 -0.6294 0.0092
vn 0.7922 -0.6102 0.0024
vn 0.8272 -0.5618 0.0057
vn 0.7522 -0.6533 0.0859
vn 0.7049 -0.7072 0.0551
vn 0.8845 -0.4616 0.0679
vn 0.8399 -0.5304 0.1152
vn 0.8070 -0.5879 0.0560
vn 0.0166 0.5591 0.8289
vn 0.0620 0.5405 0.8391
vn 0.1624 0.4999 0.8507
vn 0.0158 0.4186 0.9080
vn 0.0622 0.4001 0.9143
vn 0.1641 0.3625 0.9174
vn 0.0140 0.4623 0.8866
vn 0.0584 0.4453 0.8935
vn 0.1564 0.4052 0.9007
vn 0.5818 0.1069 -0.8063
vn 0.5588 -0.0032 -0.8293
vn 0.4644 -0.0463 -0.8844
vn 0.6511 -0.0984 -0.7526
vn 0.5945 -0.2384 -0.7680
vn 0.4735 -0.2886 -0.8322
vn 0.6837 -0.3008 -0.6649
vn 0.6040 -0.4096 -0.6837
vn 0.4710 -0.4354 -0.7672
vn 0.4156 0.3284 -0.8482
vn 0.4612 0.3328 -0.8225
vn 0.4391 0.3461 -0.8291
vn 0.4300 0.3211 -0.8438
vn 0.4581 0.3151 -0.8312
vn 0.4216 0.3269 -0.8458
vn 0.4585 0.2975 -0.8374
vn 0.4704 0.2751 -0.8385
vn 0.4189 0.2783 -0.8643
vn 0.0087 0.8618 0.5072
vn 0.0504 0.8595 0.5086
vn 0.1417 0.8473 0.5118
vn 0.0111 0.8406 0.5416
vn 0.0519 0.8358 0.5465
vn 0.1423 0.8156 0.5609
vn 0.0135 0.8020 0.5971
vn 0.0539 0.7939 0.6056
vn 0.1442 0.7657 0.6268
vn 0.2439 0.5446 0.8024
vn 0.4027 0.6039 0.6878
vn 0.2787 0.5756 0.7688
vn 0.3054 0.5442 0.7814
vn 0.2787 0.5348 0.7977
vn 0.2163 0.6192 0.7549
vn 0.2180 0.5838 0.7821
vn 0.2777 -0.5875 -0.7601
vn 0.9071 0.4058 -0.1117
vn -0.8091 0.0496 0.5856
vn 0.2460 -0.6552 -0.7143
vn 0.6357 -0.7680 0.0775
vn 0.0492 0.6723 0.7386
vn 0.4275 -0.6188 -0.6590
vn 0.4101 -0.7755 -0.4800
vn 0.5122 0.0937 0.8537
vn 0.9027 -0.3281 -0.2783
vn 0.7780 -0.4893 -0.3942
vn 0.8170 -0.5159 -0.2574
vn 0.9735 -0.2053 -0.1003
vn 0.8934 -0.3417 -0.2918
vn 0.8602 -0.4125 -0.2999
vn 0.9919 -0.1269 -0.0048
vn 0.9480 -0.2441 -0.2044
vn 0.9129 -0.3234 -0.2490
vn 0.9755 0.2199 -0.0001
vn 0.9831 0.1291 -0.1295
vn 0.9868 0.0604 -0.1500
vn 0.7724 0.6336 -0.0434
vn 0.8039 0.5821 -0.1222
vn 0.8247 0.5502 -0.1308
vn 0.4292 0.9020 -0.0472
vn 0.4516 0.8882 -0.0848
vn 0.4649 0.8803 -0.0945
vn 0.1148 -0.5871 -0.8013
vn -0.1175 -0.7317 -0.6714
vn 0.3298 -0.3677 -0.8695
vn 0.1600 -0.5502 -0.8196
vn 0.3966 -0.7196 -0.5700
vn 0.3129 -0.5031 -0.8056
vn 0.1773 -0.4709 -0.8642
vn 0.0707 -0.6741 -0.7353
vn 0.2177 -0.6258 -0.7490
vn 0.0064 0.9999 0.0085
vn 0.0066 0.9999 0.0095
vn 0.0073 0.9999 0.0087
vn 0.0294 0.9995 -0.0060
vn 0.0294 0.9996 -0.0052
vn 0.0299 0.9995 -0.0042
vn 0.0826 0.9962 -0.0283
vn 0.0820 0.9963 -0.0267
vn 0.0815 0.9964 -0.0246
vn 0.0071 0.9999 0.0155
vn 0.0064 0.9998 0.0170
vn 0.0059 0.9998 0.0173
vn 0.0294 0.9996 0.0046
vn 0.0280 0.9996 0.0088
vn 0.0266 0.9996 0.0110
vn 0.0793 0.9967 -0.0162
vn 0.0768 0.9970 -0.0093
vn 0.0734 0.9973 -0.0031
vn 0.4592 0.7549 0.4682
vn 0.6133 0.6895 0.3854
vn 0.7927 0.5786 0.1918
vn 0.4838 0.6847 0.5450
vn 0.6557 0.6055 0.4510
vn 0.8214 0.5082 0.2587
vn 0.5119 0.5993 0.6154
vn 0.7035 0.4986 0.5064
vn 0.8719 0.3805 0.3081
vn 0.5771 0.3256 0.7489
vn 0.7623 0.2375 0.6021
vn 0.9015 0.1365 0.4106
vn 0.5851 0.2067 0.7841
vn 0.7701 0.1381 0.6228
vn 0.8963 0.0836 0.4355
vn 0.5782 0.2100 0.7884
vn 0.7735 0.1124 0.6238
vn 0.8971 0.0585 0.4380
vn 0.7986 0.5845 0.1435
vn 0.8162 0.5705 -0.0916
vn 0.7884 0.5607 -0.2532
vn 0.8585 0.4804 0.1795
vn 0.8398 0.5383 -0.0705
vn 0.8017 0.5508 -0.2322
vn 0.9284 0.3615 0.0860
vn 0.8730 0.4747 -0.1118
vn 0.8239 0.5174 -0.2313
vn 0.9595 0.2350 -0.1553
vn 0.9117 0.3376 -0.2341
vn 0.8761 0.3902 -0.2832
vn 0.9645 0.0568 -0.2578
vn 0.9429 0.1413 -0.3016
vn 0.9196 0.1995 -0.3384
vn 0.9372 -0.1338 -0.3220
vn 0.9343 -0.0818 -0.3470
vn 0.9238 -0.0397 -0.3809
vn 0.5151 0.5533 0.6546
vn 0.7422 0.4090 0.5309
vn 0.8837 0.3199 0.3415
vn 0.3947 0.7824 0.4817
vn 0.5799 0.7287 0.3642
vn 0.6952 0.6914 0.1968
vn 0.2342 0.9246 0.3004
vn 0.3251 0.9257 0.1932
vn 0.3839 0.9203 0.0755
vn 0.3757 0.9106 0.1720
vn 0.4771 0.8771 0.0555
vn 0.5859 0.8000 -0.1290
vn 0.3908 0.8925 0.2252
vn 0.5021 0.8566 0.1190
vn 0.6202 0.7815 -0.0671
vn 0.4092 0.8633 0.2953
vn 0.5326 0.8225 0.1995
vn 0.6685 0.7437 -0.0037
vn 0.3213 0.9418 0.0992
vn 0.4055 0.9128 -0.0491
vn 0.5276 0.7968 -0.2944
vn 0.3342 0.9369 0.1029
vn 0.4187 0.9073 -0.0399
vn 0.5304 0.8061 -0.2624
vn 0.3478 0.9307 0.1135
vn 0.4350 0.9002 -0.0224
vn 0.5409 0.8100 -0.2265
vn 0.0089 0.9965 -0.0833
vn 0.0091 0.9966 -0.0820
vn 0.0095 0.9968 -0.0799
vn 0.0378 0.9951 -0.0914
vn 0.0378 0.9957 -0.0851
vn 0.0374 0.9963 -0.0773
vn 0.1081 0.9863 -0.1247
vn 0.1065 0.9886 -0.1067
vn 0.1030 0.9909 -0.0870
vn 0.7941 0.5619 -0.2315
vn 0.7968 0.5601 -0.2268
vn 0.7555 0.5553 -0.3476
vn 0.7869 0.5845 -0.1979
vn 0.7920 0.5700 -0.2188
vn 0.7548 0.5602 -0.3412
vn 0.7769 0.6176 -0.1227
vn 0.7868 0.5875 -0.1893
vn 0.7602 0.5688 -0.3140
vn 0.9339 -0.0145 -0.3573
vn 0.9307 -0.0103 -0.3656
vn 0.9198 -0.0185 -0.3919
vn 0.8370 0.4525 -0.3077
vn 0.8394 0.4433 -0.3145
vn 0.8416 0.4212 -0.3380
vn 0.5118 0.8392 -0.1838
vn 0.5211 0.8321 -0.1901
vn 0.5338 0.8202 -0.2060
vn 0.8700 0.4530 -0.1944
vn 0.8499 0.5127 -0.1213
vn 0.8058 0.5406 -0.2417
vn 0.8548 0.4711 -0.2176
vn 0.8395 0.5197 -0.1585
vn 0.7915 0.5438 -0.2789
vn 0.8347 0.4974 -0.2364
vn 0.8260 0.5293 -0.1938
vn 0.7774 0.5454 -0.3134
vn 0.0088 0.9973 -0.0733
vn 0.0076 0.9971 -0.0752
vn 0.0072 0.9971 -0.0763
vn 0.0346 0.9971 -0.0674
vn 0.0328 0.9972 -0.0675
vn 0.0317 0.9971 -0.0687
vn 0.0948 0.9930 -0.0701
vn 0.0912 0.9935 -0.0682
vn 0.0887 0.9937 -0.0680
vn 0.6895 0.6348 -0.3488
vn 0.7384 0.6727 -0.0482
vn 0.7176 0.6335 0.2894
vn 0.7748 0.6261 -0.0880
vn 0.7929 0.5716 0.2110
vn 0.7723 0.4559 0.4423
vn 0.7590 0.5718 0.3114
vn 0.6624 0.3944 0.6369
vn 0.7032 0.2338 0.6715
vn 0.3266 -0.4947 -0.8053
vn 0.2187 -0.6241 -0.7502
vn 0.6339 -0.1654 -0.7555
vn 0.3302 -0.4588 -0.8249
vn 0.1891 -0.6244 -0.7579
vn 0.5862 -0.1430 -0.7975
vn 0.2849 -0.4359 -0.8537
vn 0.0423 -0.6143 -0.7880
vn 0.4231 -0.0685 -0.9035
vn 0.6254 -0.3684 0.6879
vn 0.5850 -0.3628 0.7254
vn 0.7921 -0.2466 0.5584
vn 0.6497 -0.6256 0.4318
vn 0.7901 -0.5109 0.3388
vn 0.9370 -0.3270 0.1227
vn 0.8080 -0.5841 0.0777
vn 0.8729 -0.4819 -0.0771
vn 0.9134 -0.3477 -0.2114
vn 0.6203 0.7496 0.2310
vn 0.6225 0.7631 0.1739
vn 0.5923 0.7772 0.2123
vn 0.5777 0.8039 0.1412
vn 0.6111 0.7785 0.1430
vn 0.6546 0.7409 0.1503
vn 0.6544 0.7208 0.2284
vn 0.6196 0.6909 0.3725
vn 0.6084 0.7424 0.2804
vn 0.6069 0.7777 0.1639
vn 0.6199 0.7642 0.1779
vn 0.2725 0.1574 -0.9492
vn 0.4857 0.2004 -0.8508
vn 0.5072 0.1935 -0.8398
vn 0.3109 0.1777 -0.9337
vn 0.5013 0.2167 -0.8377
vn 0.5201 0.2106 -0.8278
vn 0.3456 0.2049 -0.9157
vn 0.5118 0.2413 -0.8245
vn 0.5276 0.2368 -0.8158
vn 0.5910 0.6876 -0.4218
vn 0.5507 0.5820 -0.5984
vn 0.6266 0.5609 -0.5411
vn 0.5033 0.7962 -0.3358
vn 0.5374 0.7525 -0.3807
vn 0.6505 0.6999 -0.2950
vn 0.5171 0.8055 -0.2894
vn 0.5571 0.8167 -0.1505
vn 0.6538 0.7567 0.0004
vn 0.9796 0.0048 -0.2007
vn 0.9416 -0.0353 -0.3349
vn 0.9188 -0.0474 -0.3918
vn 0.8366 0.5079 -0.2052
vn 0.8316 0.4661 -0.3019
vn 0.8265 0.4482 -0.3407
vn 0.4864 0.8623 -0.1411
vn 0.4950 0.8493 -0.1837
vn 0.4991 0.8433 -0.1992
vn 0.0235 0.9399 0.3407
vn 0.0677 0.9387 0.3380
vn 0.1385 0.9418 0.3063
vn 0.0190 0.9370 0.3487
vn 0.0626 0.9360 0.3465
vn 0.1380 0.9395 0.3135
vn 0.0146 0.9319 0.3625
vn 0.0578 0.9313 0.3595
vn 0.1372 0.9358 0.3247
vn 0.6058 0.5235 -0.5991
vn 0.4836 0.0859 -0.8711
vn 0.5768 0.0263 -0.8164
vn 0.6510 0.5531 -0.5200
vn 0.5424 0.2010 -0.8157
vn 0.6086 0.1500 -0.7792
vn 0.6758 0.5523 -0.4881
vn 0.5664 0.2933 -0.7702
vn 0.6245 0.2803 -0.7290
vn 0.3164 0.1003 -0.9433
vn 0.2228 0.0537 -0.9734
vn 0.1204 0.0199 -0.9925
vn 0.3431 0.1244 -0.9310
vn 0.2460 0.0790 -0.9661
vn 0.1342 0.0450 -0.9899
vn 0.3658 0.1620 -0.9165
vn 0.2668 0.1208 -0.9562
vn 0.1470 0.0896 -0.9851
vn 0.8180 -0.0654 -0.5715
vn 0.7293 -0.1071 -0.6758
vn 0.7077 -0.1726 -0.6851
vn 0.8102 0.3250 -0.4878
vn 0.7662 0.2500 -0.5920
vn 0.7539 0.1791 -0.6321
vn 0.5632 0.7690 -0.3023
vn 0.5687 0.7244 -0.3897
vn 0.5743 0.6861 -0.4466
vn 0.3279 0.3800 -0.8649
vn 0.1177 0.2501 -0.9610
vn 0.0685 0.1914 -0.9791
vn 0.3637 0.4015 -0.8405
vn 0.1673 0.2847 -0.9439
vn 0.1192 0.2312 -0.9656
vn 0.4018 0.4247 -0.8113
vn 0.2132 0.3205 -0.9230
vn 0.1621 0.2718 -0.9486
vn 0.2989 0.3945 -0.8689
vn 0.2157 0.4258 -0.8787
vn 0.1164 0.4509 -0.8850
vn 0.2601 0.3813 -0.8871
vn 0.1787 0.4188 -0.8903
vn 0.0927 0.4511 -0.8877
vn 0.2262 0.3378 -0.9136
vn 0.1413 0.3824 -0.9131
vn 0.0679 0.4203 -0.9048
vn 0.1831 0.0522 -0.9817
vn 0.0891 0.1152 -0.9893
vn 0.0330 0.1587 -0.9868
vn 0.1702 -0.1590 -0.9725
vn 0.0769 -0.0925 -0.9927
vn 0.0256 -0.0546 -0.9982
vn 0.1618 -0.2896 -0.9434
vn 0.0708 -0.2304 -0.9705
vn 0.0224 -0.2029 -0.9789
vn 0.7015 0.4278 -0.5700
vn 0.5115 0.4085 -0.7560
vn 0.4329 0.3534 -0.8293
vn 0.7508 0.2897 -0.5936
vn 0.5760 0.2954 -0.7622
vn 0.5216 0.2317 -0.8211
vn 0.7807 0.0551 -0.6225
vn 0.6349 0.0746 -0.7690
vn 0.6025 0.0093 -0.7980
vn 0.4899 0.4673 -0.7359
vn 0.2966 0.3869 -0.8731
vn 0.2300 0.3450 -0.9100
vn 0.5436 0.4815 -0.6875
vn 0.3427 0.4114 -0.8446
vn 0.2649 0.3694 -0.8907
vn 0.6014 0.4836 -0.6360
vn 0.3961 0.4273 -0.8127
vn 0.3078 0.3838 -0.8706
vn 0.3857 0.2750 -0.8807
vn 0.2879 0.2554 -0.9230
vn 0.1611 0.2409 -0.9571
vn 0.3789 0.3277 -0.8655
vn 0.2836 0.3223 -0.9032
vn 0.1589 0.3193 -0.9342
vn 0.3617 0.3697 -0.8559
vn 0.2695 0.3765 -0.8864
vn 0.1501 0.3835 -0.9112
vn 0.0100 0.9506 -0.3103
vn 0.0091 0.9839 -0.1784
vn 0.0089 0.9935 -0.1132
vn 0.0397 0.9457 -0.3227
vn 0.0379 0.9811 -0.1899
vn 0.0376 0.9916 -0.1238
vn 0.1041 0.9290 -0.3551
vn 0.1093 0.9661 -0.2339
vn 0.1102 0.9801 -0.1652
vn 0.2338 0.3218 -0.9175
vn -0.0525 0.1538 -0.9867
vn -0.1328 0.0836 -0.9876
vn 0.2470 0.3340 -0.9097
vn -0.0205 0.1724 -0.9848
vn -0.0906 0.1030 -0.9905
vn 0.2679 0.3455 -0.8993
vn 0.0201 0.1933 -0.9809
vn -0.0410 0.1264 -0.9911
vn 0.1713 -0.1027 -0.9799
vn 0.0716 -0.0676 -0.9951
vn 0.0214 -0.0533 -0.9983
vn 0.1694 0.1658 -0.9715
vn 0.0692 0.1946 -0.9784
vn 0.0200 0.2091 -0.9777
vn 0.1429 0.5073 -0.8498
vn 0.0596 0.5404 -0.8393
vn 0.0168 0.5540 -0.8323
vn 0.5666 0.4868 -0.6648
vn 0.5048 0.4588 -0.7312
vn 0.4608 0.4596 -0.7592
vn 0.5640 0.3127 -0.7643
vn 0.4945 0.2335 -0.8372
vn 0.4559 0.2034 -0.8665
vn 0.5808 0.2335 -0.7798
vn 0.4982 0.0773 -0.8636
vn 0.4527 -0.0006 -0.8916
vn 0.6982 0.5756 -0.4257
vn 0.6350 0.4674 -0.6151
vn 0.6778 0.4997 -0.5394
vn 0.6883 0.5612 -0.4596
vn 0.6770 0.6581 -0.3295
vn 0.6619 0.6315 -0.4039
vn 0.6654 0.5311 -0.5246
vn 0.4347 0.5199 -0.7354
vn 0.4367 0.5790 -0.6885
vn 0.4379 0.6590 -0.6115
vn 0.4489 0.2207 -0.8659
vn 0.4706 0.2819 -0.8361
vn 0.4984 0.4158 -0.7607
vn 0.4457 -0.0451 -0.8941
vn 0.4768 -0.0049 -0.8790
vn 0.5335 0.1326 -0.8353
vn 0.4421 -0.2911 -0.8484
vn 0.4590 -0.2549 -0.8511
vn 0.5538 -0.1739 -0.8143
vn 0.4353 -0.2129 -0.8748
vn 0.4775 -0.2284 -0.8484
vn 0.6294 -0.2846 -0.7231
vn 0.4250 0.0860 -0.9011
vn 0.5847 -0.0382 -0.8103
vn 0.7524 -0.2943 -0.5893
vn 0.3633 0.6104 0.7038
vn 0.2182 0.6773 0.7026
vn -0.9048 0.1601 0.3946
vn 0.3530 0.6678 0.6553
vn -0.7099 0.6669 -0.2265
vn -0.8107 -0.1460 -0.5669
vn 0.3557 0.5917 0.7234
vn -0.2819 -0.0764 0.9564
vn -0.7571 -0.6063 0.2434
vn 0.8624 -0.4816 0.1560
vn 0.8430 0.5376 0.0193
vn 0.9002 0.3025 -0.3134
vn 0.6724 0.5208 -0.5259
vn 0.7053 -0.0424 -0.7077
vn 0.6999 -0.4653 -0.5418
vn 0.3929 -0.8015 0.4508
vn 0.1099 -0.6368 0.7632
vn 0.4552 -0.4650 0.7593
vn 0.7009 0.1925 0.6868
vn 0.9030 0.2248 0.3661
vn 0.8852 0.3902 -0.2534
vn 0.6540 0.7137 -0.2508
vn 0.4981 0.8488 -0.1772
vn 0.8613 0.3915 -0.3240
vn 0.6163 0.7210 -0.3167
vn 0.4645 0.8405 -0.2790
vn 0.7308 0.5350 -0.4240
vn 0.5451 0.7219 -0.4263
vn 0.4502 0.7884 -0.4194
vn 0.3979 0.5628 0.7245
vn 0.2348 0.6182 0.7502
vn -0.6832 0.0383 0.7292
vn 0.5136 0.6484 0.5620
vn 0.5070 0.7124 0.4852
vn -0.6024 -0.1361 0.7865
vn 0.6152 0.7697 0.1704
vn 0.6173 0.7848 0.0553
vn 0.7126 0.6865 -0.1446
vn 0.3025 0.9269 0.2221
vn 0.4444 0.8941 -0.0561
vn 0.5706 0.7082 -0.4158
vn 0.2952 0.9531 0.0669
vn 0.3673 0.9206 -0.1328
vn 0.4452 0.8216 -0.3561
vn 0.3018 0.9518 -0.0550
vn 0.3372 0.9229 -0.1859
vn 0.3770 0.8720 -0.3121
vn 0.5074 -0.1322 0.8515
vn 0.7417 -0.4259 0.5181
vn 0.7920 -0.6105 0.0049
vn 0.5292 0.3004 0.7935
vn 0.9039 0.0254 0.4270
vn 0.9385 -0.2815 -0.2000
vn 0.4386 0.6621 0.6076
vn 0.8294 0.5072 0.2344
vn 0.9169 0.1564 -0.3672
vn 0.0069 0.1539 0.9881
vn 0.0368 0.1695 0.9848
vn 0.1063 0.1774 0.9784
vn -0.0103 0.4349 0.9004
vn 0.0093 0.4452 0.8954
vn 0.0720 0.4581 0.8860
vn -0.0071 0.5883 0.8086
vn 0.0078 0.5983 0.8012
vn 0.0600 0.6248 0.7785
vn 0.9119 -0.3874 -0.1356
vn 0.9152 -0.3871 0.1124
vn 0.8205 -0.5265 0.2228
vn 0.4688 -0.6732 0.5718
vn 0.4867 -0.6266 0.6087
vn 0.5071 -0.6218 0.5969
vn 0.1651 -0.5741 0.8019
vn 0.2368 -0.5902 0.7718
vn 0.3027 -0.5360 0.7880
vn 0.3102 0.9463 -0.0906
vn 0.3050 0.9456 -0.1134
vn 0.3062 0.9423 -0.1354
vn 0.3554 0.9008 -0.2494
vn 0.3441 0.9060 -0.2465
vn 0.3362 0.9109 -0.2394
vn 0.3824 0.8390 -0.3872
vn 0.3681 0.8573 -0.3597
vn 0.3560 0.8750 -0.3280
vn 0.0240 0.7513 0.6596
vn 0.0415 0.7686 0.6384
vn 0.0924 0.8146 0.5727
vn 0.0579 0.8383 0.5421
vn 0.0849 0.8568 0.5087
vn 0.1344 0.8950 0.4253
vn 0.1254 0.9161 0.3807
vn 0.1539 0.9363 0.3158
vn 0.1876 0.9517 0.2430
vn 0.6054 0.7953 0.0308
vn 0.5426 0.8395 -0.0303
vn 0.5766 0.8069 -0.1281
vn 0.6050 0.7962 -0.0087
vn 0.5712 0.8196 -0.0443
vn 0.6034 0.7868 -0.1300
vn 0.6246 0.7684 -0.1392
vn 0.6135 0.7764 -0.1444
vn 0.6433 0.7291 -0.2337
vn 0.6436 0.5952 -0.4812
vn 0.6957 0.4907 -0.5246
vn 0.6827 0.3542 -0.6391
vn 0.5548 0.3571 -0.7514
vn 0.6391 0.1652 -0.7512
vn 0.5969 0.0386 -0.8014
vn 0.4138 0.1602 -0.8962
vn 0.5206 -0.0957 -0.8484
vn 0.5066 -0.1689 -0.8455
vt 0.427005 0.444485
vt 0.426165 0.446446
vt 0.423446 0.445387
vt 0.424134 0.443566
vt 0.424200 0.448479
vt 0.421714 0.447191
vt 0.420005 0.444291
vt 0.420500 0.442576
vt 0.418661 0.445914
vt 0.429563 0.443407
vt 0.429211 0.445262
vt 0.427215 0.442692
vt 0.428246 0.447364
vt 0.426131 0.449614
vt 0.422330 0.451912
vt 0.420611 0.450485
vt 0.418462 0.448861
vt 0.416032 0.447258
vt 0.413962 0.446075
vt 0.414920 0.444873
vt 0.415706 0.443279
vt 0.416000 0.441589
vt 0.420434 0.440868
vt 0.415856 0.439885
vt 0.424196 0.441825
vt 0.417475 0.519286
vt 0.416442 0.515855
vt 0.426054 0.512322
vt 0.426918 0.515404
vt 0.415438 0.512313
vt 0.425165 0.509131
vt 0.434481 0.508815
vt 0.435439 0.511537
vt 0.433280 0.506150
vt 0.408958 0.527068
vt 0.407588 0.523244
vt 0.418457 0.522263
vt 0.406219 0.519419
vt 0.404849 0.515594
vt 0.403480 0.511769
vt 0.414554 0.508880
vt 0.424489 0.505944
vt 0.432466 0.503486
vt 0.437406 0.501917
vt 0.439400 0.503182
vt 0.441296 0.505200
vt 0.442557 0.507552
vt 0.436263 0.514022
vt 0.443505 0.509805
vt 0.427757 0.518107
vt 0.412795 0.500282
vt 0.423985 0.497291
vt 0.424136 0.499916
vt 0.413328 0.502922
vt 0.433899 0.494882
vt 0.433526 0.497586
vt 0.424219 0.502840
vt 0.413887 0.505780
vt 0.432823 0.500560
vt 0.400100 0.500746
vt 0.412337 0.498107
vt 0.400945 0.503502
vt 0.423782 0.495138
vt 0.433987 0.492642
vt 0.442402 0.491073
vt 0.441955 0.493468
vt 0.440978 0.496345
vt 0.439264 0.499432
vt 0.402635 0.509013
vt 0.401790 0.506258
vt 0.431155 0.569206
vt 0.429363 0.563451
vt 0.439741 0.560337
vt 0.442597 0.566393
vt 0.427719 0.557834
vt 0.437201 0.554444
vt 0.450032 0.556569
vt 0.453827 0.562725
vt 0.446695 0.550535
vt 0.420299 0.576745
vt 0.419621 0.571489
vt 0.432968 0.575534
vt 0.418944 0.566232
vt 0.418266 0.560976
vt 0.417588 0.555719
vt 0.426239 0.552202
vt 0.435133 0.548570
vt 0.444062 0.544516
vt 0.452954 0.539794
vt 0.456156 0.545835
vt 0.460173 0.551869
vt 0.464712 0.557973
vt 0.457825 0.569121
vt 0.469479 0.564224
vt 0.445579 0.572843
vt 0.439959 0.388891
vt 0.436876 0.396976
vt 0.432981 0.395669
vt 0.435856 0.387668
vt 0.433921 0.404680
vt 0.430217 0.403263
vt 0.428744 0.394349
vt 0.431370 0.386408
vt 0.426199 0.401846
vt 0.447383 0.381384
vt 0.444303 0.389853
vt 0.442854 0.380483
vt 0.440996 0.398053
vt 0.437812 0.405880
vt 0.435100 0.413230
vt 0.431408 0.411943
vt 0.427815 0.410441
vt 0.423912 0.408942
vt 0.419290 0.407664
vt 0.421366 0.400649
vt 0.423596 0.393234
vt 0.425878 0.385334
vt 0.433898 0.377984
vt 0.428111 0.376866
vt 0.438586 0.379269
vt 0.520327 0.495789
vt 0.513312 0.496125
vt 0.514129 0.490385
vt 0.520917 0.488485
vt 0.506311 0.495559
vt 0.507256 0.490956
vt 0.514430 0.485261
vt 0.520781 0.482325
vt 0.507732 0.486704
vt 0.525649 0.504113
vt 0.518803 0.503407
vt 0.527100 0.494114
vt 0.511774 0.502079
vt 0.504755 0.500332
vt 0.497938 0.498368
vt 0.499583 0.494531
vt 0.500635 0.490835
vt 0.501094 0.487344
vt 0.501485 0.484145
vt 0.508110 0.482971
vt 0.514546 0.480962
vt 0.520337 0.477478
vt 0.526380 0.477208
vt 0.525029 0.471883
vt 0.527287 0.484621
vt 0.396622 0.482036
vt 0.410607 0.476985
vt 0.410908 0.478099
vt 0.396777 0.482855
vt 0.423068 0.472647
vt 0.423553 0.473861
vt 0.411503 0.479099
vt 0.397205 0.483564
vt 0.424205 0.475017
vt 0.381701 0.487307
vt 0.396868 0.480369
vt 0.381796 0.487591
vt 0.410515 0.475220
vt 0.422560 0.470940
vt 0.432480 0.467442
vt 0.433399 0.469107
vt 0.434077 0.470354
vt 0.434750 0.471618
vt 0.435656 0.473331
vt 0.425238 0.476543
vt 0.412670 0.480443
vt 0.398376 0.484653
vt 0.381985 0.488158
vt 0.382080 0.488442
vt 0.381890 0.487875
vt 0.456966 0.480264
vt 0.452876 0.480104
vt 0.451715 0.476373
vt 0.455868 0.476144
vt 0.447363 0.480456
vt 0.446070 0.477119
vt 0.450497 0.472677
vt 0.454683 0.472052
vt 0.444747 0.473826
vt 0.460835 0.484431
vt 0.457778 0.483814
vt 0.460073 0.480586
vt 0.453781 0.483333
vt 0.448416 0.483362
vt 0.441253 0.484277
vt 0.439986 0.481672
vt 0.438472 0.478702
vt 0.436949 0.475783
vt 0.443604 0.471052
vt 0.449422 0.469555
vt 0.453614 0.468588
vt 0.457788 0.471666
vt 0.456683 0.467898
vt 0.458988 0.476113
vt 0.467990 0.480737
vt 0.465136 0.480848
vt 0.463877 0.475656
vt 0.466403 0.474982
vt 0.462642 0.480786
vt 0.461524 0.475997
vt 0.462574 0.470492
vt 0.465069 0.469230
vt 0.460280 0.471237
vt 0.475043 0.486502
vt 0.469233 0.485794
vt 0.471353 0.479893
vt 0.465990 0.485303
vt 0.463400 0.484902
vt 0.459122 0.467212
vt 0.461380 0.466176
vt 0.463964 0.464363
vt 0.468124 0.467717
vt 0.468336 0.460535
vt 0.469318 0.473869
vt 0.420793 0.528241
vt 0.420049 0.526241
vt 0.429468 0.522197
vt 0.430291 0.524424
vt 0.419289 0.524418
vt 0.428612 0.520256
vt 0.438107 0.517950
vt 0.439016 0.520199
vt 0.437161 0.516049
vt 0.411523 0.533292
vt 0.410882 0.531736
vt 0.421587 0.531084
vt 0.410241 0.530180
vt 0.409599 0.528624
vt 0.444510 0.511658
vt 0.445579 0.513426
vt 0.446628 0.515580
vt 0.439805 0.523273
vt 0.447571 0.518589
vt 0.431055 0.527478
vt 0.427170 0.437174
vt 0.427174 0.439368
vt 0.423720 0.438369
vt 0.423516 0.436043
vt 0.427219 0.441084
vt 0.423995 0.440183
vt 0.419605 0.437277
vt 0.419257 0.434827
vt 0.420064 0.439185
vt 0.430476 0.435175
vt 0.430154 0.438090
vt 0.427299 0.434132
vt 0.429935 0.440173
vt 0.429757 0.441814
vt 0.415406 0.438164
vt 0.414862 0.436189
vt 0.414457 0.433660
vt 0.419224 0.431521
vt 0.414427 0.430278
vt 0.423531 0.432860
vt 0.429579 0.418688
vt 0.428373 0.424755
vt 0.424692 0.423272
vt 0.425977 0.417166
vt 0.427658 0.429963
vt 0.423898 0.428568
vt 0.420615 0.421766
vt 0.422035 0.415636
vt 0.419671 0.427128
vt 0.433124 0.419990
vt 0.431805 0.426009
vt 0.430977 0.431124
vt 0.414950 0.425830
vt 0.415994 0.420439
vt 0.417470 0.414314
vt 0.424864 0.546475
vt 0.423637 0.540824
vt 0.432565 0.536950
vt 0.433629 0.542664
vt 0.422548 0.535502
vt 0.431766 0.531747
vt 0.441185 0.532702
vt 0.442292 0.538483
vt 0.440453 0.527513
vt 0.416072 0.550112
vt 0.414556 0.544505
vt 0.413040 0.538899
vt 0.448391 0.522785
vt 0.449345 0.527952
vt 0.450758 0.533739
vt 0.493425 0.493355
vt 0.488274 0.491808
vt 0.490599 0.490269
vt 0.494703 0.490554
vt 0.484492 0.489479
vt 0.489365 0.488386
vt 0.494895 0.487789
vt 0.491513 0.496315
vt 0.485646 0.493995
vt 0.482604 0.486421
vt 0.480410 0.491123
vt 0.488805 0.485785
vt 0.495041 0.485026
vt 0.483364 0.506907
vt 0.478174 0.502870
vt 0.481036 0.499486
vt 0.486738 0.502954
vt 0.473595 0.499282
vt 0.475934 0.496304
vt 0.483358 0.496553
vt 0.489349 0.499474
vt 0.477901 0.493571
vt 0.483975 0.516319
vt 0.478934 0.511503
vt 0.489033 0.511144
vt 0.474430 0.506917
vt 0.470516 0.502851
vt 0.467241 0.499593
vt 0.469765 0.496409
vt 0.471628 0.493727
vt 0.473090 0.490931
vt 0.495766 0.502328
vt 0.492880 0.506533
vt 0.466748 0.494424
vt 0.464310 0.493109
vt 0.465528 0.490885
vt 0.468235 0.491995
vt 0.462143 0.492145
vt 0.463178 0.490072
vt 0.466115 0.488505
vt 0.469151 0.489383
vt 0.463594 0.487864
vt 0.464611 0.497327
vt 0.462431 0.495812
vt 0.460464 0.494699
vt 0.458468 0.493639
vt 0.459932 0.491221
vt 0.460801 0.489269
vt 0.461095 0.487200
vt 0.457332 0.490145
vt 0.453894 0.489195
vt 0.454299 0.487485
vt 0.457987 0.488313
vt 0.449138 0.488770
vt 0.449288 0.487175
vt 0.454264 0.485690
vt 0.458132 0.486381
vt 0.449059 0.485512
vt 0.456157 0.492410
vt 0.453056 0.491299
vt 0.448644 0.490716
vt 0.442587 0.489265
vt 0.442506 0.487774
vt 0.442085 0.486233
vt 0.507460 0.523971
vt 0.501241 0.519641
vt 0.505884 0.513694
vt 0.512448 0.517316
vt 0.495044 0.515385
vt 0.499312 0.510112
vt 0.509347 0.507906
vt 0.516205 0.510558
vt 0.502482 0.505148
vt 0.506972 0.535795
vt 0.501170 0.530811
vt 0.513539 0.528434
vt 0.495275 0.525942
vt 0.489479 0.521131
vt 0.522897 0.513059
vt 0.518854 0.521011
vt 0.400928 0.486567
vt 0.414605 0.482434
vt 0.416993 0.484838
vt 0.404140 0.488908
vt 0.426787 0.478730
vt 0.428638 0.481339
vt 0.419391 0.487290
vt 0.407360 0.491282
vt 0.430494 0.484001
vt 0.386381 0.490853
vt 0.432055 0.486348
vt 0.421358 0.489437
vt 0.409945 0.493325
vt 0.394984 0.495674
vt 0.399285 0.498085
vt 0.390682 0.493264
vt 0.411190 0.494685
vt 0.422577 0.491038
vt 0.423222 0.492304
vt 0.411717 0.495699
vt 0.433095 0.488129
vt 0.433678 0.489553
vt 0.423565 0.493559
vt 0.412031 0.496714
vt 0.433935 0.490948
vt 0.399489 0.498750
vt 0.399897 0.500081
vt 0.399693 0.499416
vt 0.458901 0.528334
vt 0.456893 0.522667
vt 0.463684 0.517145
vt 0.466486 0.522563
vt 0.455398 0.517619
vt 0.461429 0.512327
vt 0.469578 0.511768
vt 0.473251 0.516822
vt 0.466472 0.507280
vt 0.461705 0.534269
vt 0.454135 0.513542
vt 0.459535 0.508450
vt 0.463870 0.503678
vt 0.477556 0.522123
vt 0.470019 0.528243
vt 0.452874 0.510653
vt 0.451598 0.508630
vt 0.456272 0.503853
vt 0.457840 0.505724
vt 0.450342 0.507021
vt 0.454785 0.502412
vt 0.459814 0.499460
vt 0.461695 0.501161
vt 0.458079 0.498186
vt 0.449142 0.505372
vt 0.453329 0.500975
vt 0.456345 0.496951
vt 0.467147 0.436642
vt 0.462246 0.442091
vt 0.457147 0.438218
vt 0.461733 0.432639
vt 0.458272 0.446584
vt 0.453401 0.442816
vt 0.451824 0.434411
vt 0.456015 0.428719
vt 0.448383 0.439111
vt 0.478009 0.434007
vt 0.471788 0.440150
vt 0.472992 0.430298
vt 0.466615 0.445453
vt 0.462437 0.449841
vt 0.459203 0.453239
vt 0.455206 0.450058
vt 0.450519 0.446376
vt 0.445743 0.442758
vt 0.441479 0.439770
vt 0.443777 0.436041
vt 0.446785 0.431248
vt 0.450458 0.425461
vt 0.460904 0.422091
vt 0.454748 0.418750
vt 0.467138 0.426133
vt 0.452976 0.452520
vt 0.451289 0.454238
vt 0.446977 0.450705
vt 0.448466 0.448911
vt 0.449797 0.455547
vt 0.445728 0.452111
vt 0.442615 0.447233
vt 0.443897 0.445366
vt 0.441607 0.448730
vt 0.456808 0.455637
vt 0.454937 0.457289
vt 0.453225 0.458513
vt 0.451304 0.459628
vt 0.448151 0.456783
vt 0.444396 0.453482
vt 0.440584 0.450226
vt 0.437259 0.447514
vt 0.438021 0.445928
vt 0.438818 0.444366
vt 0.439890 0.442442
vt 0.447932 0.503384
vt 0.446241 0.501387
vt 0.449586 0.497604
vt 0.451766 0.499265
vt 0.443524 0.499878
vt 0.446190 0.496466
vt 0.451727 0.494150
vt 0.454395 0.495506
vt 0.447771 0.493323
vt 0.475104 0.552028
vt 0.470056 0.546090
vt 0.479408 0.539551
vt 0.484793 0.545223
vt 0.465490 0.540191
vt 0.474392 0.533909
vt 0.487918 0.532690
vt 0.493556 0.538002
vt 0.482507 0.527415
vt 0.480336 0.558063
vt 0.499186 0.543406
vt 0.490273 0.550977
vt 0.496924 0.577555
vt 0.490990 0.570732
vt 0.501006 0.562890
vt 0.506472 0.569062
vt 0.485558 0.564265
vt 0.495647 0.556860
vt 0.509957 0.554568
vt 0.515270 0.560243
vt 0.504633 0.548939
vt 0.494784 0.594089
vt 0.485577 0.585018
vt 0.503398 0.584700
vt 0.479479 0.577570
vt 0.474299 0.570711
vt 0.512541 0.540932
vt 0.517959 0.546173
vt 0.523386 0.551437
vt 0.520625 0.565923
vt 0.529239 0.556534
vt 0.512011 0.575312
vt 0.400863 0.461075
vt 0.409757 0.458211
vt 0.410296 0.459427
vt 0.401215 0.462127
vt 0.417522 0.455564
vt 0.418274 0.456730
vt 0.410665 0.460762
vt 0.401428 0.463249
vt 0.418896 0.458058
vt 0.391227 0.463499
vt 0.400372 0.459428
vt 0.391407 0.464163
vt 0.408983 0.456634
vt 0.416489 0.454208
vt 0.423585 0.453026
vt 0.424553 0.454046
vt 0.425467 0.455273
vt 0.426557 0.457010
vt 0.419532 0.459900
vt 0.410852 0.462714
vt 0.401257 0.465154
vt 0.391768 0.465492
vt 0.391949 0.466156
vt 0.391588 0.464828
vt 0.494194 0.407812
vt 0.486942 0.415555
vt 0.479798 0.410915
vt 0.486306 0.402798
vt 0.479719 0.423167
vt 0.473273 0.418800
vt 0.472180 0.406555
vt 0.477923 0.398166
vt 0.466391 0.414623
vt 0.508420 0.405673
vt 0.500950 0.412610
vt 0.501007 0.400292
vt 0.493053 0.419892
vt 0.485236 0.427147
vt 0.459566 0.411212
vt 0.464647 0.403056
vt 0.469682 0.394519
vt 0.483276 0.389733
vt 0.474362 0.385837
vt 0.492392 0.394765
vt 0.445975 0.458239
vt 0.442769 0.460046
vt 0.439918 0.457105
vt 0.442624 0.455118
vt 0.438007 0.462293
vt 0.435748 0.459476
vt 0.437015 0.454176
vt 0.439217 0.452027
vt 0.433446 0.456654
vt 0.448781 0.460921
vt 0.445154 0.462562
vt 0.439896 0.464689
vt 0.431162 0.465070
vt 0.429587 0.462264
vt 0.427979 0.459439
vt 0.431427 0.454246
vt 0.434475 0.451699
vt 0.436240 0.449434
vt 0.518260 0.380869
vt 0.512676 0.386820
vt 0.502537 0.379567
vt 0.506961 0.372151
vt 0.507069 0.393283
vt 0.497757 0.387054
vt 0.491970 0.372927
vt 0.495382 0.363884
vt 0.487959 0.381419
vt 0.536900 0.385843
vt 0.528065 0.389040
vt 0.524056 0.375301
vt 0.521457 0.393822
vt 0.515129 0.399388
vt 0.478427 0.377121
vt 0.481814 0.367977
vt 0.484446 0.357719
vt 0.498368 0.354216
vt 0.485524 0.343674
vt 0.511212 0.364758
vt 0.400343 0.468618
vt 0.410846 0.465603
vt 0.410724 0.469037
vt 0.399089 0.472826
vt 0.420284 0.462480
vt 0.421100 0.465479
vt 0.410582 0.472438
vt 0.397824 0.477010
vt 0.421889 0.468450
vt 0.389387 0.471444
vt 0.384263 0.482019
vt 0.386825 0.476732
vt 0.479840 0.445439
vt 0.474153 0.450253
vt 0.472280 0.449401
vt 0.477905 0.444410
vt 0.469508 0.454721
vt 0.467702 0.453717
vt 0.469891 0.447859
vt 0.475319 0.442714
vt 0.465499 0.452162
vt 0.488109 0.441347
vt 0.481431 0.445977
vt 0.486650 0.440255
vt 0.475970 0.450388
vt 0.471693 0.454764
vt 0.465758 0.458644
vt 0.464099 0.457171
vt 0.462080 0.455518
vt 0.481850 0.436816
vt 0.484647 0.438822
vt 0.530644 0.542819
vt 0.525024 0.537885
vt 0.531069 0.529095
vt 0.537182 0.533913
vt 0.519365 0.533077
vt 0.525013 0.524855
vt 0.535925 0.518871
vt 0.542936 0.523873
vt 0.529363 0.515545
vt 0.536292 0.547803
vt 0.532264 0.504361
vt 0.539184 0.505768
vt 0.547092 0.510255
vt 0.550399 0.530341
vt 0.557453 0.521610
vt 0.543346 0.539072
vt 0.462734 0.461470
vt 0.460325 0.463273
vt 0.459142 0.461292
vt 0.461350 0.459631
vt 0.458156 0.464412
vt 0.457103 0.462438
vt 0.457477 0.459505
vt 0.459515 0.457888
vt 0.455587 0.460673
vt 0.455788 0.465260
vt 0.454836 0.463384
vt 0.453462 0.461697
vt 0.548586 0.490013
vt 0.540481 0.488672
vt 0.539506 0.466967
vt 0.548694 0.466299
vt 0.533569 0.491064
vt 0.533100 0.478142
vt 0.530820 0.469258
vt 0.533487 0.457821
vt 0.533435 0.442873
vt 0.540335 0.444369
vt 0.548550 0.442449
vt 0.557453 0.493810
vt 0.557453 0.466010
vt 0.528167 0.463718
vt 0.529301 0.453236
vt 0.523324 0.429561
vt 0.531560 0.428654
vt 0.528002 0.441216
vt 0.539150 0.427058
vt 0.557453 0.410410
vt 0.557453 0.438210
vt 0.547408 0.422486
vt 0.448475 0.354517
vt 0.447176 0.363116
vt 0.443122 0.361461
vt 0.445125 0.352266
vt 0.445291 0.371833
vt 0.440984 0.370499
vt 0.438664 0.359670
vt 0.441501 0.349906
vt 0.436240 0.369054
vt 0.451533 0.349219
vt 0.452726 0.356021
vt 0.449300 0.346108
vt 0.451774 0.364218
vt 0.449925 0.372770
vt 0.430283 0.367772
vt 0.432754 0.358096
vt 0.436113 0.347875
vt 0.444832 0.339887
vt 0.442599 0.336777
vt 0.447066 0.342998
vt 0.512309 0.424765
vt 0.503262 0.429410
vt 0.501032 0.426569
vt 0.509797 0.420676
vt 0.494568 0.434757
vt 0.492484 0.432753
vt 0.497707 0.423499
vt 0.506098 0.416781
vt 0.489452 0.430302
vt 0.513523 0.429096
vt 0.521150 0.421167
vt 0.504520 0.432174
vt 0.495924 0.436550
vt 0.514102 0.410511
vt 0.518227 0.415386
vt 0.452773 0.466164
vt 0.448606 0.467373
vt 0.447827 0.465809
vt 0.451912 0.464433
vt 0.442771 0.469116
vt 0.442056 0.467716
vt 0.446778 0.464370
vt 0.450693 0.462863
vt 0.441189 0.466393
vt 0.437944 0.599253
vt 0.436301 0.591033
vt 0.451561 0.587361
vt 0.454729 0.595137
vt 0.434662 0.582989
vt 0.448542 0.579870
vt 0.466167 0.583017
vt 0.471000 0.590612
vt 0.461868 0.575865
vt 0.421197 0.612018
vt 0.420973 0.603200
vt 0.439594 0.607536
vt 0.420748 0.594381
vt 0.420523 0.585563
vt 0.476387 0.598571
vt 0.457990 0.603053
vt 0.544401 0.410327
vt 0.536726 0.414986
vt 0.533111 0.406680
vt 0.540164 0.402445
vt 0.529159 0.418246
vt 0.525915 0.410851
vt 0.528173 0.400116
vt 0.534991 0.395845
vt 0.521358 0.404967
vt 0.552315 0.404269
vt 0.542039 0.391985
vt 0.547177 0.398127
vt 0.427264 0.346608
vt 0.424634 0.356996
vt 0.414814 0.356308
vt 0.416508 0.345769
vt 0.422545 0.366883
vt 0.413308 0.366438
vt 0.404057 0.355889
vt 0.405103 0.345079
vt 0.403061 0.366430
vt 0.430455 0.335906
vt 0.420724 0.376128
vt 0.411961 0.375863
vt 0.402212 0.376194
vt 0.391705 0.377913
vt 0.392285 0.366758
vt 0.392865 0.355604
vt 0.393444 0.344449
vt 0.406168 0.334165
vt 0.394024 0.333295
vt 0.418311 0.335036
vt 0.434036 0.447679
vt 0.432589 0.449989
vt 0.431145 0.448885
vt 0.432378 0.446595
vt 0.429915 0.452551
vt 0.428722 0.451403
vt 0.429809 0.448105
vt 0.430894 0.445888
vt 0.427558 0.450518
vt 0.434807 0.445708
vt 0.431367 0.443969
vt 0.432978 0.444632
vt 0.462116 0.392270
vt 0.457673 0.400824
vt 0.451381 0.399561
vt 0.455349 0.391087
vt 0.453215 0.408975
vt 0.447450 0.407637
vt 0.445810 0.398795
vt 0.449404 0.390454
vt 0.442304 0.406754
vt 0.466237 0.383514
vt 0.449050 0.416521
vt 0.443881 0.415144
vt 0.439233 0.414190
vt 0.452738 0.381870
vt 0.459026 0.382386
vt 0.412085 0.413368
vt 0.410737 0.419456
vt 0.404969 0.418821
vt 0.406043 0.412780
vt 0.409736 0.424838
vt 0.404129 0.424232
vt 0.398867 0.418479
vt 0.399589 0.412481
vt 0.398255 0.424053
vt 0.413661 0.406780
vt 0.409201 0.429288
vt 0.403639 0.428683
vt 0.397844 0.428653
vt 0.391889 0.430152
vt 0.392243 0.424222
vt 0.392598 0.418292
vt 0.392952 0.412363
vt 0.400282 0.406107
vt 0.393306 0.406433
vt 0.407217 0.406275
vt 0.409191 0.432665
vt 0.409543 0.435192
vt 0.403776 0.434311
vt 0.403564 0.431942
vt 0.410033 0.437177
vt 0.404098 0.436206
vt 0.397709 0.433546
vt 0.397691 0.431566
vt 0.397790 0.435217
vt 0.410440 0.438918
vt 0.404359 0.437938
vt 0.397836 0.436885
vt 0.391096 0.435539
vt 0.391294 0.434192
vt 0.391493 0.432845
vt 0.391691 0.431499
vt 0.436882 0.440540
vt 0.436019 0.442497
vt 0.433923 0.441415
vt 0.434576 0.439435
vt 0.435387 0.444087
vt 0.433430 0.443012
vt 0.432054 0.440760
vt 0.432493 0.438746
vt 0.431702 0.442367
vt 0.438155 0.437819
vt 0.433092 0.435919
vt 0.435506 0.436668
vt 0.445433 0.423279
vt 0.442414 0.429140
vt 0.438608 0.427840
vt 0.440936 0.421919
vt 0.439988 0.434017
vt 0.436823 0.432794
vt 0.435146 0.426934
vt 0.436867 0.420962
vt 0.433934 0.431965
vt 0.418924 0.384636
vt 0.417123 0.392498
vt 0.409537 0.392134
vt 0.410718 0.384369
vt 0.415357 0.399842
vt 0.408381 0.399404
vt 0.401208 0.392073
vt 0.401643 0.384538
vt 0.400787 0.399261
vt 0.392906 0.399303
vt 0.392506 0.392173
vt 0.392105 0.385043
vt 0.398298 0.449157
vt 0.405513 0.448757
vt 0.406709 0.451616
vt 0.398992 0.452866
vt 0.411579 0.448156
vt 0.413358 0.450313
vt 0.407928 0.454359
vt 0.399721 0.456478
vt 0.415068 0.452409
vt 0.390243 0.444696
vt 0.397801 0.445769
vt 0.390489 0.449397
vt 0.404651 0.446064
vt 0.410324 0.446114
vt 0.390981 0.458798
vt 0.390735 0.454097
vt 0.475081 0.355607
vt 0.472720 0.365472
vt 0.464691 0.364678
vt 0.466742 0.355608
vt 0.469783 0.374668
vt 0.462146 0.373591
vt 0.457640 0.364542
vt 0.459095 0.356078
vt 0.455514 0.373185
vt 0.477027 0.345060
vt 0.460031 0.347833
vt 0.468529 0.346446
vt 0.410586 0.440657
vt 0.410457 0.442431
vt 0.404384 0.441671
vt 0.404435 0.439746
vt 0.410177 0.444236
vt 0.404353 0.443732
vt 0.397688 0.440902
vt 0.397784 0.438808
vt 0.397643 0.443134
vt 0.390456 0.442407
vt 0.390669 0.440117
vt 0.390883 0.437828
vt 0.475750 0.456827
vt 0.480246 0.453126
vt 0.482712 0.453677
vt 0.479002 0.457082
vt 0.485510 0.449978
vt 0.487422 0.450783
vt 0.485938 0.453973
vt 0.482846 0.456937
vt 0.490043 0.451441
vt 0.473964 0.455659
vt 0.472594 0.461322
vt 0.478942 0.452118
vt 0.484415 0.448951
vt 0.490639 0.446109
vt 0.491529 0.447314
vt 0.492999 0.448358
vt 0.495023 0.449302
vt 0.497579 0.450209
vt 0.493293 0.452020
vt 0.489786 0.454130
vt 0.487171 0.456596
vt 0.480927 0.460379
vt 0.485558 0.459474
vt 0.476640 0.461068
vt 0.475002 0.453049
vt 0.478092 0.449823
vt 0.480088 0.449070
vt 0.479098 0.450562
vt 0.482885 0.446236
vt 0.483909 0.446655
vt 0.484115 0.447708
vt 0.489217 0.442325
vt 0.489930 0.443409
vt 0.490257 0.444734
vt 0.491899 0.456205
vt 0.494115 0.454244
vt 0.498508 0.454399
vt 0.496570 0.455901
vt 0.497045 0.452577
vt 0.500938 0.453144
vt 0.502492 0.454675
vt 0.500650 0.455813
vt 0.504550 0.453748
vt 0.490517 0.458532
vt 0.500585 0.451126
vt 0.503749 0.452046
vt 0.506719 0.452943
vt 0.509147 0.453796
vt 0.507468 0.454415
vt 0.505649 0.455147
vt 0.503717 0.456057
vt 0.499449 0.457162
vt 0.502131 0.456906
vt 0.495337 0.457718
vt 0.504590 0.449874
vt 0.508744 0.449035
vt 0.509973 0.450368
vt 0.506831 0.451061
vt 0.512688 0.448885
vt 0.512936 0.450203
vt 0.511161 0.451616
vt 0.508954 0.452193
vt 0.513215 0.451389
vt 0.502474 0.448695
vt 0.507581 0.447701
vt 0.512444 0.447504
vt 0.516608 0.448382
vt 0.516063 0.449699
vt 0.515460 0.450825
vt 0.514922 0.451742
vt 0.514544 0.452382
vt 0.513559 0.452428
vt 0.512195 0.452722
vt 0.510716 0.453210
vt 0.519963 0.473884
vt 0.514761 0.477562
vt 0.515052 0.474792
vt 0.519660 0.471229
vt 0.508725 0.479844
vt 0.509543 0.477094
vt 0.515317 0.472290
vt 0.519324 0.469105
vt 0.510440 0.474417
vt 0.523861 0.468263
vt 0.502326 0.481279
vt 0.503585 0.478572
vt 0.505095 0.475796
vt 0.506687 0.472722
vt 0.511286 0.471501
vt 0.515439 0.469660
vt 0.518816 0.467000
vt 0.522063 0.464552
vt 0.521087 0.463324
vt 0.522915 0.465967
vt 0.524416 0.441637
vt 0.526256 0.451034
vt 0.523688 0.449998
vt 0.521746 0.442554
vt 0.526029 0.460395
vt 0.524411 0.458794
vt 0.523198 0.458636
vt 0.522652 0.452798
vt 0.520462 0.448930
vt 0.520458 0.446353
vt 0.518991 0.442657
vt 0.520097 0.434765
vt 0.517940 0.437820
vt 0.521987 0.458674
vt 0.521500 0.454068
vt 0.516917 0.446853
vt 0.519678 0.450561
vt 0.516653 0.444921
vt 0.514217 0.440855
vt 0.515918 0.439711
vt 0.515581 0.442583
vt 0.474890 0.477510
vt 0.472757 0.472261
vt 0.476663 0.470320
vt 0.478669 0.474630
vt 0.471817 0.466689
vt 0.475914 0.465618
vt 0.480946 0.468235
vt 0.482760 0.471850
vt 0.480308 0.464264
vt 0.478456 0.481498
vt 0.485035 0.462747
vt 0.485585 0.466112
vt 0.487167 0.469188
vt 0.485699 0.474651
vt 0.489738 0.471600
vt 0.481935 0.477877
vt 0.495961 0.482309
vt 0.489734 0.482945
vt 0.491787 0.479968
vt 0.497586 0.479559
vt 0.483731 0.482967
vt 0.486432 0.479557
vt 0.494428 0.476885
vt 0.499660 0.476654
vt 0.489675 0.476291
vt 0.493220 0.473057
vt 0.497382 0.473626
vt 0.501960 0.473462
vt 0.510338 0.457765
vt 0.508541 0.458542
vt 0.508584 0.456992
vt 0.510287 0.456252
vt 0.506332 0.459393
vt 0.506360 0.457895
vt 0.507662 0.455891
vt 0.509370 0.455197
vt 0.505535 0.456765
vt 0.511439 0.459163
vt 0.509630 0.459925
vt 0.511787 0.457062
vt 0.507584 0.460664
vt 0.505386 0.461286
vt 0.503584 0.461686
vt 0.503651 0.460494
vt 0.503451 0.459024
vt 0.502843 0.457737
vt 0.510760 0.454625
vt 0.511601 0.455631
vt 0.514958 0.455792
vt 0.513988 0.456028
vt 0.513571 0.454701
vt 0.514506 0.454461
vt 0.512968 0.456469
vt 0.512649 0.455105
vt 0.512992 0.453683
vt 0.514024 0.453387
vt 0.511933 0.454109
vt 0.516237 0.457148
vt 0.515474 0.457443
vt 0.516016 0.455894
vt 0.514341 0.457889
vt 0.512999 0.458470
vt 0.515062 0.453167
vt 0.515595 0.454417
vt 0.518038 0.464528
vt 0.515337 0.466628
vt 0.515066 0.463432
vt 0.517115 0.461910
vt 0.511978 0.468149
vt 0.512493 0.464617
vt 0.514712 0.460422
vt 0.516217 0.459487
vt 0.512834 0.461270
vt 0.519825 0.461713
vt 0.508210 0.469220
vt 0.509564 0.465552
vt 0.510668 0.462080
vt 0.517149 0.458255
vt 0.518436 0.459903
vt 0.518556 0.451666
vt 0.520054 0.454615
vt 0.518466 0.454698
vt 0.517321 0.452399
vt 0.520496 0.458197
vt 0.518868 0.457363
vt 0.516937 0.454556
vt 0.516142 0.452866
vt 0.517328 0.456495
vt 0.491814 0.466612
vt 0.490508 0.464037
vt 0.495356 0.462113
vt 0.496336 0.464215
vt 0.490061 0.461232
vt 0.494975 0.459856
vt 0.499744 0.460431
vt 0.500338 0.462124
vt 0.499319 0.458716
vt 0.493965 0.468611
vt 0.501390 0.463351
vt 0.497997 0.465798
vt 0.504280 0.469922
vt 0.500432 0.470154
vt 0.503318 0.466671
vt 0.506443 0.466275
vt 0.496909 0.469768
vt 0.500405 0.466579
vt 0.505779 0.463430
vt 0.508281 0.462838
vt 0.503337 0.463696
vt 0.513109 0.433100
vt 0.512063 0.436392
vt 0.504832 0.437535
vt 0.504939 0.434928
vt 0.510984 0.438884
vt 0.504559 0.439844
vt 0.497174 0.440139
vt 0.496751 0.438328
vt 0.497345 0.441963
vt 0.510407 0.440884
vt 0.504498 0.441848
vt 0.497593 0.443670
vt 0.510866 0.442764
vt 0.511639 0.444553
vt 0.505681 0.445080
vt 0.504922 0.443578
vt 0.512148 0.446102
vt 0.506568 0.446414
vt 0.499266 0.446405
vt 0.498224 0.445136
vt 0.500685 0.447561
vt 0.427005 0.444485
vt 0.424134 0.443566
vt 0.423446 0.445387
vt 0.426165 0.446446
vt 0.420500 0.442576
vt 0.420005 0.444291
vt 0.421714 0.447191
vt 0.424200 0.448479
vt 0.418661 0.445914
vt 0.429563 0.443407
vt 0.429211 0.445262
vt 0.415856 0.439885
vt 0.416000 0.441589
vt 0.415706 0.443279
vt 0.414920 0.444873
vt 0.413962 0.446075
vt 0.416032 0.447258
vt 0.418462 0.448861
vt 0.420611 0.450485
vt 0.426131 0.449614
vt 0.422330 0.451912
vt 0.428246 0.447364
vt 0.417475 0.519286
vt 0.426918 0.515404
vt 0.426054 0.512322
vt 0.435439 0.511537
vt 0.434481 0.508815
vt 0.425165 0.509131
vt 0.415438 0.512313
vt 0.433280 0.506150
vt 0.418457 0.522263
vt 0.427757 0.518107
vt 0.436263 0.514022
vt 0.443505 0.509805
vt 0.442557 0.507552
vt 0.441296 0.505200
vt 0.437406 0.501917
vt 0.432466 0.503486
vt 0.413328 0.502922
vt 0.424136 0.499916
vt 0.423986 0.497291
vt 0.413887 0.505780
vt 0.424219 0.502840
vt 0.433526 0.497586
vt 0.433899 0.494882
vt 0.412337 0.498107
vt 0.439264 0.499432
vt 0.440978 0.496345
vt 0.441955 0.493468
vt 0.433987 0.492642
vt 0.442402 0.491073
vt 0.431155 0.569206
vt 0.442597 0.566393
vt 0.453827 0.562725
vt 0.450032 0.556569
vt 0.437201 0.554444
vt 0.446695 0.550534
vt 0.432968 0.575534
vt 0.445579 0.572843
vt 0.469479 0.564224
vt 0.464712 0.557973
vt 0.460173 0.551869
vt 0.456156 0.545835
vt 0.444062 0.544516
vt 0.435133 0.548570
vt 0.426239 0.552202
vt 0.435856 0.387668
vt 0.432981 0.395669
vt 0.436876 0.396976
vt 0.431370 0.386408
vt 0.430217 0.403263
vt 0.433921 0.404680
vt 0.444303 0.389853
vt 0.438586 0.379269
vt 0.433898 0.377984
vt 0.428111 0.376866
vt 0.423596 0.393234
vt 0.421366 0.400649
vt 0.419290 0.407664
vt 0.423912 0.408942
vt 0.431408 0.411943
vt 0.437812 0.405879
vt 0.440996 0.398053
vt 0.520327 0.495789
vt 0.520917 0.488485
vt 0.514129 0.490385
vt 0.520781 0.482325
vt 0.514430 0.485261
vt 0.507256 0.490956
vt 0.506311 0.495559
vt 0.507732 0.486704
vt 0.525649 0.504113
vt 0.526380 0.477208
vt 0.508110 0.482971
vt 0.501485 0.484145
vt 0.501094 0.487344
vt 0.499583 0.494531
vt 0.396622 0.482036
vt 0.396777 0.482855
vt 0.410908 0.478099
vt 0.410607 0.476985
vt 0.397205 0.483564
vt 0.423553 0.473861
vt 0.423068 0.472647
vt 0.396868 0.480369
vt 0.398376 0.484653
vt 0.412670 0.480443
vt 0.425238 0.476543
vt 0.435656 0.473331
vt 0.434750 0.471618
vt 0.434077 0.470354
vt 0.422560 0.470940
vt 0.410515 0.475220
vt 0.455868 0.476144
vt 0.451715 0.476373
vt 0.452876 0.480104
vt 0.450497 0.472677
vt 0.447363 0.480456
vt 0.444747 0.473826
vt 0.460835 0.484431
vt 0.460073 0.480586
vt 0.457778 0.483814
vt 0.458988 0.476113
vt 0.457788 0.471666
vt 0.456683 0.467898
vt 0.453614 0.468588
vt 0.436949 0.475783
vt 0.438472 0.478702
vt 0.439986 0.481672
vt 0.448416 0.483362
vt 0.441253 0.484277
vt 0.453781 0.483333
vt 0.467990 0.480737
vt 0.466403 0.474982
vt 0.463877 0.475656
vt 0.465136 0.480848
vt 0.465069 0.469230
vt 0.462574 0.470493
vt 0.461524 0.475997
vt 0.462642 0.480786
vt 0.460280 0.471237
vt 0.475043 0.486502
vt 0.471353 0.479893
vt 0.469233 0.485794
vt 0.469318 0.473869
vt 0.468124 0.467717
vt 0.468336 0.460535
vt 0.463964 0.464363
vt 0.459122 0.467212
vt 0.463400 0.484902
vt 0.465990 0.485303
vt 0.430291 0.524424
vt 0.429468 0.522197
vt 0.439016 0.520199
vt 0.438107 0.517950
vt 0.428612 0.520255
vt 0.437161 0.516049
vt 0.421587 0.531084
vt 0.431055 0.527478
vt 0.439805 0.523273
vt 0.447571 0.518589
vt 0.427170 0.437174
vt 0.423516 0.436043
vt 0.427174 0.439368
vt 0.419257 0.434827
vt 0.419604 0.437277
vt 0.423995 0.440183
vt 0.427219 0.441084
vt 0.420064 0.439185
vt 0.430476 0.435175
vt 0.430154 0.438091
vt 0.423531 0.432860
vt 0.419224 0.431521
vt 0.414427 0.430278
vt 0.414457 0.433660
vt 0.429757 0.441814
vt 0.429579 0.418688
vt 0.424692 0.423272
vt 0.428373 0.424755
vt 0.422035 0.415636
vt 0.420615 0.421766
vt 0.423898 0.428568
vt 0.433124 0.419990
vt 0.417470 0.414314
vt 0.415994 0.420439
vt 0.414950 0.425830
vt 0.430977 0.431124
vt 0.431805 0.426009
vt 0.424864 0.546475
vt 0.433629 0.542664
vt 0.423637 0.540824
vt 0.442292 0.538483
vt 0.431766 0.531747
vt 0.440453 0.527514
vt 0.450758 0.533739
vt 0.449345 0.527952
vt 0.448391 0.522785
vt 0.493425 0.493355
vt 0.494703 0.490554
vt 0.490599 0.490269
vt 0.488274 0.491808
vt 0.494895 0.487789
vt 0.489365 0.488386
vt 0.484492 0.489479
vt 0.491513 0.496315
vt 0.485647 0.493995
vt 0.495041 0.485026
vt 0.488805 0.485785
vt 0.480410 0.491123
vt 0.482604 0.486421
vt 0.483364 0.506907
vt 0.486738 0.502954
vt 0.481035 0.499486
vt 0.489349 0.499474
vt 0.483358 0.496553
vt 0.475934 0.496304
vt 0.473595 0.499282
vt 0.478934 0.511503
vt 0.492880 0.506533
vt 0.495766 0.502328
vt 0.473090 0.490931
vt 0.471628 0.493727
vt 0.469765 0.496409
vt 0.467241 0.499593
vt 0.466748 0.494424
vt 0.468235 0.491995
vt 0.465528 0.490885
vt 0.464310 0.493109
vt 0.469151 0.489383
vt 0.466115 0.488505
vt 0.463178 0.490072
vt 0.462143 0.492145
vt 0.463594 0.487864
vt 0.464610 0.497327
vt 0.461095 0.487200
vt 0.459932 0.491221
vt 0.460464 0.494699
vt 0.457332 0.490145
vt 0.457987 0.488313
vt 0.454299 0.487485
vt 0.453894 0.489195
vt 0.458132 0.486381
vt 0.454264 0.485690
vt 0.449288 0.487175
vt 0.449138 0.488770
vt 0.449059 0.485512
vt 0.456157 0.492410
vt 0.442506 0.487774
vt 0.442587 0.489265
vt 0.448644 0.490716
vt 0.453056 0.491299
vt 0.512448 0.517316
vt 0.501241 0.519641
vt 0.516205 0.510558
vt 0.509347 0.507906
vt 0.499312 0.510112
vt 0.495044 0.515385
vt 0.502482 0.505148
vt 0.506972 0.535795
vt 0.513539 0.528434
vt 0.489479 0.521131
vt 0.495275 0.525943
vt 0.400928 0.486567
vt 0.416993 0.484838
vt 0.407360 0.491282
vt 0.419391 0.487290
vt 0.428638 0.481339
vt 0.426787 0.478730
vt 0.409945 0.493325
vt 0.432055 0.486348
vt 0.411717 0.495699
vt 0.423222 0.492304
vt 0.422577 0.491038
vt 0.412031 0.496714
vt 0.423565 0.493559
vt 0.433678 0.489553
vt 0.433935 0.490948
vt 0.458901 0.528334
vt 0.466486 0.522563
vt 0.463684 0.517145
vt 0.473251 0.516822
vt 0.469578 0.511768
vt 0.461429 0.512327
vt 0.455398 0.517619
vt 0.466472 0.507280
vt 0.461705 0.534269
vt 0.470019 0.528243
vt 0.463870 0.503678
vt 0.459535 0.508450
vt 0.454135 0.513542
vt 0.452874 0.510653
vt 0.457840 0.505724
vt 0.456272 0.503853
vt 0.451598 0.508630
vt 0.454785 0.502412
vt 0.450342 0.507021
vt 0.458079 0.498186
vt 0.456345 0.496951
vt 0.453330 0.500975
vt 0.467147 0.436642
vt 0.461733 0.432639
vt 0.457147 0.438218
vt 0.462246 0.442091
vt 0.456015 0.428719
vt 0.451824 0.434412
vt 0.448383 0.439111
vt 0.472992 0.430298
vt 0.471788 0.440150
vt 0.467138 0.426133
vt 0.460904 0.422091
vt 0.454748 0.418750
vt 0.450458 0.425461
vt 0.441479 0.439770
vt 0.445743 0.442758
vt 0.450519 0.446376
vt 0.455206 0.450058
vt 0.459203 0.453238
vt 0.452976 0.452520
vt 0.446977 0.450705
vt 0.451289 0.454238
vt 0.443897 0.445366
vt 0.442615 0.447233
vt 0.445728 0.452111
vt 0.449797 0.455547
vt 0.441607 0.448730
vt 0.456808 0.455637
vt 0.439890 0.442442
vt 0.438818 0.444366
vt 0.438021 0.445928
vt 0.437259 0.447514
vt 0.440584 0.450226
vt 0.448151 0.456783
vt 0.453225 0.458513
vt 0.451304 0.459628
vt 0.454937 0.457289
vt 0.447932 0.503384
vt 0.451766 0.499265
vt 0.449586 0.497604
vt 0.446241 0.501388
vt 0.446190 0.496466
vt 0.443524 0.499878
vt 0.484793 0.545222
vt 0.470056 0.546090
vt 0.493556 0.538002
vt 0.487918 0.532690
vt 0.465490 0.540191
vt 0.482507 0.527415
vt 0.480336 0.558064
vt 0.490273 0.550977
vt 0.499186 0.543406
vt 0.506472 0.569061
vt 0.495647 0.556860
vt 0.485558 0.564265
vt 0.504633 0.548939
vt 0.485577 0.585018
vt 0.523386 0.551437
vt 0.517959 0.546173
vt 0.512541 0.540932
vt 0.474300 0.570711
vt 0.479479 0.577570
vt 0.400863 0.461075
vt 0.409757 0.458211
vt 0.401428 0.463249
vt 0.410665 0.460762
vt 0.418274 0.456730
vt 0.417522 0.455564
vt 0.418896 0.458057
vt 0.400372 0.459428
vt 0.401257 0.465154
vt 0.410852 0.462714
vt 0.419533 0.459900
vt 0.426557 0.457010
vt 0.425467 0.455273
vt 0.424553 0.454046
vt 0.423585 0.453026
vt 0.416489 0.454208
vt 0.494194 0.407812
vt 0.486306 0.402798
vt 0.479798 0.410915
vt 0.486942 0.415555
vt 0.477923 0.398167
vt 0.472180 0.406555
vt 0.473273 0.418800
vt 0.466391 0.414623
vt 0.508420 0.405673
vt 0.501007 0.400292
vt 0.492392 0.394765
vt 0.483276 0.389733
vt 0.474362 0.385837
vt 0.464647 0.403056
vt 0.459566 0.411212
vt 0.485236 0.427147
vt 0.493053 0.419892
vt 0.439918 0.457105
vt 0.442769 0.460046
vt 0.439217 0.452027
vt 0.435748 0.459476
vt 0.438007 0.462293
vt 0.448781 0.460921
vt 0.436240 0.449434
vt 0.434475 0.451699
vt 0.431427 0.454246
vt 0.427979 0.459439
vt 0.429587 0.462264
vt 0.431162 0.465070
vt 0.439896 0.464689
vt 0.445154 0.462562
vt 0.518260 0.380869
vt 0.506961 0.372151
vt 0.512676 0.386820
vt 0.497757 0.387054
vt 0.507068 0.393283
vt 0.487959 0.381419
vt 0.528065 0.389040
vt 0.484446 0.357719
vt 0.481814 0.367977
vt 0.478427 0.377121
vt 0.515129 0.399388
vt 0.521457 0.393822
vt 0.400343 0.468618
vt 0.399089 0.472826
vt 0.410846 0.465603
vt 0.397824 0.477010
vt 0.421100 0.465479
vt 0.420284 0.462480
vt 0.421889 0.468450
vt 0.477905 0.444410
vt 0.472280 0.449401
vt 0.474153 0.450253
vt 0.475319 0.442714
vt 0.469891 0.447859
vt 0.467702 0.453717
vt 0.465499 0.452162
vt 0.488109 0.441347
vt 0.486650 0.440255
vt 0.481431 0.445977
vt 0.484647 0.438822
vt 0.481850 0.436816
vt 0.464099 0.457171
vt 0.465758 0.458644
vt 0.471693 0.454764
vt 0.475970 0.450388
vt 0.530644 0.542819
vt 0.525024 0.537885
vt 0.542936 0.523873
vt 0.535924 0.518871
vt 0.525013 0.524855
vt 0.529363 0.515546
vt 0.547092 0.510255
vt 0.532264 0.504361
vt 0.462734 0.461470
vt 0.461350 0.459631
vt 0.459142 0.461292
vt 0.460325 0.463273
vt 0.459515 0.457888
vt 0.457477 0.459505
vt 0.457103 0.462438
vt 0.458156 0.464412
vt 0.453462 0.461697
vt 0.548586 0.490013
vt 0.539506 0.466967
vt 0.548550 0.442449
vt 0.540335 0.444369
vt 0.533487 0.457821
vt 0.530820 0.469258
vt 0.533100 0.478142
vt 0.547408 0.422486
vt 0.539150 0.427058
vt 0.529301 0.453236
vt 0.528167 0.463718
vt 0.448475 0.354517
vt 0.445125 0.352266
vt 0.443122 0.361461
vt 0.447176 0.363116
vt 0.441501 0.349906
vt 0.438664 0.359670
vt 0.445290 0.371833
vt 0.436240 0.369054
vt 0.452726 0.356021
vt 0.432754 0.358096
vt 0.449925 0.372770
vt 0.512309 0.424765
vt 0.509797 0.420676
vt 0.501032 0.426569
vt 0.506098 0.416782
vt 0.497707 0.423499
vt 0.492484 0.432753
vt 0.494568 0.434757
vt 0.489452 0.430302
vt 0.513523 0.429096
vt 0.518227 0.415386
vt 0.514102 0.410511
vt 0.504520 0.432174
vt 0.452773 0.466164
vt 0.451912 0.464433
vt 0.447827 0.465809
vt 0.448606 0.467373
vt 0.450693 0.462863
vt 0.446778 0.464370
vt 0.442056 0.467716
vt 0.442771 0.469116
vt 0.441189 0.466393
vt 0.437944 0.599253
vt 0.451561 0.587360
vt 0.436301 0.591033
vt 0.466167 0.583017
vt 0.448542 0.579870
vt 0.461868 0.575865
vt 0.544401 0.410327
vt 0.533111 0.406680
vt 0.534991 0.395845
vt 0.528173 0.400116
vt 0.525915 0.410851
vt 0.529159 0.418245
vt 0.521358 0.404967
vt 0.427264 0.346608
vt 0.416508 0.345769
vt 0.424634 0.356996
vt 0.405103 0.345079
vt 0.422545 0.366883
vt 0.403061 0.366430
vt 0.402212 0.376194
vt 0.432378 0.446595
vt 0.431145 0.448885
vt 0.432589 0.449989
vt 0.430894 0.445888
vt 0.429809 0.448105
vt 0.428723 0.451403
vt 0.434807 0.445708
vt 0.432978 0.444632
vt 0.431366 0.443969
vt 0.455349 0.391087
vt 0.457673 0.400824
vt 0.445810 0.398795
vt 0.447450 0.407637
vt 0.453215 0.408975
vt 0.442304 0.406754
vt 0.466237 0.383515
vt 0.443881 0.415144
vt 0.449050 0.416521
vt 0.412085 0.413368
vt 0.406043 0.412780
vt 0.404969 0.418821
vt 0.410737 0.419456
vt 0.399589 0.412481
vt 0.398867 0.418479
vt 0.404129 0.424232
vt 0.407217 0.406275
vt 0.400282 0.406107
vt 0.403639 0.428683
vt 0.409201 0.429288
vt 0.409191 0.432665
vt 0.403565 0.431942
vt 0.403776 0.434311
vt 0.409543 0.435192
vt 0.397691 0.431566
vt 0.397709 0.433546
vt 0.404098 0.436206
vt 0.410033 0.437177
vt 0.410440 0.438918
vt 0.436882 0.440540
vt 0.434576 0.439435
vt 0.433923 0.441415
vt 0.436019 0.442497
vt 0.432493 0.438746
vt 0.432054 0.440760
vt 0.435387 0.444087
vt 0.431702 0.442367
vt 0.438155 0.437819
vt 0.435506 0.436668
vt 0.433092 0.435919
vt 0.445433 0.423279
vt 0.440936 0.421919
vt 0.438608 0.427840
vt 0.442414 0.429140
vt 0.436867 0.420962
vt 0.435146 0.426934
vt 0.436823 0.432794
vt 0.439988 0.434016
vt 0.433934 0.431965
vt 0.418923 0.384636
vt 0.410718 0.384369
vt 0.409537 0.392134
vt 0.401643 0.384538
vt 0.401208 0.392073
vt 0.408381 0.399404
vt 0.415357 0.399842
vt 0.400787 0.399261
vt 0.398298 0.449157
vt 0.398992 0.452866
vt 0.406709 0.451616
vt 0.405513 0.448757
vt 0.399721 0.456478
vt 0.407928 0.454359
vt 0.413358 0.450313
vt 0.415068 0.452409
vt 0.397801 0.445769
vt 0.410324 0.446114
vt 0.404651 0.446064
vt 0.466742 0.355608
vt 0.464691 0.364678
vt 0.472720 0.365472
vt 0.457640 0.364542
vt 0.462146 0.373591
vt 0.469783 0.374668
vt 0.455514 0.373185
vt 0.410586 0.440657
vt 0.404435 0.439746
vt 0.404384 0.441671
vt 0.410457 0.442431
vt 0.397784 0.438808
vt 0.397688 0.440902
vt 0.410177 0.444236
vt 0.397643 0.443134
vt 0.475750 0.456827
vt 0.479002 0.457082
vt 0.482712 0.453677
vt 0.480245 0.453126
vt 0.485938 0.453973
vt 0.485510 0.449978
vt 0.490043 0.451441
vt 0.472594 0.461322
vt 0.473964 0.455659
vt 0.480927 0.460379
vt 0.489786 0.454130
vt 0.493293 0.452020
vt 0.497579 0.450209
vt 0.492999 0.448358
vt 0.484415 0.448951
vt 0.478942 0.452118
vt 0.475002 0.453049
vt 0.479098 0.450562
vt 0.480088 0.449070
vt 0.478092 0.449823
vt 0.484115 0.447708
vt 0.482885 0.446236
vt 0.490257 0.444734
vt 0.489930 0.443409
vt 0.496570 0.455901
vt 0.498508 0.454398
vt 0.494115 0.454244
vt 0.500650 0.455813
vt 0.502492 0.454675
vt 0.500938 0.453144
vt 0.504550 0.453748
vt 0.490517 0.458532
vt 0.495337 0.457718
vt 0.499449 0.457162
vt 0.502131 0.456906
vt 0.503717 0.456056
vt 0.509147 0.453796
vt 0.506719 0.452943
vt 0.504590 0.449874
vt 0.506831 0.451061
vt 0.509973 0.450368
vt 0.508744 0.449035
vt 0.508954 0.452193
vt 0.511161 0.451616
vt 0.512936 0.450203
vt 0.512688 0.448885
vt 0.513215 0.451389
vt 0.512195 0.452722
vt 0.513559 0.452428
vt 0.514544 0.452382
vt 0.514922 0.451742
vt 0.515460 0.450825
vt 0.516063 0.449699
vt 0.512444 0.447504
vt 0.519660 0.471229
vt 0.515052 0.474792
vt 0.514761 0.477562
vt 0.519324 0.469105
vt 0.515316 0.472290
vt 0.509543 0.477094
vt 0.508725 0.479844
vt 0.510440 0.474417
vt 0.523861 0.468263
vt 0.522915 0.465967
vt 0.521087 0.463324
vt 0.518816 0.467000
vt 0.515439 0.469660
vt 0.511286 0.471501
vt 0.506687 0.472722
vt 0.505094 0.475796
vt 0.502326 0.481279
vt 0.523688 0.449998
vt 0.518991 0.442657
vt 0.520458 0.446353
vt 0.520462 0.448930
vt 0.522652 0.452798
vt 0.517940 0.437820
vt 0.514217 0.440855
vt 0.516653 0.444921
vt 0.521500 0.454068
vt 0.521987 0.458674
vt 0.474890 0.477510
vt 0.478669 0.474630
vt 0.472757 0.472261
vt 0.482760 0.471850
vt 0.480946 0.468235
vt 0.471817 0.466689
vt 0.480308 0.464264
vt 0.478456 0.481498
vt 0.481935 0.477877
vt 0.485699 0.474651
vt 0.489738 0.471600
vt 0.487167 0.469188
vt 0.485585 0.466112
vt 0.485035 0.462747
vt 0.495960 0.482309
vt 0.497586 0.479559
vt 0.491787 0.479968
vt 0.499660 0.476654
vt 0.494428 0.476885
vt 0.486432 0.479557
vt 0.483731 0.482967
vt 0.489675 0.476291
vt 0.501960 0.473462
vt 0.493220 0.473057
vt 0.510287 0.456252
vt 0.508584 0.456992
vt 0.509370 0.455197
vt 0.507662 0.455891
vt 0.506332 0.459393
vt 0.511787 0.457062
vt 0.509630 0.459925
vt 0.510760 0.454625
vt 0.502843 0.457737
vt 0.503451 0.459024
vt 0.503651 0.460493
vt 0.507584 0.460664
vt 0.513988 0.456028
vt 0.514024 0.453387
vt 0.512992 0.453683
vt 0.512968 0.456469
vt 0.516237 0.457148
vt 0.516016 0.455894
vt 0.515474 0.457443
vt 0.515595 0.454417
vt 0.515062 0.453167
vt 0.512999 0.458470
vt 0.514341 0.457889
vt 0.518037 0.464528
vt 0.517115 0.461910
vt 0.515066 0.463432
vt 0.516217 0.459487
vt 0.514712 0.460422
vt 0.512493 0.464616
vt 0.511977 0.468149
vt 0.512834 0.461270
vt 0.519825 0.461713
vt 0.518436 0.459903
vt 0.517149 0.458255
vt 0.510668 0.462080
vt 0.508210 0.469220
vt 0.518556 0.451666
vt 0.517321 0.452399
vt 0.518466 0.454698
vt 0.520054 0.454615
vt 0.516142 0.452866
vt 0.516937 0.454556
vt 0.518868 0.457363
vt 0.520496 0.458197
vt 0.517329 0.456495
vt 0.491814 0.466612
vt 0.496336 0.464215
vt 0.495356 0.462113
vt 0.490508 0.464037
vt 0.499744 0.460431
vt 0.494975 0.459856
vt 0.490061 0.461232
vt 0.493965 0.468611
vt 0.497997 0.465798
vt 0.504280 0.469922
vt 0.506443 0.466275
vt 0.503318 0.466671
vt 0.500432 0.470154
vt 0.508281 0.462838
vt 0.505779 0.463430
vt 0.500405 0.466579
vt 0.496909 0.469768
vt 0.503337 0.463696
vt 0.513109 0.433100
vt 0.504939 0.434928
vt 0.496751 0.438328
vt 0.504559 0.439844
vt 0.510984 0.438884
vt 0.497345 0.441963
vt 0.497593 0.443670
vt 0.510407 0.440884
vt 0.510866 0.442764
vt 0.504922 0.443578
vt 0.511639 0.444553
vt 0.498224 0.445136
vt 0.499266 0.446405
vt 0.506568 0.446415
s 1
usemtl Material
f 5487/3983/5486 5488/3984/5487 5491/3985/5490 5490/3986/5489
f 5488/3984/5487 5489/3987/5488 5492/3988/5491 5491/3985/5490
f 5490/3986/5489 5491/3985/5490 5494/3989/5493 5493/3990/5492
f 5491/3985/5490 5492/3988/5491 5495/3991/5494 5494/3989/5493
f 4533/3992/4533 4859/3993/4859 5487/3983/5486 4692/3994/4692
f 4859/3993/4859 4858/3995/4858 5488/3984/5487 5487/3983/5486
f 4858/3995/4858 4857/3996/4857 5489/3987/5488 5488/3984/5487
f 4857/3996/4857 4536/3997/4536 4641/3998/4641 5489/3987/5488
f 5489/3987/5488 4641/3998/4641 4642/3999/4642 5492/3988/5491
f 5492/3988/5491 4642/3999/4642 4643/4000/4643 5495/3991/5494
f 5495/3991/5494 4643/4000/4643 4490/4001/4490 4680/4002/4680
f 5494/3989/5493 5495/3991/5494 4680/4002/4680 4681/4003/4681
f 5493/3990/5492 5494/3989/5493 4681/4003/4681 4682/4004/4682
f 4694/4005/4694 5493/3990/5492 4682/4004/4682 4499/4006/4499
f 4693/4007/4693 5490/3986/5489 5493/3990/5492 4694/4005/4694
f 4692/3994/4692 5487/3983/5486 5490/3986/5489 4693/4007/4693
f 5496/4008/5495 5497/4009/5496 5500/4010/5499 5499/4011/5498
f 5497/4009/5496 5498/4012/5497 5501/4013/5500 5500/4010/5499
f 5499/4011/5498 5500/4010/5499 5503/4014/5502 5502/4015/5501
f 5500/4010/5499 5501/4013/5500 5504/4016/5503 5503/4014/5502
f 4545/4017/4545 4979/4018/4978 5496/4008/5495 4689/4019/4689
f 4979/4018/4978 4978/4020/4977 5497/4009/5496 5496/4008/5495
f 4978/4020/4977 4977/4021/4976 5498/4012/5497 5497/4009/5496
f 4977/4021/4976 4541/4022/4541 4650/4023/4650 5498/4012/5497
f 5498/4012/5497 4650/4023/4650 4651/4024/4651 5501/4013/5500
f 5501/4013/5500 4651/4024/4651 4652/4025/4652 5504/4016/5503
f 5504/4016/5503 4652/4025/4652 4488/4026/4488 4640/4027/4640
f 5503/4014/5502 5504/4016/5503 4640/4027/4640 4639/4028/4639
f 5502/4015/5501 5503/4014/5502 4639/4028/4639 4638/4029/4638
f 4691/4030/4691 5502/4015/5501 4638/4029/4638 4498/4031/4498
f 4690/4032/4690 5499/4011/5498 5502/4015/5501 4691/4030/4691
f 4689/4019/4689 5496/4008/5495 5499/4011/5498 4690/4032/4690
f 5505/4033/5504 5506/4034/5505 5509/4035/5508 5508/4036/5507
f 5506/4034/5505 5507/4037/5506 5510/4038/5509 5509/4035/5508
f 5508/4036/5507 5509/4035/5508 5512/4039/5511 5511/4040/5510
f 5509/4035/5508 5510/4038/5509 5513/4041/5512 5512/4039/5511
f 4495/4042/4495 4700/4043/4700 5505/4033/5504 4974/4044/4973
f 4700/4043/4700 4699/4045/4699 5506/4034/5505 5505/4033/5504
f 4699/4045/4699 4698/4046/4698 5507/4037/5506 5506/4034/5505
f 4698/4046/4698 4505/4047/4505 4775/4048/4775 5507/4037/5506
f 5507/4037/5506 4775/4048/4775 4774/4049/4774 5510/4038/5509
f 5510/4038/5509 4774/4049/4774 4773/4050/4773 5513/4041/5512
f 5513/4041/5512 4773/4050/4773 4488/4026/4488 4652/4025/4652
f 5512/4039/5511 5513/4041/5512 4652/4025/4652 4651/4024/4651
f 5511/4040/5510 5512/4039/5511 4651/4024/4651 4650/4023/4650
f 4976/4051/4975 5511/4040/5510 4650/4023/4650 4541/4022/4541
f 4975/4052/4974 5508/4036/5507 5511/4040/5510 4976/4051/4975
f 4974/4044/4973 5505/4033/5504 5508/4036/5507 4975/4052/4974
f 5514/4053/5513 5515/4054/5514 5518/4055/5517 5517/4056/5516
f 5515/4054/5514 5516/4057/5515 5519/4058/5518 5518/4055/5517
f 5517/4056/5516 5518/4055/5517 5521/4059/5520 5520/4060/5519
f 5518/4055/5517 5519/4058/5518 5522/4061/5521 5521/4059/5520
f 4552/4062/4552 4973/4063/4972 5514/4053/5513 4890/4064/4890
f 4973/4063/4972 4972/4065/4971 5515/4054/5514 5514/4053/5513
f 4972/4065/4971 4971/4066/4970 5516/4057/5515 5515/4054/5514
f 4971/4066/4970 4542/4067/4542 4659/4068/4659 5516/4057/5515
f 5516/4057/5515 4659/4068/4659 4660/4069/4660 5519/4058/5518
f 5519/4058/5518 4660/4069/4660 4661/4070/4661 5522/4061/5521
f 5522/4061/5521 4661/4070/4661 4491/4071/4491 4655/4072/4655
f 5521/4059/5520 5522/4061/5521 4655/4072/4655 4654/4073/4654
f 5520/4060/5519 5521/4059/5520 4654/4073/4654 4653/4074/4653
f 4892/4075/4892 5520/4060/5519 4653/4074/4653 4531/4076/4531
f 4891/4077/4891 5517/4056/5516 5520/4060/5519 4892/4075/4892
f 4890/4064/4890 5514/4053/5513 5517/4056/5516 4891/4077/4891
f 5523/4078/5522 5524/4079/5523 5527/4080/5526 5526/4081/5525
f 5524/4079/5523 5525/4082/5524 5528/4083/5527 5527/4080/5526
f 5526/4081/5525 5527/4080/5526 5530/4084/5529 5529/4085/5528
f 5527/4080/5526 5528/4083/5527 5531/4086/5530 5530/4084/5529
f 4527/4087/4527 4868/4088/4868 5523/4078/5522 4881/4089/4881
f 4868/4088/4868 4867/4090/4867 5524/4079/5523 5523/4078/5522
f 4867/4090/4867 4866/4091/4866 5525/4082/5524 5524/4079/5523
f 4866/4091/4866 4535/4092/4535 4662/4093/4662 5525/4082/5524
f 5525/4082/5524 4662/4093/4662 4663/4094/4663 5528/4083/5527
f 5528/4083/5527 4663/4094/4663 4664/4095/4664 5531/4086/5530
f 5531/4086/5530 4664/4095/4664 4492/4096/4492 4833/4097/4833
f 5530/4084/5529 5531/4086/5530 4833/4097/4833 4834/4098/4834
f 5529/4085/5528 5530/4084/5529 4834/4098/4834 4835/4099/4835
f 4883/4100/4883 5529/4085/5528 4835/4099/4835 4528/4101/4528
f 4882/4102/4882 5526/4081/5525 5529/4085/5528 4883/4100/4883
f 4881/4089/4881 5523/4078/5522 5526/4081/5525 4882/4102/4882
f 5532/4103/5531 5533/4104/5532 5536/4105/5535 5535/4106/5534
f 5533/4104/5532 5534/4107/5533 5537/4108/5536 5536/4105/5535
f 5535/4106/5534 5536/4105/5535 5539/4109/5538 5538/4110/5537
f 5536/4105/5535 5537/4108/5536 5540/4111/5539 5539/4109/5538
f 4534/4112/4534 4853/4113/4853 5532/4103/5531 4986/4114/4985
f 4853/4113/4853 4852/4115/4852 5533/4104/5532 5532/4103/5531
f 4852/4115/4852 4851/4116/4851 5534/4107/5533 5533/4104/5532
f 4851/4116/4851 4514/4117/4514 4983/4118/4982 5534/4107/5533
f 5534/4107/5533 4983/4118/4982 4984/4119/4983 5537/4108/5536
f 5537/4108/5536 4984/4119/4983 4985/4120/4984 5540/4111/5539
f 5540/4111/5539 4985/4120/4984 4553/4121/4553 4992/4122/4991
f 5539/4109/5538 5540/4111/5539 4992/4122/4991 4993/4123/4992
f 5538/4110/5537 5539/4109/5538 4993/4123/4992 4994/4124/4993
f 4988/4125/4987 5538/4110/5537 4994/4124/4993 4554/4126/4554
f 4987/4127/4986 5535/4106/5534 5538/4110/5537 4988/4125/4987
f 4986/4114/4985 5532/4103/5531 5535/4106/5534 4987/4127/4986
f 5541/4128/5540 5542/4129/5541 5545/4130/5544 5544/4131/5543
f 5542/4129/5541 5543/4132/5542 5546/4133/5545 5545/4130/5544
f 5544/4131/5543 5545/4130/5544 5548/4134/5547 5547/4135/5546
f 5545/4130/5544 5546/4133/5545 5549/4136/5548 5548/4134/5547
f 4507/4137/4507 4781/4138/4781 5541/4128/5540 4965/4139/4964
f 4781/4138/4781 4780/4140/4780 5542/4129/5541 5541/4128/5540
f 4780/4140/4780 4779/4141/4779 5543/4132/5542 5542/4129/5541
f 4779/4141/4779 4520/4142/4520 4850/4143/4850 5543/4132/5542
f 5543/4132/5542 4850/4143/4850 4849/4144/4849 5546/4133/5545
f 5546/4133/5545 4849/4144/4849 4848/4145/4848 5549/4136/5548
f 5549/4136/5548 4848/4145/4848 4494/4146/4494 4905/4147/4905
f 5548/4134/5547 5549/4136/5548 4905/4147/4905 4906/4148/4906
f 5547/4135/5546 5548/4134/5547 4906/4148/4906 4907/4149/4907
f 4967/4150/4966 5547/4135/5546 4907/4149/4907 4544/4151/4544
f 4966/4152/4965 5544/4131/5543 5547/4135/5546 4967/4150/4966
f 4965/4139/4964 5541/4128/5540 5544/4131/5543 4966/4152/4965
f 5550/4153/5549 5551/4154/5550 5554/4155/5553 5553/4156/5552
f 5551/4154/5550 5552/4157/5551 5555/4158/5554 5554/4155/5553
f 5553/4156/5552 5554/4155/5553 5557/4159/5556 5556/4160/5555
f 5554/4155/5553 5555/4158/5554 5558/4161/5557 5557/4159/5556
f 4515/4162/4515 4769/4163/4769 5550/4153/5549 4686/4164/4686
f 4769/4163/4769 4768/4165/4768 5551/4154/5550 5550/4153/5549
f 4768/4165/4768 4767/4166/4767 5552/4157/5551 5551/4154/5550
f 4767/4166/4767 4512/4167/4512 4668/4168/4668 5552/4157/5551
f 5552/4157/5551 4668/4168/4668 4669/4169/4669 5555/4158/5554
f 5555/4158/5554 4669/4169/4669 4670/4170/4670 5558/4161/5557
f 5558/4161/5557 4670/4170/4670 4494/4146/4494 4683/4171/4683
f 5557/4159/5556 5558/4161/5557 4683/4171/4683 4684/4172/4684
f 5556/4160/5555 5557/4159/5556 4684/4172/4684 4685/4173/4685
f 4688/4174/4688 5556/4160/5555 4685/4173/4685 4503/4175/4503
f 4687/4176/4687 5553/4156/5552 5556/4160/5555 4688/4174/4688
f 4686/4164/4686 5550/4153/5549 5553/4156/5552 4687/4176/4687
f 5559/4177/5558 5560/4178/5559 5563/4179/5562 5562/4180/5561
f 5560/4178/5559 5561/4181/5560 5564/4182/5563 5563/4179/5562
f 5562/4180/5561 5563/4179/5562 5566/4183/5565 5565/4184/5564
f 5563/4179/5562 5564/4182/5563 5567/4185/5566 5566/4183/5565
f 4518/4186/4518 4766/4187/4766 5559/4177/5558 4728/4188/4728
f 4766/4187/4766 4765/4189/4765 5560/4178/5559 5559/4177/5558
f 4765/4189/4765 4764/4190/4764 5561/4181/5560 5560/4178/5559
f 4764/4190/4764 4515/4162/4515 4686/4164/4686 5561/4181/5560
f 5561/4181/5560 4686/4164/4686 4687/4176/4687 5564/4182/5563
f 5564/4182/5563 4687/4176/4687 4688/4174/4688 5567/4185/5566
f 5567/4185/5566 4688/4174/4688 4503/4175/4503 4707/4191/4707
f 5566/4183/5565 5567/4185/5566 4707/4191/4707 4708/4192/4708
f 5565/4184/5564 5566/4183/5565 4708/4192/4708 4709/4193/4709
f 4730/4194/4730 5565/4184/5564 4709/4193/4709 4508/4195/4508
f 4729/4196/4729 5562/4180/5561 5565/4184/5564 4730/4194/4730
f 4728/4188/4728 5559/4177/5558 5562/4180/5561 4729/4196/4729
f 5568/4197/5567 5569/4198/5568 5572/4199/5571 5571/4200/5570
f 5569/4198/5568 5570/4201/5569 5573/4202/5572 5572/4199/5571
f 5571/4200/5570 5572/4199/5571 5575/4203/5574 5574/4204/5573
f 5572/4199/5571 5573/4202/5572 5576/4205/5575 5575/4203/5574
f 4548/4206/4548 4964/4207/4963 5568/4197/5567 4722/4208/4722
f 4964/4207/4963 4963/4209/4962 5569/4198/5568 5568/4197/5567
f 4963/4209/4962 4962/4210/4961 5570/4201/5569 5569/4198/5568
f 4962/4210/4961 4545/4017/4545 4689/4019/4689 5570/4201/5569
f 5570/4201/5569 4689/4019/4689 4690/4032/4690 5573/4202/5572
f 5573/4202/5572 4690/4032/4690 4691/4030/4691 5576/4205/5575
f 5576/4205/5575 4691/4030/4691 4498/4031/4498 4679/4211/4679
f 5575/4203/5574 5576/4205/5575 4679/4211/4679 4678/4212/4678
f 5574/4204/5573 5575/4203/5574 4678/4212/4678 4677/4213/4677
f 4724/4214/4724 5574/4204/5573 4677/4213/4677 4509/4215/4509
f 4723/4216/4723 5571/4200/5570 5574/4204/5573 4724/4214/4724
f 4722/4208/4722 5568/4197/5567 5571/4200/5570 4723/4216/4723
f 5577/4217/5576 5578/4218/5577 5581/4219/5580 5580/4220/5579
f 5578/4218/5577 5579/4221/5578 5582/4222/5581 5581/4219/5580
f 5580/4220/5579 5581/4219/5580 5584/4223/5583 5583/4224/5582
f 5581/4219/5580 5582/4222/5581 5585/4225/5584 5584/4223/5583
f 4530/4226/4530 4871/4227/4871 5577/4217/5576 4713/4228/4713
f 4871/4227/4871 4870/4229/4870 5578/4218/5577 5577/4217/5576
f 4870/4229/4870 4869/4230/4869 5579/4221/5578 5578/4218/5577
f 4869/4230/4869 4533/3992/4533 4692/3994/4692 5579/4221/5578
f 5579/4221/5578 4692/3994/4692 4693/4007/4693 5582/4222/5581
f 5582/4222/5581 4693/4007/4693 4694/4005/4694 5585/4225/5584
f 5585/4225/5584 4694/4005/4694 4499/4006/4499 4695/4231/4695
f 5584/4223/5583 5585/4225/5584 4695/4231/4695 4696/4232/4696
f 5583/4224/5582 5584/4223/5583 4696/4232/4696 4697/4233/4697
f 4715/4234/4715 5583/4224/5582 4697/4233/4697 4504/4235/4504
f 4714/4236/4714 5580/4220/5579 5583/4224/5582 4715/4234/4715
f 4713/4228/4713 5577/4217/5576 5580/4220/5579 4714/4236/4714
f 5586/4237/5585 5587/4238/5586 5590/4239/5589 5589/4240/5588
f 5587/4238/5586 5588/4241/5587 5591/4242/5590 5590/4239/5589
f 5589/4240/5588 5590/4239/5589 5593/4243/5592 5592/4244/5591
f 5590/4239/5589 5591/4242/5590 5594/4245/5593 5593/4243/5592
f 4535/4092/4535 4877/4246/4877 5586/4237/5585 4662/4093/4662
f 4877/4246/4877 4876/4247/4876 5587/4238/5586 5586/4237/5585
f 4876/4247/4876 4875/4248/4875 5588/4241/5587 5587/4238/5586
f 4875/4248/4875 4530/4226/4530 4713/4228/4713 5588/4241/5587
f 5588/4241/5587 4713/4228/4713 4714/4236/4714 5591/4242/5590
f 5591/4242/5590 4714/4236/4714 4715/4234/4715 5594/4245/5593
f 5594/4245/5593 4715/4234/4715 4504/4235/4504 4656/4249/4656
f 5593/4243/5592 5594/4245/5593 4656/4249/4656 4657/4250/4657
f 5592/4244/5591 5593/4243/5592 4657/4250/4657 4658/4251/4658
f 4664/4095/4664 5592/4244/5591 4658/4251/4658 4492/4096/4492
f 4663/4094/4663 5589/4240/5588 5592/4244/5591 4664/4095/4664
f 4662/4093/4662 5586/4237/5585 5589/4240/5588 4663/4094/4663
f 5595/4252/5594 5596/4253/5595 5599/4254/5598 5598/4255/5597
f 5596/4253/5595 5597/4256/5596 5600/4257/5599 5599/4254/5598
f 5598/4255/5597 5599/4254/5598 5602/4258/5601 5601/4259/5600
f 5599/4254/5598 5600/4257/5599 5603/4260/5602 5602/4258/5601
f 4542/4067/4542 4955/4261/4954 5595/4252/5594 4659/4068/4659
f 4955/4261/4954 4954/4262/4953 5596/4253/5595 5595/4252/5594
f 4954/4262/4953 4953/4263/4952 5597/4256/5596 5596/4253/5595
f 4953/4263/4952 4548/4206/4548 4722/4208/4722 5597/4256/5596
f 5597/4256/5596 4722/4208/4722 4723/4216/4723 5600/4257/5599
f 5600/4257/5599 4723/4216/4723 4724/4214/4724 5603/4260/5602
f 5603/4260/5602 4724/4214/4724 4509/4215/4509 4712/4264/4712
f 5602/4258/5601 5603/4260/5602 4712/4264/4712 4711/4265/4711
f 5601/4259/5600 5602/4258/5601 4711/4265/4711 4710/4266/4710
f 4661/4070/4661 5601/4259/5600 4710/4266/4710 4491/4071/4491
f 4660/4069/4660 5598/4255/5597 5601/4259/5600 4661/4070/4661
f 4659/4068/4659 5595/4252/5594 5598/4255/5597 4660/4069/4660
f 5605/4267/5604 5606/4268/5605 5604/4269/5603 5610/4270/5609
f 5607/4271/5606 5608/4272/5607 5604/4269/5603 5606/4268/5605
f 5609/4273/5608 5610/4270/5609 5604/4269/5603 5608/4272/5607
f 4514/4117/4514 4757/4274/4757 5605/4267/5604 4983/4118/4982
f 4757/4274/4757 4756/4275/4756 5606/4268/5605 5605/4267/5604
f 4983/4118/4982 5605/4267/5604 5610/4270/5609 4984/4119/4983
f 4518/4186/4518 4989/4276/4988 5607/4271/5606 4755/4277/4755
f 4989/4276/4988 4990/4278/4989 5608/4272/5607 5607/4271/5606
f 4755/4277/4755 5607/4271/5606 5606/4268/5605 4756/4275/4756
f 4553/4121/4553 4985/4120/4984 5609/4273/5608 4991/4279/4990
f 4985/4120/4984 4984/4119/4983 5610/4270/5609 5609/4273/5608
f 4991/4279/4990 5609/4273/5608 5608/4272/5607 4990/4278/4989
f 5611/4280/5610 5612/4281/5611 5615/4282/5614 5614/4283/5613
f 5612/4281/5611 5613/4284/5612 5616/4285/5615 5615/4282/5614
f 5614/4283/5613 5615/4282/5614 5618/4286/5617 5617/4287/5616
f 5615/4282/5614 5616/4285/5615 5619/4288/5618 5618/4286/5617
f 4502/4289/4502 4703/4290/4703 5611/4280/5610 4740/4291/4740
f 4703/4290/4703 4702/4292/4702 5612/4281/5611 5611/4280/5610
f 4702/4292/4702 4701/4293/4701 5613/4284/5612 5612/4281/5611
f 4701/4293/4701 4500/4294/4500 4752/4295/4752 5613/4284/5612
f 5613/4284/5612 4752/4295/4752 4753/4296/4753 5616/4285/5615
f 5616/4285/5615 4753/4296/4753 4754/4297/4754 5619/4288/5618
f 5619/4288/5618 4754/4297/4754 4518/4186/4518 4755/4277/4755
f 5618/4286/5617 5619/4288/5618 4755/4277/4755 4756/4275/4756
f 5617/4287/5616 5618/4286/5617 4756/4275/4756 4757/4274/4757
f 4742/4298/4742 5617/4287/5616 4757/4274/4757 4514/4117/4514
f 4741/4299/4741 5614/4283/5613 5617/4287/5616 4742/4298/4742
f 4740/4291/4740 5611/4280/5610 5614/4283/5613 4741/4299/4741
f 5620/4300/5619 5621/4301/5620 5624/4302/5623 5623/4303/5622
f 5621/4301/5620 5622/4304/5621 5625/4305/5624 5624/4302/5623
f 5623/4303/5622 5624/4302/5623 5627/4306/5626 5626/4307/5625
f 5624/4302/5623 5625/4305/5624 5628/4308/5627 5627/4306/5626
f 4500/4294/4500 4706/4309/4706 5620/4300/5619 4752/4295/4752
f 4706/4309/4706 4705/4310/4705 5621/4301/5620 5620/4300/5619
f 4705/4310/4705 4704/4311/4704 5622/4304/5621 5621/4301/5620
f 4704/4311/4704 4501/4312/4501 4743/4313/4743 5622/4304/5621
f 5622/4304/5621 4743/4313/4743 4744/4314/4744 5625/4305/5624
f 5625/4305/5624 4744/4314/4744 4745/4315/4745 5628/4308/5627
f 5628/4308/5627 4745/4315/4745 4515/4162/4515 4764/4190/4764
f 5627/4306/5626 5628/4308/5627 4764/4190/4764 4765/4189/4765
f 5626/4307/5625 5627/4306/5626 4765/4189/4765 4766/4187/4766
f 4754/4297/4754 5626/4307/5625 4766/4187/4766 4518/4186/4518
f 4753/4296/4753 5623/4303/5622 5626/4307/5625 4754/4297/4754
f 4752/4295/4752 5620/4300/5619 5623/4303/5622 4753/4296/4753
f 5629/4316/5628 5630/4317/5629 5633/4318/5632 5632/4319/5631
f 5630/4317/5629 5631/4320/5630 5634/4321/5633 5633/4318/5632
f 5632/4319/5631 5633/4318/5632 5636/4322/5635 5635/4323/5634
f 5633/4318/5632 5634/4321/5633 5637/4324/5636 5636/4322/5635
f 4501/4312/4501 4718/4325/4718 5629/4316/5628 4743/4313/4743
f 4718/4325/4718 4717/4326/4717 5630/4317/5629 5629/4316/5628
f 4717/4326/4717 4716/4327/4716 5631/4320/5630 5630/4317/5629
f 4716/4327/4716 4505/4047/4505 4734/4328/4734 5631/4320/5630
f 5631/4320/5630 4734/4328/4734 4735/4329/4735 5634/4321/5633
f 5634/4321/5633 4735/4329/4735 4736/4330/4736 5637/4324/5636
f 5637/4324/5636 4736/4330/4736 4512/4167/4512 4767/4166/4767
f 5636/4322/5635 5637/4324/5636 4767/4166/4767 4768/4165/4768
f 5635/4323/5634 5636/4322/5635 4768/4165/4768 4769/4163/4769
f 4745/4315/4745 5635/4323/5634 4769/4163/4769 4515/4162/4515
f 4744/4314/4744 5632/4319/5631 5635/4323/5634 4745/4315/4745
f 4743/4313/4743 5629/4316/5628 5632/4319/5631 4744/4314/4744
f 5638/4331/5637 5639/4332/5638 5642/4333/5641 5641/4334/5640
f 5639/4332/5638 5640/4335/5639 5643/4336/5642 5642/4333/5641
f 5641/4334/5640 5642/4333/5641 5645/4337/5644 5644/4338/5643
f 5642/4333/5641 5643/4336/5642 5646/4339/5645 5645/4337/5644
f 4496/4340/4496 4721/4341/4721 5638/4331/5637 4872/4342/4872
f 4721/4341/4721 4720/4343/4720 5639/4332/5638 5638/4331/5637
f 4720/4343/4720 4719/4344/4719 5640/4335/5639 5639/4332/5638
f 4719/4344/4719 4502/4289/4502 4740/4291/4740 5640/4335/5639
f 5640/4335/5639 4740/4291/4740 4741/4299/4741 5643/4336/5642
f 5643/4336/5642 4741/4299/4741 4742/4298/4742 5646/4339/5645
f 5646/4339/5645 4742/4298/4742 4514/4117/4514 4851/4116/4851
f 5645/4337/5644 5646/4339/5645 4851/4116/4851 4852/4115/4852
f 5644/4338/5643 5645/4337/5644 4852/4115/4852 4853/4113/4853
f 4874/4345/4874 5644/4338/5643 4853/4113/4853 4534/4112/4534
f 4873/4346/4873 5641/4334/5640 5644/4338/5643 4874/4345/4874
f 4872/4342/4872 5638/4331/5637 5641/4334/5640 4873/4346/4873
f 5647/4347/5646 5648/4348/5647 5651/4349/5650 5650/4350/5649
f 5648/4348/5647 5649/4351/5648 5652/4352/5651 5651/4349/5650
f 5650/4350/5649 5651/4349/5650 5654/4353/5653 5653/4354/5652
f 5651/4349/5650 5652/4352/5651 5655/4355/5654 5654/4353/5653
f 4544/4151/4544 4907/4149/4907 5647/4347/5646 4950/4356/4949
f 4907/4149/4907 4906/4148/4906 5648/4348/5647 5647/4347/5646
f 4906/4148/4906 4905/4147/4905 5649/4351/5648 5648/4348/5647
f 4905/4147/4905 4494/4146/4494 4670/4170/4670 5649/4351/5648
f 5649/4351/5648 4670/4170/4670 4669/4169/4669 5652/4352/5651
f 5652/4352/5651 4669/4169/4669 4668/4168/4668 5655/4355/5654
f 5655/4355/5654 4668/4168/4668 4512/4167/4512 4923/4357/4923
f 5654/4353/5653 5655/4355/5654 4923/4357/4923 4924/4358/4924
f 5653/4354/5652 5654/4353/5653 4924/4358/4924 4925/4359/4925
f 4952/4360/4951 5653/4354/5652 4925/4359/4925 4549/4361/4549
f 4951/4362/4950 5650/4350/5649 5653/4354/5652 4952/4360/4951
f 4950/4356/4949 5647/4347/5646 5650/4350/5649 4951/4362/4950
f 5656/4363/5655 5657/4364/5656 5660/4365/5659 5659/4366/5658
f 5657/4364/5656 5658/4367/5657 5661/4368/5660 5660/4365/5659
f 5659/4366/5658 5660/4365/5659 5663/4369/5662 5662/4370/5661
f 5660/4365/5659 5661/4368/5660 5664/4371/5663 5663/4369/5662
f 4549/4361/4549 4925/4359/4925 5656/4363/5655 4737/4372/4737
f 4925/4359/4925 4924/4358/4924 5657/4364/5656 5656/4363/5655
f 4924/4358/4924 4923/4357/4923 5658/4367/5657 5657/4364/5656
f 4923/4357/4923 4512/4167/4512 4736/4330/4736 5658/4367/5657
f 5658/4367/5657 4736/4330/4736 4735/4329/4735 5661/4368/5660
f 5661/4368/5660 4735/4329/4735 4734/4328/4734 5664/4371/5663
f 5664/4371/5663 4734/4328/4734 4505/4047/4505 4698/4046/4698
f 5663/4369/5662 5664/4371/5663 4698/4046/4698 4699/4045/4699
f 5662/4370/5661 5663/4369/5662 4699/4045/4699 4700/4043/4700
f 4739/4373/4739 5662/4370/5661 4700/4043/4700 4495/4042/4495
f 4738/4374/4738 5659/4366/5658 5662/4370/5661 4739/4373/4739
f 4737/4372/4737 5656/4363/5655 5659/4366/5658 4738/4374/4738
f 5665/4375/5664 5666/4376/5665 5669/4377/5668 5668/4378/5667
f 5666/4376/5665 5667/4379/5666 5670/4380/5669 5669/4377/5668
f 5668/4378/5667 5669/4377/5668 5672/4381/5671 5671/4382/5670
f 5669/4377/5668 5670/4380/5669 5673/4383/5672 5672/4381/5671
f 4491/4071/4491 4710/4266/4710 5665/4375/5664 4761/4384/4761
f 4710/4266/4710 4711/4265/4711 5666/4376/5665 5665/4375/5664
f 4711/4265/4711 4712/4264/4712 5667/4379/5666 5666/4376/5665
f 4712/4264/4712 4509/4215/4509 4749/4385/4749 5667/4379/5666
f 5667/4379/5666 4749/4385/4749 4750/4386/4750 5670/4380/5669
f 5670/4380/5669 4750/4386/4750 4751/4387/4751 5673/4383/5672
f 5673/4383/5672 4751/4387/4751 4500/4294/4500 4701/4293/4701
f 5672/4381/5671 5673/4383/5672 4701/4293/4701 4702/4292/4702
f 5671/4382/5670 5672/4381/5671 4702/4292/4702 4703/4290/4703
f 4763/4388/4763 5671/4382/5670 4703/4290/4703 4502/4289/4502
f 4762/4389/4762 5668/4378/5667 5671/4382/5670 4763/4388/4763
f 4761/4384/4761 5665/4375/5664 5668/4378/5667 4762/4389/4762
f 5674/4390/5673 5675/4391/5674 5678/4392/5677 5677/4393/5676
f 5675/4391/5674 5676/4394/5675 5679/4395/5678 5678/4392/5677
f 5677/4393/5676 5678/4392/5677 5681/4396/5680 5680/4397/5679
f 5678/4392/5677 5679/4395/5678 5682/4398/5681 5681/4396/5680
f 4509/4215/4509 4677/4213/4677 5674/4390/5673 4749/4385/4749
f 4677/4213/4677 4678/4212/4678 5675/4391/5674 5674/4390/5673
f 4678/4212/4678 4679/4211/4679 5676/4394/5675 5675/4391/5674
f 4679/4211/4679 4498/4031/4498 4758/4399/4758 5676/4394/5675
f 5676/4394/5675 4758/4399/4758 4759/4400/4759 5679/4395/5678
f 5679/4395/5678 4759/4400/4759 4760/4401/4760 5682/4398/5681
f 5682/4398/5681 4760/4401/4760 4501/4312/4501 4704/4311/4704
f 5681/4396/5680 5682/4398/5681 4704/4311/4704 4705/4310/4705
f 5680/4397/5679 5681/4396/5680 4705/4310/4705 4706/4309/4706
f 4751/4387/4751 5680/4397/5679 4706/4309/4706 4500/4294/4500
f 4750/4386/4750 5677/4393/5676 5680/4397/5679 4751/4387/4751
f 4749/4385/4749 5674/4390/5673 5677/4393/5676 4750/4386/4750
f 5683/4402/5682 5684/4403/5683 5687/4404/5686 5686/4405/5685
f 5684/4403/5683 5685/4406/5684 5688/4407/5687 5687/4404/5686
f 5686/4405/5685 5687/4404/5686 5690/4408/5689 5689/4409/5688
f 5687/4404/5686 5688/4407/5687 5691/4410/5690 5690/4408/5689
f 4517/4411/4517 4787/4412/4787 5683/4402/5682 4788/4413/4788
f 4787/4412/4787 4786/4414/4786 5684/4403/5683 5683/4402/5682
f 4786/4414/4786 4785/4415/4785 5685/4406/5684 5684/4403/5683
f 4785/4415/4785 4513/4416/4513 4806/4417/4806 5685/4406/5684
f 5685/4406/5684 4806/4417/4806 4807/4418/4807 5688/4407/5687
f 5688/4407/5687 4807/4418/4807 4808/4419/4808 5691/4410/5690
f 5691/4410/5690 4808/4419/4808 4526/4420/4526 4812/4421/4812
f 5690/4408/5689 5691/4410/5690 4812/4421/4812 4813/4422/4813
f 5689/4409/5688 5690/4408/5689 4813/4422/4813 4814/4423/4814
f 4790/4424/4790 5689/4409/5688 4814/4423/4814 4521/4425/4521
f 4789/4426/4789 5686/4405/5685 5689/4409/5688 4790/4424/4790
f 4788/4413/4788 5683/4402/5682 5686/4405/5685 4789/4426/4789
f 5692/4427/5691 5693/4428/5692 5696/4429/5695 5695/4430/5694
f 5693/4428/5692 5694/4431/5693 5697/4432/5696 5696/4429/5695
f 5695/4430/5694 5696/4429/5695 5699/4433/5698 5698/4434/5697
f 5696/4429/5695 5697/4432/5696 5700/4435/5699 5699/4433/5698
f 4513/4416/4513 4796/4436/4796 5692/4427/5691 4806/4417/4806
f 4796/4436/4796 4795/4437/4795 5693/4428/5692 5692/4427/5691
f 4795/4437/4795 4794/4438/4794 5694/4431/5693 5693/4428/5692
f 4794/4438/4794 4516/4439/4516 4803/4440/4803 5694/4431/5693
f 5694/4431/5693 4803/4440/4803 4804/4441/4804 5697/4432/5696
f 5697/4432/5696 4804/4441/4804 4805/4442/4805 5700/4435/5699
f 5700/4435/5699 4805/4442/4805 4525/4443/4525 4815/4444/4815
f 5699/4433/5698 5700/4435/5699 4815/4444/4815 4816/4445/4816
f 5698/4434/5697 5699/4433/5698 4816/4445/4816 4817/4446/4817
f 4808/4419/4808 5698/4434/5697 4817/4446/4817 4526/4420/4526
f 4807/4418/4807 5695/4430/5694 5698/4434/5697 4808/4419/4808
f 4806/4417/4806 5692/4427/5691 5695/4430/5694 4807/4418/4807
f 5701/4447/5700 5702/4448/5701 5705/4449/5704 5704/4450/5703
f 5702/4448/5701 5703/4451/5702 5706/4452/5705 5705/4449/5704
f 5704/4450/5703 5705/4449/5704 5708/4453/5707 5707/4454/5706
f 5705/4449/5704 5706/4452/5705 5709/4455/5708 5708/4453/5707
f 4498/4031/4498 4638/4029/4638 5701/4447/5700 4758/4399/4758
f 4638/4029/4638 4639/4028/4639 5702/4448/5701 5701/4447/5700
f 4639/4028/4639 4640/4027/4640 5703/4451/5702 5702/4448/5701
f 4640/4027/4640 4488/4026/4488 4773/4050/4773 5703/4451/5702
f 5703/4451/5702 4773/4050/4773 4774/4049/4774 5706/4452/5705
f 5706/4452/5705 4774/4049/4774 4775/4048/4775 5709/4455/5708
f 5709/4455/5708 4775/4048/4775 4505/4047/4505 4716/4327/4716
f 5708/4453/5707 5709/4455/5708 4716/4327/4716 4717/4326/4717
f 5707/4454/5706 5708/4453/5707 4717/4326/4717 4718/4325/4718
f 4760/4401/4760 5707/4454/5706 4718/4325/4718 4501/4312/4501
f 4759/4400/4759 5704/4450/5703 5707/4454/5706 4760/4401/4760
f 4758/4399/4758 5701/4447/5700 5704/4450/5703 4759/4400/4759
f 5710/4456/5709 5711/4457/5710 5714/4458/5713 5713/4459/5712
f 5711/4457/5710 5712/4460/5711 5715/4461/5714 5714/4458/5713
f 5713/4459/5712 5714/4458/5713 5717/4462/5716 5716/4463/5715
f 5714/4458/5713 5715/4461/5714 5718/4464/5717 5717/4462/5716
f 4531/4076/4531 4653/4074/4653 5710/4456/5709 4746/4465/4746
f 4653/4074/4653 4654/4073/4654 5711/4457/5710 5710/4456/5709
f 4654/4073/4654 4655/4072/4655 5712/4460/5711 5711/4457/5710
f 4655/4072/4655 4491/4071/4491 4761/4384/4761 5712/4460/5711
f 5712/4460/5711 4761/4384/4761 4762/4389/4762 5715/4461/5714
f 5715/4461/5714 4762/4389/4762 4763/4388/4763 5718/4464/5717
f 5718/4464/5717 4763/4388/4763 4502/4289/4502 4719/4344/4719
f 5717/4462/5716 5718/4464/5717 4719/4344/4719 4720/4343/4720
f 5716/4463/5715 5717/4462/5716 4720/4343/4720 4721/4341/4721
f 4748/4466/4748 5716/4463/5715 4721/4341/4721 4496/4340/4496
f 4747/4467/4747 5713/4459/5712 5716/4463/5715 4748/4466/4748
f 4746/4465/4746 5710/4456/5709 5713/4459/5712 4747/4467/4747
f 5719/4468/5718 5720/4469/5719 5723/4470/5722 5722/4471/5721
f 5720/4469/5719 5721/4472/5720 5724/4473/5723 5723/4470/5722
f 5722/4471/5721 5723/4470/5722 5726/4474/5725 5725/4475/5724
f 5723/4470/5722 5724/4473/5723 5727/4476/5726 5726/4474/5725
f 4487/4477/4487 4842/4478/4842 5719/4468/5718 4637/4479/4637
f 4842/4478/4842 4843/4480/4843 5720/4469/5719 5719/4468/5718
f 4843/4480/4843 4844/4481/4844 5721/4472/5720 5720/4469/5719
f 4844/4481/4844 4531/4076/4531 4746/4465/4746 5721/4472/5720
f 5721/4472/5720 4746/4465/4746 4747/4467/4747 5724/4473/5723
f 5724/4473/5723 4747/4467/4747 4748/4466/4748 5727/4476/5726
f 5727/4476/5726 4748/4466/4748 4496/4340/4496 4725/4482/4725
f 5726/4474/5725 5727/4476/5726 4725/4482/4725 4726/4483/4726
f 5725/4475/5724 5726/4474/5725 4726/4483/4726 4727/4484/4727
f 4635/4485/4635 5725/4475/5724 4727/4484/4727 4506/4486/4506
f 4636/4487/4636 5722/4471/5721 5725/4475/5724 4635/4485/4635
f 4637/4479/4637 5719/4468/5718 5722/4471/5721 4636/4487/4636
f 5728/4488/5727 5729/4489/5728 5732/4490/5731 5731/4491/5730
f 5729/4489/5728 5730/4492/5729 5733/4493/5732 5732/4490/5731
f 5731/4491/5730 5732/4490/5731 5735/4494/5734 5734/4495/5733
f 5732/4490/5731 5733/4493/5732 5736/4496/5735 5735/4494/5734
f 4524/4497/4524 4886/4498/4886 5728/4488/5727 4947/4499/4947
f 4886/4498/4886 4885/4500/4885 5729/4489/5728 5728/4488/5727
f 4885/4500/4885 4884/4501/4884 5730/4492/5729 5729/4489/5728
f 4884/4501/4884 4536/3997/4536 4940/4502/4940 5730/4492/5729
f 5730/4492/5729 4940/4502/4940 4939/4503/4939 5733/4493/5732
f 5733/4493/5732 4939/4503/4939 4938/4504/4938 5736/4496/5735
f 5736/4496/5735 4938/4504/4938 4519/4505/4519 4932/4506/4932
f 5735/4494/5734 5736/4496/5735 4932/4506/4932 4933/4507/4933
f 5734/4495/5733 5735/4494/5734 4933/4507/4933 4934/4508/4934
f 4949/4509/4948 5734/4495/5733 4934/4508/4934 4550/4510/4550
f 4948/4511/4947 5731/4491/5730 5734/4495/5733 4949/4509/4948
f 4947/4499/4947 5728/4488/5727 5731/4491/5730 4948/4511/4947
f 5737/4512/5736 5738/4513/5737 5741/4514/5740 5740/4515/5739
f 5738/4513/5737 5739/4516/5738 5742/4517/5741 5741/4514/5740
f 5740/4515/5739 5741/4514/5740 5744/4518/5743 5743/4519/5742
f 5741/4514/5740 5742/4517/5741 5745/4520/5744 5744/4518/5743
f 4511/4521/4511 4799/4522/4799 5737/4512/5736 4863/4523/4863
f 4799/4522/4799 4798/4524/4798 5738/4513/5737 5737/4512/5736
f 4798/4524/4798 4797/4525/4797 5739/4516/5738 5738/4513/5737
f 4797/4525/4797 4517/4411/4517 4788/4413/4788 5739/4516/5738
f 5739/4516/5738 4788/4413/4788 4789/4426/4789 5742/4517/5741
f 5742/4517/5741 4789/4426/4789 4790/4424/4790 5745/4520/5744
f 5745/4520/5744 4790/4424/4790 4521/4425/4521 4860/4526/4860
f 5744/4518/5743 5745/4520/5744 4860/4526/4860 4861/4527/4861
f 5743/4519/5742 5744/4518/5743 4861/4527/4861 4862/4528/4862
f 4865/4529/4865 5743/4519/5742 4862/4528/4862 4537/4530/4537
f 4864/4531/4864 5740/4515/5739 5743/4519/5742 4865/4529/4865
f 4863/4523/4863 5737/4512/5736 5740/4515/5739 4864/4531/4864
f 5746/4532/5745 5747/4533/5746 5750/4534/5749 5749/4535/5748
f 5747/4533/5746 5748/4536/5747 5751/4537/5750 5750/4534/5749
f 5749/4535/5748 5750/4534/5749 5753/4538/5752 5752/4539/5751
f 5750/4534/5749 5751/4537/5750 5754/4540/5753 5753/4538/5752
f 4516/4439/4516 4802/4541/4802 5746/4532/5745 4803/4440/4803
f 4802/4541/4802 4801/4542/4801 5747/4533/5746 5746/4532/5745
f 4801/4542/4801 4800/4543/4800 5748/4536/5747 5747/4533/5746
f 4800/4543/4800 4520/4142/4520 4782/4544/4782 5748/4536/5747
f 5748/4536/5747 4782/4544/4782 4783/4545/4783 5751/4537/5750
f 5751/4537/5750 4783/4545/4783 4784/4546/4784 5754/4540/5753
f 5754/4540/5753 4784/4546/4784 4519/4505/4519 4830/4547/4830
f 5753/4538/5752 5754/4540/5753 4830/4547/4830 4831/4548/4831
f 5752/4539/5751 5753/4538/5752 4831/4548/4831 4832/4549/4832
f 4805/4442/4805 5752/4539/5751 4832/4549/4832 4525/4443/4525
f 4804/4441/4804 5749/4535/5748 5752/4539/5751 4805/4442/4805
f 4803/4440/4803 5746/4532/5745 5749/4535/5748 4804/4441/4804
f 5755/4550/5754 5756/4551/5755 5759/4552/5758 5758/4553/5757
f 5756/4551/5755 5757/4554/5756 5760/4555/5759 5759/4552/5758
f 5758/4553/5757 5759/4552/5758 5762/4556/5761 5761/4557/5760
f 5759/4552/5758 5760/4555/5759 5763/4558/5762 5762/4556/5761
f 4523/4559/4523 4811/4560/4811 5755/4550/5754 4856/4561/4856
f 4811/4560/4811 4810/4562/4810 5756/4551/5755 5755/4550/5754
f 4810/4562/4810 4809/4563/4809 5757/4554/5756 5756/4551/5755
f 4809/4563/4809 4511/4521/4511 4863/4523/4863 5757/4554/5756
f 5757/4554/5756 4863/4523/4863 4864/4531/4864 5760/4555/5759
f 5760/4555/5759 4864/4531/4864 4865/4529/4865 5763/4558/5762
f 5763/4558/5762 4865/4529/4865 4537/4530/4537 4827/4564/4827
f 5762/4556/5761 5763/4558/5762 4827/4564/4827 4828/4565/4828
f 5761/4557/5760 5762/4556/5761 4828/4565/4828 4829/4566/4829
f 4854/4567/4854 5761/4557/5760 4829/4566/4829 4522/4568/4522
f 4855/4569/4855 5758/4553/5757 5761/4557/5760 4854/4567/4854
f 4856/4561/4856 5755/4550/5754 5758/4553/5757 4855/4569/4855
f 5764/4570/5763 5765/4571/5764 5768/4572/5767 5767/4573/5766
f 5765/4571/5764 5766/4574/5765 5769/4575/5768 5768/4572/5767
f 5767/4573/5766 5768/4572/5767 5771/4576/5770 5770/4577/5769
f 5768/4572/5767 5769/4575/5768 5772/4578/5771 5771/4576/5770
f 4550/4510/4550 4934/4508/4934 5764/4570/5763 4818/4579/4818
f 4934/4508/4934 4933/4507/4933 5765/4571/5764 5764/4570/5763
f 4933/4507/4933 4932/4506/4932 5766/4574/5765 5765/4571/5764
f 4932/4506/4932 4519/4505/4519 4784/4546/4784 5766/4574/5765
f 5766/4574/5765 4784/4546/4784 4783/4545/4783 5769/4575/5768
f 5769/4575/5768 4783/4545/4783 4782/4544/4782 5772/4578/5771
f 5772/4578/5771 4782/4544/4782 4520/4142/4520 4779/4141/4779
f 5771/4576/5770 5772/4578/5771 4779/4141/4779 4780/4140/4780
f 5770/4577/5769 5771/4576/5770 4780/4140/4780 4781/4138/4781
f 4820/4580/4820 5770/4577/5769 4781/4138/4781 4507/4137/4507
f 4819/4581/4819 5767/4573/5766 5770/4577/5769 4820/4580/4820
f 4818/4579/4818 5764/4570/5763 5767/4573/5766 4819/4581/4819
f 5773/4582/5772 5774/4583/5773 5777/4584/5776 5776/4585/5775
f 5774/4583/5773 5775/4586/5774 5778/4587/5777 5777/4584/5776
f 5776/4585/5775 5777/4584/5776 5780/4588/5779 5779/4589/5778
f 5777/4584/5776 5778/4587/5777 5781/4590/5780 5780/4588/5779
f 4497/4591/4497 4676/4592/4676 5773/4582/5772 4839/4593/4839
f 4676/4592/4676 4675/4594/4675 5774/4583/5773 5773/4582/5772
f 4675/4594/4675 4674/4595/4674 5775/4586/5774 5774/4583/5773
f 4674/4595/4674 4508/4195/4508 4824/4596/4824 5775/4586/5774
f 5775/4586/5774 4824/4596/4824 4825/4597/4825 5778/4587/5777
f 5778/4587/5777 4825/4597/4825 4826/4598/4826 5781/4590/5780
f 5781/4590/5780 4826/4598/4826 4513/4416/4513 4785/4415/4785
f 5780/4588/5779 5781/4590/5780 4785/4415/4785 4786/4414/4786
f 5779/4589/5778 5780/4588/5779 4786/4414/4786 4787/4412/4787
f 4841/4599/4841 5779/4589/5778 4787/4412/4787 4517/4411/4517
f 4840/4600/4840 5776/4585/5775 5779/4589/5778 4841/4599/4841
f 4839/4593/4839 5773/4582/5772 5776/4585/5775 4840/4600/4840
f 5782/4601/5781 5783/4602/5782 5786/4603/5785 5785/4604/5784
f 5783/4602/5782 5784/4605/5783 5787/4606/5786 5786/4603/5785
f 5785/4604/5784 5786/4603/5785 5789/4607/5788 5788/4608/5787
f 5786/4603/5785 5787/4606/5786 5790/4609/5789 5789/4607/5788
f 4506/4486/4506 4727/4484/4727 5782/4601/5781 4778/4610/4778
f 4727/4484/4727 4726/4483/4726 5783/4602/5782 5782/4601/5781
f 4726/4483/4726 4725/4482/4725 5784/4605/5783 5783/4602/5782
f 4725/4482/4725 4496/4340/4496 4872/4342/4872 5784/4605/5783
f 5784/4605/5783 4872/4342/4872 4873/4346/4873 5787/4606/5786
f 5787/4606/5786 4873/4346/4873 4874/4345/4874 5790/4609/5789
f 5790/4609/5789 4874/4345/4874 4534/4112/4534 4770/4611/4770
f 5789/4607/5788 5790/4609/5789 4770/4611/4770 4771/4612/4771
f 5788/4608/5787 5789/4607/5788 4771/4612/4771 4772/4613/4772
f 4776/4614/4776 5788/4608/5787 4772/4613/4772 4510/4615/4510
f 4777/4616/4777 5785/4604/5784 5788/4608/5787 4776/4614/4776
f 4778/4610/4778 5782/4601/5781 5785/4604/5784 4777/4616/4777
f 5791/4617/5790 5792/4618/5791 5795/4619/5794 5794/4620/5793
f 5792/4618/5791 5793/4621/5792 5796/4622/5795 5795/4619/5794
f 5794/4620/5793 5795/4619/5794 5798/4623/5797 5797/4624/5796
f 5795/4619/5794 5796/4622/5795 5799/4625/5798 5798/4623/5797
f 4508/4195/4508 4709/4193/4709 5791/4617/5790 4824/4596/4824
f 4709/4193/4709 4708/4192/4708 5792/4618/5791 5791/4617/5790
f 4708/4192/4708 4707/4191/4707 5793/4621/5792 5792/4618/5791
f 4707/4191/4707 4503/4175/4503 4836/4626/4836 5793/4621/5792
f 5793/4621/5792 4836/4626/4836 4837/4627/4837 5796/4622/5795
f 5796/4622/5795 4837/4627/4837 4838/4628/4838 5799/4625/5798
f 5799/4625/5798 4838/4628/4838 4516/4439/4516 4794/4438/4794
f 5798/4623/5797 5799/4625/5798 4794/4438/4794 4795/4437/4795
f 5797/4624/5796 5798/4623/5797 4795/4437/4795 4796/4436/4796
f 4826/4598/4826 5797/4624/5796 4796/4436/4796 4513/4416/4513
f 4825/4597/4825 5794/4620/5793 5797/4624/5796 4826/4598/4826
f 4824/4596/4824 5791/4617/5790 5794/4620/5793 4825/4597/4825
f 5801/4629/5800 5802/4630/5801 5800/4631/5799 5810/4632/5809
f 5803/4633/5802 5804/4634/5803 5800/4631/5799 5802/4630/5801
f 5805/4635/5804 5806/4636/5805 5800/4631/5799 5804/4634/5803
f 5807/4637/5806 5808/4638/5807 5800/4631/5799 5806/4636/5805
f 5809/4639/5808 5810/4632/5809 5800/4631/5799 5808/4638/5807
f 4510/4615/4510 4772/4613/4772 5801/4629/5800 4733/4640/4733
f 4772/4613/4772 4771/4612/4771 5802/4630/5801 5801/4629/5800
f 4733/4640/4733 5801/4629/5800 5810/4632/5809 4732/4641/4732
f 4534/4112/4534 4986/4114/4985 5803/4633/5802 4770/4611/4770
f 4986/4114/4985 4987/4127/4986 5804/4634/5803 5803/4633/5802
f 4770/4611/4770 5803/4633/5802 5802/4630/5801 4771/4612/4771
f 4554/4126/4554 4878/4642/4878 5805/4635/5804 4988/4125/4987
f 4878/4642/4878 4879/4643/4879 5806/4636/5805 5805/4635/5804
f 4988/4125/4987 5805/4635/5804 5804/4634/5803 4987/4127/4986
f 4532/4644/4532 4671/4645/4671 5807/4637/5806 4880/4646/4880
f 4671/4645/4671 4672/4647/4672 5808/4638/5807 5807/4637/5806
f 4880/4646/4880 5807/4637/5806 5806/4636/5805 4879/4643/4879
f 4493/4648/4493 4731/4649/4731 5809/4639/5808 4673/4650/4673
f 4731/4649/4731 4732/4641/4732 5810/4632/5809 5809/4639/5808
f 4673/4650/4673 5809/4639/5808 5808/4638/5807 4672/4647/4672
f 5811/4651/5810 5812/4652/5811 5815/4653/5814 5814/4654/5813
f 5812/4652/5811 5813/4655/5812 5816/4656/5815 5815/4653/5814
f 5814/4654/5813 5815/4653/5814 5818/4657/5817 5817/4658/5816
f 5815/4653/5814 5816/4656/5815 5819/4659/5818 5818/4657/5817
f 4529/4660/4529 4889/4661/4889 5811/4651/5810 4913/4662/4913
f 4889/4661/4889 4888/4663/4888 5812/4652/5811 5811/4651/5810
f 4888/4663/4888 4887/4664/4887 5813/4655/5812 5812/4652/5811
f 4887/4664/4887 4527/4087/4527 4881/4089/4881 5813/4655/5812
f 5813/4655/5812 4881/4089/4881 4882/4102/4882 5816/4656/5815
f 5816/4656/5815 4882/4102/4882 4883/4100/4883 5819/4659/5818
f 5819/4659/5818 4883/4100/4883 4528/4101/4528 4644/4665/4644
f 5818/4657/5817 5819/4659/5818 4644/4665/4644 4645/4666/4645
f 5817/4658/5816 5818/4657/5817 4645/4666/4645 4646/4667/4646
f 4911/4668/4911 5817/4658/5816 4646/4667/4646 4489/4669/4489
f 4912/4670/4912 5814/4654/5813 5817/4658/5816 4911/4668/4911
f 4913/4662/4913 5811/4651/5810 5814/4654/5813 4912/4670/4912
f 5820/4671/5819 5821/4672/5820 5824/4673/5823 5823/4674/5822
f 5821/4672/5820 5822/4675/5821 5825/4676/5824 5824/4673/5823
f 5823/4674/5822 5824/4673/5823 5827/4677/5826 5826/4678/5825
f 5824/4673/5823 5825/4676/5824 5828/4679/5827 5827/4677/5826
f 4532/4644/4532 4847/4680/4847 5820/4671/5819 4821/4681/4821
f 4847/4680/4847 4846/4682/4846 5821/4672/5820 5820/4671/5819
f 4846/4682/4846 4845/4683/4845 5822/4675/5821 5821/4672/5820
f 4845/4683/4845 4497/4591/4497 4839/4593/4839 5822/4675/5821
f 5822/4675/5821 4839/4593/4839 4840/4600/4840 5825/4676/5824
f 5825/4676/5824 4840/4600/4840 4841/4599/4841 5828/4679/5827
f 5828/4679/5827 4841/4599/4841 4517/4411/4517 4797/4525/4797
f 5827/4677/5826 5828/4679/5827 4797/4525/4797 4798/4524/4798
f 5826/4678/5825 5827/4677/5826 4798/4524/4798 4799/4522/4799
f 4823/4684/4823 5826/4678/5825 4799/4522/4799 4511/4521/4511
f 4822/4685/4822 5823/4674/5822 5826/4678/5825 4823/4684/4823
f 4821/4681/4821 5820/4671/5819 5823/4674/5822 4822/4685/4822
f 5829/4686/5828 5830/4687/5829 5833/4688/5832 5832/4689/5831
f 5830/4687/5829 5831/4690/5830 5834/4691/5833 5833/4688/5832
f 5832/4689/5831 5833/4688/5832 5836/4692/5835 5835/4693/5834
f 5833/4688/5832 5834/4691/5833 5837/4694/5836 5836/4692/5835
f 4503/4175/4503 4685/4173/4685 5829/4686/5828 4836/4626/4836
f 4685/4173/4685 4684/4172/4684 5830/4687/5829 5829/4686/5828
f 4684/4172/4684 4683/4171/4683 5831/4690/5830 5830/4687/5829
f 4683/4171/4683 4494/4146/4494 4848/4145/4848 5831/4690/5830
f 5831/4690/5830 4848/4145/4848 4849/4144/4849 5834/4691/5833
f 5834/4691/5833 4849/4144/4849 4850/4143/4850 5837/4694/5836
f 5837/4694/5836 4850/4143/4850 4520/4142/4520 4800/4543/4800
f 5836/4692/5835 5837/4694/5836 4800/4543/4800 4801/4542/4801
f 5835/4693/5834 5836/4692/5835 4801/4542/4801 4802/4541/4802
f 4838/4628/4838 5835/4693/5834 4802/4541/4802 4516/4439/4516
f 4837/4627/4837 5832/4689/5831 5835/4693/5834 4838/4628/4838
f 4836/4626/4836 5829/4686/5828 5832/4689/5831 4837/4627/4837
f 5838/4695/5837 5839/4696/5838 5842/4697/5841 5841/4698/5840
f 5839/4696/5838 5840/4699/5839 5843/4700/5842 5842/4697/5841
f 5841/4698/5840 5842/4697/5841 5845/4701/5844 5844/4702/5843
f 5842/4697/5841 5843/4700/5842 5846/4703/5845 5845/4701/5844
f 4540/4704/4540 4943/4705/4943 5838/4695/5837 4898/4706/4898
f 4943/4705/4943 4942/4707/4942 5839/4696/5838 5838/4695/5837
f 4942/4707/4942 4941/4708/4941 5840/4699/5839 5839/4696/5838
f 4941/4708/4941 4552/4062/4552 4890/4064/4890 5840/4699/5839
f 5840/4699/5839 4890/4064/4890 4891/4077/4891 5843/4700/5842
f 5843/4700/5842 4891/4077/4891 4892/4075/4892 5846/4703/5845
f 5846/4703/5845 4892/4075/4892 4531/4076/4531 4844/4481/4844
f 5845/4701/5844 5846/4703/5845 4844/4481/4844 4843/4480/4843
f 5844/4702/5843 5845/4701/5844 4843/4480/4843 4842/4478/4842
f 4896/4709/4896 5844/4702/5843 4842/4478/4842 4487/4477/4487
f 4897/4710/4897 5841/4698/5840 5844/4702/5843 4896/4709/4896
f 4898/4706/4898 5838/4695/5837 5841/4698/5840 4897/4710/4897
f 5847/4711/5846 5848/4712/5847 5851/4713/5850 5850/4714/5849
f 5848/4712/5847 5849/4715/5848 5852/4716/5851 5851/4713/5850
f 5850/4714/5849 5851/4713/5850 5854/4717/5853 5853/4718/5852
f 5851/4713/5850 5852/4716/5851 5855/4719/5854 5854/4717/5853
f 4493/4648/4493 4673/4650/4673 5847/4711/5846 4667/4720/4667
f 4673/4650/4673 4672/4647/4672 5848/4712/5847 5847/4711/5846
f 4672/4647/4672 4671/4645/4671 5849/4715/5848 5848/4712/5847
f 4671/4645/4671 4532/4644/4532 4821/4681/4821 5849/4715/5848
f 5849/4715/5848 4821/4681/4821 4822/4685/4822 5852/4716/5851
f 5852/4716/5851 4822/4685/4822 4823/4684/4823 5855/4719/5854
f 5855/4719/5854 4823/4684/4823 4511/4521/4511 4809/4563/4809
f 5854/4717/5853 5855/4719/5854 4809/4563/4809 4810/4562/4810
f 5853/4718/5852 5854/4717/5853 4810/4562/4810 4811/4560/4811
f 4665/4721/4665 5853/4718/5852 4811/4560/4811 4523/4559/4523
f 4666/4722/4666 5850/4714/5849 5853/4718/5852 4665/4721/4665
f 4667/4720/4667 5847/4711/5846 5850/4714/5849 4666/4722/4666
f 5856/4723/5855 5857/4724/5856 5860/4725/5859 5859/4726/5858
f 5857/4724/5856 5858/4727/5857 5861/4728/5860 5860/4725/5859
f 5859/4726/5858 5860/4725/5859 5863/4729/5862 5862/4730/5861
f 5860/4725/5859 5861/4728/5860 5864/4731/5863 5863/4729/5862
f 4489/4669/4489 4646/4667/4646 5856/4723/5855 4649/4732/4649
f 4646/4667/4646 4645/4666/4645 5857/4724/5856 5856/4723/5855
f 4645/4666/4645 4644/4665/4644 5858/4727/5857 5857/4724/5856
f 4644/4665/4644 4528/4101/4528 4935/4733/4935 5858/4727/5857
f 5858/4727/5857 4935/4733/4935 4936/4734/4936 5861/4728/5860
f 5861/4728/5860 4936/4734/4936 4937/4735/4937 5864/4731/5863
f 5864/4731/5863 4937/4735/4937 4551/4736/4551 4944/4737/4944
f 5863/4729/5862 5864/4731/5863 4944/4737/4944 4945/4738/4945
f 5862/4730/5861 5863/4729/5862 4945/4738/4945 4946/4739/4946
f 4647/4740/4647 5862/4730/5861 4946/4739/4946 4538/4741/4538
f 4648/4742/4648 5859/4726/5858 5862/4730/5861 4647/4740/4647
f 4649/4732/4649 5856/4723/5855 5859/4726/5858 4648/4742/4648
f 5865/4743/5864 5866/4744/5865 5869/4745/5868 5868/4746/5867
f 5866/4744/5865 5867/4747/5866 5870/4748/5869 5869/4745/5868
f 5868/4746/5867 5869/4745/5868 5872/4749/5871 5871/4750/5870
f 5869/4745/5868 5870/4748/5869 5873/4751/5872 5872/4749/5871
f 4525/4443/4525 4832/4549/4832 5865/4743/5864 4926/4752/4926
f 4832/4549/4832 4831/4548/4831 5866/4744/5865 5865/4743/5864
f 4831/4548/4831 4830/4547/4830 5867/4747/5866 5866/4744/5865
f 4830/4547/4830 4519/4505/4519 4938/4504/4938 5867/4747/5866
f 5867/4747/5866 4938/4504/4938 4939/4503/4939 5870/4748/5869
f 5870/4748/5869 4939/4503/4939 4940/4502/4940 5873/4751/5872
f 5873/4751/5872 4940/4502/4940 4536/3997/4536 4857/3996/4857
f 5872/4749/5871 5873/4751/5872 4857/3996/4857 4858/3995/4858
f 5871/4750/5870 5872/4749/5871 4858/3995/4858 4859/3993/4859
f 4928/4753/4928 5871/4750/5870 4859/3993/4859 4533/3992/4533
f 4927/4754/4927 5868/4746/5867 5871/4750/5870 4928/4753/4928
f 4926/4752/4926 5865/4743/5864 5868/4746/5867 4927/4754/4927
f 5874/4755/5873 5875/4756/5874 5878/4757/5877 5877/4758/5876
f 5875/4756/5874 5876/4759/5875 5879/4760/5878 5878/4757/5877
f 5877/4758/5876 5878/4757/5877 5881/4761/5880 5880/4762/5879
f 5878/4757/5877 5879/4760/5878 5882/4763/5881 5881/4761/5880
f 4537/4530/4537 4862/4528/4862 5874/4755/5873 4908/4764/4908
f 4862/4528/4862 4861/4527/4861 5875/4756/5874 5874/4755/5873
f 4861/4527/4861 4860/4526/4860 5876/4759/5875 5875/4756/5874
f 4860/4526/4860 4521/4425/4521 4929/4765/4929 5876/4759/5875
f 5876/4759/5875 4929/4765/4929 4930/4766/4930 5879/4760/5878
f 5879/4760/5878 4930/4766/4930 4931/4767/4931 5882/4763/5881
f 5882/4763/5881 4931/4767/4931 4535/4092/4535 4866/4091/4866
f 5881/4761/5880 5882/4763/5881 4866/4091/4866 4867/4090/4867
f 5880/4762/5879 5881/4761/5880 4867/4090/4867 4868/4088/4868
f 4910/4768/4910 5880/4762/5879 4868/4088/4868 4527/4087/4527
f 4909/4769/4909 5877/4758/5876 5880/4762/5879 4910/4768/4910
f 4908/4764/4908 5874/4755/5873 5877/4758/5876 4909/4769/4909
f 5883/4770/5882 5884/4771/5883 5887/4772/5886 5886/4773/5885
f 5884/4771/5883 5885/4774/5884 5888/4775/5887 5887/4772/5886
f 5886/4773/5885 5887/4772/5886 5890/4776/5889 5889/4777/5888
f 5887/4772/5886 5888/4775/5887 5891/4778/5890 5890/4776/5889
f 4492/4096/4492 4658/4251/4658 5883/4770/5882 4902/4779/4902
f 4658/4251/4658 4657/4250/4657 5884/4771/5883 5883/4770/5882
f 4657/4250/4657 4656/4249/4656 5885/4774/5884 5884/4771/5883
f 4656/4249/4656 4504/4235/4504 4917/4780/4917 5885/4774/5884
f 5885/4774/5884 4917/4780/4917 4918/4781/4918 5888/4775/5887
f 5888/4775/5887 4918/4781/4918 4919/4782/4919 5891/4778/5890
f 5891/4778/5890 4919/4782/4919 4547/4783/4547 4956/4784/4955
f 5890/4776/5889 5891/4778/5890 4956/4784/4955 4957/4785/4956
f 5889/4777/5888 5890/4776/5889 4957/4785/4956 4958/4786/4957
f 4904/4787/4904 5889/4777/5888 4958/4786/4957 4543/4788/4543
f 4903/4789/4903 5886/4773/5885 5889/4777/5888 4904/4787/4904
f 4902/4779/4902 5883/4770/5882 5886/4773/5885 4903/4789/4903
f 5892/4790/5891 5893/4791/5892 5896/4792/5895 5895/4793/5894
f 5893/4791/5892 5894/4794/5893 5897/4795/5896 5896/4792/5895
f 5895/4793/5894 5896/4792/5895 5899/4796/5898 5898/4797/5897
f 5896/4792/5895 5897/4795/5896 5900/4798/5899 5899/4796/5898
f 4504/4235/4504 4697/4233/4697 5892/4790/5891 4917/4780/4917
f 4697/4233/4697 4696/4232/4696 5893/4791/5892 5892/4790/5891
f 4696/4232/4696 4695/4231/4695 5894/4794/5893 5893/4791/5892
f 4695/4231/4695 4499/4006/4499 4914/4799/4914 5894/4794/5893
f 5894/4794/5893 4914/4799/4914 4915/4800/4915 5897/4795/5896
f 5897/4795/5896 4915/4800/4915 4916/4801/4916 5900/4798/5899
f 5900/4798/5899 4916/4801/4916 4546/4802/4546 4959/4803/4958
f 5899/4796/5898 5900/4798/5899 4959/4803/4958 4960/4804/4959
f 5898/4797/5897 5899/4796/5898 4960/4804/4959 4961/4805/4960
f 4919/4782/4919 5898/4797/5897 4961/4805/4960 4547/4783/4547
f 4918/4781/4918 5895/4793/5894 5898/4797/5897 4919/4782/4919
f 4917/4780/4917 5892/4790/5891 5895/4793/5894 4918/4781/4918
f 5901/4806/5900 5902/4807/5901 5905/4808/5904 5904/4809/5903
f 5902/4807/5901 5903/4810/5902 5906/4811/5905 5905/4808/5904
f 5904/4809/5903 5905/4808/5904 5908/4812/5907 5907/4813/5906
f 5905/4808/5904 5906/4811/5905 5909/4814/5908 5908/4812/5907
f 4526/4420/4526 4817/4446/4817 5901/4806/5900 4920/4815/4920
f 4817/4446/4817 4816/4445/4816 5902/4807/5901 5901/4806/5900
f 4816/4445/4816 4815/4444/4815 5903/4810/5902 5902/4807/5901
f 4815/4444/4815 4525/4443/4525 4926/4752/4926 5903/4810/5902
f 5903/4810/5902 4926/4752/4926 4927/4754/4927 5906/4811/5905
f 5906/4811/5905 4927/4754/4927 4928/4753/4928 5909/4814/5908
f 5909/4814/5908 4928/4753/4928 4533/3992/4533 4869/4230/4869
f 5908/4812/5907 5909/4814/5908 4869/4230/4869 4870/4229/4870
f 5907/4813/5906 5908/4812/5907 4870/4229/4870 4871/4227/4871
f 4922/4816/4922 5907/4813/5906 4871/4227/4871 4530/4226/4530
f 4921/4817/4921 5904/4809/5903 5907/4813/5906 4922/4816/4922
f 4920/4815/4920 5901/4806/5900 5904/4809/5903 4921/4817/4921
f 5910/4818/5909 5911/4819/5910 5914/4820/5913 5913/4821/5912
f 5911/4819/5910 5912/4822/5911 5915/4823/5914 5914/4820/5913
f 5913/4821/5912 5914/4820/5913 5917/4824/5916 5916/4825/5915
f 5914/4820/5913 5915/4823/5914 5918/4826/5917 5917/4824/5916
f 4521/4425/4521 4814/4423/4814 5910/4818/5909 4929/4765/4929
f 4814/4423/4814 4813/4422/4813 5911/4819/5910 5910/4818/5909
f 4813/4422/4813 4812/4421/4812 5912/4822/5911 5911/4819/5910
f 4812/4421/4812 4526/4420/4526 4920/4815/4920 5912/4822/5911
f 5912/4822/5911 4920/4815/4920 4921/4817/4921 5915/4823/5914
f 5915/4823/5914 4921/4817/4921 4922/4816/4922 5918/4826/5917
f 5918/4826/5917 4922/4816/4922 4530/4226/4530 4875/4248/4875
f 5917/4824/5916 5918/4826/5917 4875/4248/4875 4876/4247/4876
f 5916/4825/5915 5917/4824/5916 4876/4247/4876 4877/4246/4877
f 4931/4767/4931 5916/4825/5915 4877/4246/4877 4535/4092/4535
f 4930/4766/4930 5913/4821/5912 5916/4825/5915 4931/4767/4931
f 4929/4765/4929 5910/4818/5909 5913/4821/5912 4930/4766/4930
f 5919/4827/5918 5920/4828/5919 5923/4829/5922 5922/4830/5921
f 5920/4828/5919 5921/4831/5920 5924/4832/5923 5923/4829/5922
f 5922/4830/5921 5923/4829/5922 5926/4833/5925 5925/4834/5924
f 5923/4829/5922 5924/4832/5923 5927/4835/5926 5926/4833/5925
f 4528/4101/4528 4835/4099/4835 5919/4827/5918 4935/4733/4935
f 4835/4099/4835 4834/4098/4834 5920/4828/5919 5919/4827/5918
f 4834/4098/4834 4833/4097/4833 5921/4831/5920 5920/4828/5919
f 4833/4097/4833 4492/4096/4492 4902/4779/4902 5921/4831/5920
f 5921/4831/5920 4902/4779/4902 4903/4789/4903 5924/4832/5923
f 5924/4832/5923 4903/4789/4903 4904/4787/4904 5927/4835/5926
f 5927/4835/5926 4904/4787/4904 4543/4788/4543 4968/4836/4967
f 5926/4833/5925 5927/4835/5926 4968/4836/4967 4969/4837/4968
f 5925/4834/5924 5926/4833/5925 4969/4837/4968 4970/4838/4969
f 4937/4735/4937 5925/4834/5924 4970/4838/4969 4551/4736/4551
f 4936/4734/4936 5922/4830/5921 5925/4834/5924 4937/4735/4937
f 4935/4733/4935 5919/4827/5918 5922/4830/5921 4936/4734/4936
f 5928/4839/5927 5929/4840/5928 5932/4841/5931 5931/4842/5930
f 5929/4840/5928 5930/4843/5929 5933/4844/5932 5932/4841/5931
f 5931/4842/5930 5932/4841/5931 5935/4845/5934 5934/4846/5933
f 5932/4841/5931 5933/4844/5932 5936/4847/5935 5935/4845/5934
f 4539/4848/4539 4895/4849/4895 5928/4839/5927 4899/4850/4899
f 4895/4849/4895 4894/4851/4894 5929/4840/5928 5928/4839/5927
f 4894/4851/4894 4893/4852/4893 5930/4843/5929 5929/4840/5928
f 4893/4852/4893 4490/4001/4490 4643/4000/4643 5930/4843/5929
f 5930/4843/5929 4643/4000/4643 4642/3999/4642 5933/4844/5932
f 5933/4844/5932 4642/3999/4642 4641/3998/4641 5936/4847/5935
f 5936/4847/5935 4641/3998/4641 4536/3997/4536 4884/4501/4884
f 5935/4845/5934 5936/4847/5935 4884/4501/4884 4885/4500/4885
f 5934/4846/5933 5935/4845/5934 4885/4500/4885 4886/4498/4886
f 4901/4853/4901 5934/4846/5933 4886/4498/4886 4524/4497/4524
f 4900/4854/4900 5931/4842/5930 5934/4846/5933 4901/4853/4901
f 4899/4850/4899 5928/4839/5927 5931/4842/5930 4900/4854/4900
f 5937/4855/5936 5938/4856/5937 5941/4857/5940 5940/4858/5939
f 5938/4856/5937 5939/4859/5938 5942/4860/5941 5941/4857/5940
f 5940/4858/5939 5941/4857/5940 5944/4861/5943 5943/4862/5942
f 5941/4857/5940 5942/4860/5941 5945/4863/5944 5944/4861/5943
f 4522/4568/4522 4829/4566/4829 5937/4855/5936 4793/4864/4793
f 4829/4566/4829 4828/4565/4828 5938/4856/5937 5937/4855/5936
f 4828/4565/4828 4827/4564/4827 5939/4859/5938 5938/4856/5937
f 4827/4564/4827 4537/4530/4537 4908/4764/4908 5939/4859/5938
f 5939/4859/5938 4908/4764/4908 4909/4769/4909 5942/4860/5941
f 5942/4860/5941 4909/4769/4909 4910/4768/4910 5945/4863/5944
f 5945/4863/5944 4910/4768/4910 4527/4087/4527 4887/4664/4887
f 5944/4861/5943 5945/4863/5944 4887/4664/4887 4888/4663/4888
f 5943/4862/5942 5944/4861/5943 4888/4663/4888 4889/4661/4889
f 4791/4865/4791 5943/4862/5942 4889/4661/4889 4529/4660/4529
f 4792/4866/4792 5940/4858/5939 5943/4862/5942 4791/4865/4791
f 4793/4864/4793 5937/4855/5936 5940/4858/5939 4792/4866/4792
f 5946/4867/5945 5947/4868/5946 5950/4869/5949 5949/4870/5948
f 5947/4868/5946 5948/4871/5947 5951/4872/5950 5950/4869/5949
f 5949/4870/5948 5950/4869/5949 5953/4873/5952 5952/4874/5951
f 5950/4869/5949 5951/4872/5950 5954/4875/5953 5953/4873/5952
f 4499/4006/4499 4682/4004/4682 5946/4867/5945 4914/4799/4914
f 4682/4004/4682 4681/4003/4681 5947/4868/5946 5946/4867/5945
f 4681/4003/4681 4680/4002/4680 5948/4871/5947 5947/4868/5946
f 4680/4002/4680 4490/4001/4490 4893/4852/4893 5948/4871/5947
f 5948/4871/5947 4893/4852/4893 4894/4851/4894 5951/4872/5950
f 5951/4872/5950 4894/4851/4894 4895/4849/4895 5954/4875/5953
f 5954/4875/5953 4895/4849/4895 4539/4848/4539 4980/4876/4979
f 5953/4873/5952 5954/4875/5953 4980/4876/4979 4981/4877/4980
f 5952/4874/5951 5953/4873/5952 4981/4877/4980 4982/4878/4981
f 4916/4801/4916 5952/4874/5951 4982/4878/4981 4546/4802/4546
f 4915/4800/4915 5949/4870/5948 5952/4874/5951 4916/4801/4916
f 4914/4799/4914 5946/4867/5945 5949/4870/5948 4915/4800/4915
f 5955/4879/5954 5956/4880/5955 5959/4881/5958 5958/4882/5957
f 5956/4880/5955 5957/4883/5956 5960/4884/5959 5959/4881/5958
f 5958/4882/5957 5959/4881/5958 5962/4885/5961 5961/4886/5960
f 5959/4881/5958 5960/4884/5959 5963/4887/5962 5962/4885/5961
f 4508/4195/4508 5061/4888/5060 5955/4879/5954 5066/4889/5065
f 5061/4888/5060 5062/4890/5061 5956/4880/5955 5955/4879/5954
f 5062/4890/5061 5063/4891/5062 5957/4883/5956 5956/4880/5955
f 5063/4891/5062 4555/4892/4555 5021/4893/5020 5957/4883/5956
f 5957/4883/5956 5021/4893/5020 5020/4894/5019 5960/4884/5959
f 5960/4884/5959 5020/4894/5019 5019/4895/5018 5963/4887/5962
f 5963/4887/5962 5019/4895/5018 4557/4896/4557 5003/4897/5002
f 5962/4885/5961 5963/4887/5962 5003/4897/5002 5002/4898/5001
f 5961/4886/5960 5962/4885/5961 5002/4898/5001 5001/4899/5000
f 5064/4900/5063 5961/4886/5960 5001/4899/5000 4558/4901/4558
f 5065/4902/5064 5958/4882/5957 5961/4886/5960 5064/4900/5063
f 5066/4889/5065 5955/4879/5954 5958/4882/5957 5065/4902/5064
f 5965/4903/5964 5966/4904/5965 5964/4905/5963 5970/4906/5969
f 5967/4907/5966 5968/4908/5967 5964/4905/5963 5966/4904/5965
f 5969/4909/5968 5970/4906/5969 5964/4905/5963 5968/4908/5967
f 4508/4195/4508 4674/4595/4674 5965/4903/5964 5061/4888/5060
f 4674/4595/4674 4675/4594/4675 5966/4904/5965 5965/4903/5964
f 5061/4888/5060 5965/4903/5964 5970/4906/5969 5062/4890/5061
f 4497/4591/4497 4997/4910/4996 5967/4907/5966 4676/4592/4676
f 4997/4910/4996 4996/4911/4995 5968/4908/5967 5967/4907/5966
f 4676/4592/4676 5967/4907/5966 5966/4904/5965 4675/4594/4675
f 4555/4892/4555 5063/4891/5062 5969/4909/5968 4995/4912/4994
f 5063/4891/5062 5062/4890/5061 5970/4906/5969 5969/4909/5968
f 4995/4912/4994 5969/4909/5968 5968/4908/5967 4996/4911/4995
f 5971/4913/5970 5972/4914/5971 5975/4915/5974 5974/4916/5973
f 5972/4914/5971 5973/4917/5972 5976/4918/5975 5975/4915/5974
f 5974/4916/5973 5975/4915/5974 5978/4919/5977 5977/4920/5976
f 5975/4915/5974 5976/4918/5975 5979/4921/5978 5978/4919/5977
f 4558/4901/4558 5001/4899/5000 5971/4913/5970 5048/4922/5047
f 5001/4899/5000 5002/4898/5001 5972/4914/5971 5971/4913/5970
f 5002/4898/5001 5003/4897/5002 5973/4917/5972 5972/4914/5971
f 5003/4897/5002 4557/4896/4557 5045/4923/5044 5973/4917/5972
f 5973/4917/5972 5045/4923/5044 5044/4924/5043 5976/4918/5975
f 5976/4918/5975 5044/4924/5043 5043/4925/5042 5979/4921/5978
f 5979/4921/5978 5043/4925/5042 4563/4926/4563 5027/4927/5026
f 5978/4919/5977 5979/4921/5978 5027/4927/5026 5026/4928/5025
f 5977/4920/5976 5978/4919/5977 5026/4928/5025 5025/4929/5024
f 5046/4930/5045 5977/4920/5976 5025/4929/5024 4564/4931/4564
f 5047/4932/5046 5974/4916/5973 5977/4920/5976 5046/4930/5045
f 5048/4922/5047 5971/4913/5970 5974/4916/5973 5047/4932/5046
f 5980/4933/5979 5981/4934/5980 5984/4935/5983 5983/4936/5982
f 5981/4934/5980 5982/4937/5981 5985/4938/5984 5984/4935/5983
f 5983/4936/5982 5984/4935/5983 5987/4939/5986 5986/4940/5985
f 5984/4935/5983 5985/4938/5984 5988/4941/5987 5987/4939/5986
f 4557/4896/4557 5007/4942/5006 5980/4933/5979 5045/4923/5044
f 5007/4942/5006 5008/4943/5007 5981/4934/5980 5980/4933/5979
f 5008/4943/5007 5009/4944/5008 5982/4937/5981 5981/4934/5980
f 5009/4944/5008 4560/4945/4560 4998/4946/4997 5982/4937/5981
f 5982/4937/5981 4998/4946/4997 4999/4947/4998 5985/4938/5984
f 5985/4938/5984 4999/4947/4998 5000/4948/4999 5988/4941/5987
f 5988/4941/5987 5000/4948/4999 4566/4949/4566 5033/4950/5032
f 5987/4939/5986 5988/4941/5987 5033/4950/5032 5032/4951/5031
f 5986/4940/5985 5987/4939/5986 5032/4951/5031 5031/4952/5030
f 5043/4925/5042 5986/4940/5985 5031/4952/5030 4563/4926/4563
f 5044/4924/5043 5983/4936/5982 5986/4940/5985 5043/4925/5042
f 5045/4923/5044 5980/4933/5979 5983/4936/5982 5044/4924/5043
f 5989/4953/5988 5990/4954/5989 5993/4955/5992 5992/4956/5991
f 5990/4954/5989 5991/4957/5990 5994/4958/5993 5993/4955/5992
f 5992/4956/5991 5993/4955/5992 5996/4959/5995 5995/4960/5994
f 5993/4955/5992 5994/4958/5993 5997/4961/5996 5996/4959/5995
f 4554/4126/4554 4994/4124/4993 5989/4953/5988 5072/4962/5071
f 4994/4124/4993 4993/4123/4992 5990/4954/5989 5989/4953/5988
f 4993/4123/4992 4992/4122/4991 5991/4957/5990 5990/4954/5989
f 4992/4122/4991 4553/4121/4553 5067/4963/5066 5991/4957/5990
f 5991/4957/5990 5067/4963/5066 5068/4964/5067 5994/4958/5993
f 5994/4958/5993 5068/4964/5067 5069/4965/5068 5997/4961/5996
f 5997/4961/5996 5069/4965/5068 4556/4966/4556 5016/4967/5015
f 5996/4959/5995 5997/4961/5996 5016/4967/5015 5017/4968/5016
f 5995/4960/5994 5996/4959/5995 5017/4968/5016 5018/4969/5017
f 5070/4970/5069 5995/4960/5994 5018/4969/5017 4561/4971/4561
f 5071/4972/5070 5992/4956/5991 5995/4960/5994 5070/4970/5069
f 5072/4962/5071 5989/4953/5988 5992/4956/5991 5071/4972/5070
f 5999/4973/5998 6000/4974/5999 5998/4975/5997 6008/4976/6007
f 6001/4977/6000 6002/4978/6001 5998/4975/5997 6000/4974/5999
f 6003/4979/6002 6004/4980/6003 5998/4975/5997 6002/4978/6001
f 6005/4981/6004 6006/4982/6005 5998/4975/5997 6004/4980/6003
f 6007/4983/6006 6008/4976/6007 5998/4975/5997 6006/4982/6005
f 4532/4644/4532 4880/4646/4880 5999/4973/5998 5076/4984/5075
f 4880/4646/4880 4879/4643/4879 6000/4974/5999 5999/4973/5998
f 5076/4984/5075 5999/4973/5998 6008/4976/6007 5077/4985/5076
f 4554/4126/4554 5072/4962/5071 6001/4977/6000 4878/4642/4878
f 5072/4962/5071 5071/4972/5070 6002/4978/6001 6001/4977/6000
f 4878/4642/4878 6001/4977/6000 6000/4974/5999 4879/4643/4879
f 4561/4971/4561 5010/4986/5009 6003/4979/6002 5070/4970/5069
f 5010/4986/5009 5011/4987/5010 6004/4980/6003 6003/4979/6002
f 5070/4970/5069 6003/4979/6002 6002/4978/6001 5071/4972/5070
f 4560/4945/4560 5060/4988/5059 6005/4981/6004 5012/4989/5011
f 5060/4988/5059 5059/4990/5058 6006/4982/6005 6005/4981/6004
f 5012/4989/5011 6005/4981/6004 6004/4980/6003 5011/4987/5010
f 4568/4991/4568 5078/4992/5077 6007/4983/6006 5058/4993/5057
f 5078/4992/5077 5077/4985/5076 6008/4976/6007 6007/4983/6006
f 5058/4993/5057 6007/4983/6006 6006/4982/6005 5059/4990/5058
f 6009/4994/6008 6010/4995/6009 6013/4996/6012 6012/4997/6011
f 6010/4995/6009 6011/4998/6010 6014/4999/6013 6013/4996/6012
f 6012/4997/6011 6013/4996/6012 6016/5000/6015 6015/5001/6014
f 6013/4996/6012 6014/4999/6013 6017/5002/6016 6016/5000/6015
f 4518/4186/4518 4728/4188/4728 6009/4994/6008 5075/5003/5074
f 4728/4188/4728 4729/4196/4729 6010/4995/6009 6009/4994/6008
f 4729/4196/4729 4730/4194/4730 6011/4998/6010 6010/4995/6009
f 4730/4194/4730 4508/4195/4508 5066/4889/5065 6011/4998/6010
f 6011/4998/6010 5066/4889/5065 5065/4902/5064 6014/4999/6013
f 6014/4999/6013 5065/4902/5064 5064/4900/5063 6017/5002/6016
f 6017/5002/6016 5064/4900/5063 4558/4901/4558 5006/5004/5005
f 6016/5000/6015 6017/5002/6016 5006/5004/5005 5005/5005/5004
f 6015/5001/6014 6016/5000/6015 5005/5005/5004 5004/5006/5003
f 5073/5007/5072 6015/5001/6014 5004/5006/5003 4559/5008/4559
f 5074/5009/5073 6012/4997/6011 6015/5001/6014 5073/5007/5072
f 5075/5003/5074 6009/4994/6008 6012/4997/6011 5074/5009/5073
f 6018/5010/6017 6019/5011/6018 6022/5012/6021 6021/5013/6020
f 6019/5011/6018 6020/5014/6019 6023/5015/6022 6022/5012/6021
f 6021/5013/6020 6022/5012/6021 6025/5016/6024 6024/5017/6023
f 6022/5012/6021 6023/5015/6022 6026/5018/6025 6025/5016/6024
f 4553/4121/4553 4991/4279/4990 6018/5010/6017 5067/4963/5066
f 4991/4279/4990 4990/4278/4989 6019/5011/6018 6018/5010/6017
f 4990/4278/4989 4989/4276/4988 6020/5014/6019 6019/5011/6018
f 4989/4276/4988 4518/4186/4518 5075/5003/5074 6020/5014/6019
f 6020/5014/6019 5075/5003/5074 5074/5009/5073 6023/5015/6022
f 6023/5015/6022 5074/5009/5073 5073/5007/5072 6026/5018/6025
f 6026/5018/6025 5073/5007/5072 4559/5008/4559 5013/5019/5012
f 6025/5016/6024 6026/5018/6025 5013/5019/5012 5014/5020/5013
f 6024/5017/6023 6025/5016/6024 5014/5020/5013 5015/5021/5014
f 5069/4965/5068 6024/5017/6023 5015/5021/5014 4556/4966/4556
f 5068/4964/5067 6021/5013/6020 6024/5017/6023 5069/4965/5068
f 5067/4963/5066 6018/5010/6017 6021/5013/6020 5068/4964/5067
f 6027/5022/6026 6028/5023/6027 6031/5024/6030 6030/5025/6029
f 6028/5023/6027 6029/5026/6028 6032/5027/6031 6031/5024/6030
f 6030/5025/6029 6031/5024/6030 6034/5028/6033 6033/5029/6032
f 6031/5024/6030 6032/5027/6031 6035/5030/6034 6034/5028/6033
f 4562/5031/4562 5039/5032/5038 6027/5022/6026 5022/5033/5021
f 5039/5032/5038 5038/5034/5037 6028/5023/6027 6027/5022/6026
f 5038/5034/5037 5037/5035/5036 6029/5026/6028 6028/5023/6027
f 5037/5035/5036 4565/5036/4565 5028/5037/5027 6029/5026/6028
f 6029/5026/6028 5028/5037/5027 5029/5038/5028 6032/5027/6031
f 6032/5027/6031 5029/5038/5028 5030/5039/5029 6035/5030/6034
f 6035/5030/6034 5030/5039/5029 4564/4931/4564 5025/4929/5024
f 6034/5028/6033 6035/5030/6034 5025/4929/5024 5026/4928/5025
f 6033/5029/6032 6034/5028/6033 5026/4928/5025 5027/4927/5026
f 5024/5040/5023 6033/5029/6032 5027/4927/5026 4563/4926/4563
f 5023/5041/5022 6030/5025/6029 6033/5029/6032 5024/5040/5023
f 5022/5033/5021 6027/5022/6026 6030/5025/6029 5023/5041/5022
f 6036/5042/6035 6037/5043/6036 6040/5044/6039 6039/5045/6038
f 6037/5043/6036 6038/5046/6037 6041/5047/6040 6040/5044/6039
f 6039/5045/6038 6040/5044/6039 6043/5048/6042 6042/5049/6041
f 6040/5044/6039 6041/5047/6040 6044/5050/6043 6043/5048/6042
f 4567/5051/4567 5042/5052/5041 6036/5042/6035 5034/5053/5033
f 5042/5052/5041 5041/5054/5040 6037/5043/6036 6036/5042/6035
f 5041/5054/5040 5040/5055/5039 6038/5046/6037 6037/5043/6036
f 5040/5055/5039 4562/5031/4562 5022/5033/5021 6038/5046/6037
f 6038/5046/6037 5022/5033/5021 5023/5041/5022 6041/5047/6040
f 6041/5047/6040 5023/5041/5022 5024/5040/5023 6044/5050/6043
f 6044/5050/6043 5024/5040/5023 4563/4926/4563 5031/4952/5030
f 6043/5048/6042 6044/5050/6043 5031/4952/5030 5032/4951/5031
f 6042/5049/6041 6043/5048/6042 5032/4951/5031 5033/4950/5032
f 5036/5056/5035 6042/5049/6041 5033/4950/5032 4566/4949/4566
f 5035/5057/5034 6039/5045/6038 6042/5049/6041 5036/5056/5035
f 5034/5053/5033 6036/5042/6035 6039/5045/6038 5035/5057/5034
f 6045/5058/6044 6046/5059/6045 6049/5060/6048 6048/5061/6047
f 6046/5059/6045 6047/5062/6046 6050/5063/6049 6049/5060/6048
f 6048/5061/6047 6049/5060/6048 6052/5064/6051 6051/5065/6050
f 6049/5060/6048 6050/5063/6049 6053/5066/6052 6052/5064/6051
f 4561/4971/4561 5018/4969/5017 6045/5058/6044 5054/5067/5053
f 5018/4969/5017 5017/4968/5016 6046/5059/6045 6045/5058/6044
f 5017/4968/5016 5016/4967/5015 6047/5062/6046 6046/5059/6045
f 5016/4967/5015 4556/4966/4556 5049/5068/5048 6047/5062/6046
f 6047/5062/6046 5049/5068/5048 5050/5069/5049 6050/5063/6049
f 6050/5063/6049 5050/5069/5049 5051/5070/5050 6053/5066/6052
f 6053/5066/6052 5051/5070/5050 4562/5031/4562 5040/5055/5039
f 6052/5064/6051 6053/5066/6052 5040/5055/5039 5041/5054/5040
f 6051/5065/6050 6052/5064/6051 5041/5054/5040 5042/5052/5041
f 5052/5071/5051 6051/5065/6050 5042/5052/5041 4567/5051/4567
f 5053/5072/5052 6048/5061/6047 6051/5065/6050 5052/5071/5051
f 5054/5067/5053 6045/5058/6044 6048/5061/6047 5053/5072/5052
f 6054/5073/6053 6055/5074/6054 6058/5075/6057 6057/5076/6056
f 6055/5074/6054 6056/5077/6055 6059/5078/6058 6058/5075/6057
f 6057/5076/6056 6058/5075/6057 6061/5079/6060 6060/5080/6059
f 6058/5075/6057 6059/5078/6058 6062/5081/6061 6061/5079/6060
f 4560/4945/4560 5012/4989/5011 6054/5073/6053 4998/4946/4997
f 5012/4989/5011 5011/4987/5010 6055/5074/6054 6054/5073/6053
f 5011/4987/5010 5010/4986/5009 6056/5077/6055 6055/5074/6054
f 5010/4986/5009 4561/4971/4561 5054/5067/5053 6056/5077/6055
f 6056/5077/6055 5054/5067/5053 5053/5072/5052 6059/5078/6058
f 6059/5078/6058 5053/5072/5052 5052/5071/5051 6062/5081/6061
f 6062/5081/6061 5052/5071/5051 4567/5051/4567 5034/5053/5033
f 6061/5079/6060 6062/5081/6061 5034/5053/5033 5035/5057/5034
f 6060/5080/6059 6061/5079/6060 5035/5057/5034 5036/5056/5035
f 5000/4948/4999 6060/5080/6059 5036/5056/5035 4566/4949/4566
f 4999/4947/4998 6057/5076/6056 6060/5080/6059 5000/4948/4999
f 4998/4946/4997 6054/5073/6053 6057/5076/6056 4999/4947/4998
f 6063/5082/6062 6064/5083/6063 6067/5084/6066 6066/5085/6065
f 6064/5083/6063 6065/5086/6064 6068/5087/6067 6067/5084/6066
f 6066/5085/6065 6067/5084/6066 6070/5088/6069 6069/5089/6068
f 6067/5084/6066 6068/5087/6067 6071/5090/6070 6070/5088/6069
f 4559/5008/4559 5004/5006/5003 6063/5082/6062 5057/5091/5056
f 5004/5006/5003 5005/5005/5004 6064/5083/6063 6063/5082/6062
f 5005/5005/5004 5006/5004/5005 6065/5086/6064 6064/5083/6063
f 5006/5004/5005 4558/4901/4558 5048/4922/5047 6065/5086/6064
f 6065/5086/6064 5048/4922/5047 5047/4932/5046 6068/5087/6067
f 6068/5087/6067 5047/4932/5046 5046/4930/5045 6071/5090/6070
f 6071/5090/6070 5046/4930/5045 4564/4931/4564 5030/5039/5029
f 6070/5088/6069 6071/5090/6070 5030/5039/5029 5029/5038/5028
f 6069/5089/6068 6070/5088/6069 5029/5038/5028 5028/5037/5027
f 5055/5092/5054 6069/5089/6068 5028/5037/5027 4565/5036/4565
f 5056/5093/5055 6066/5085/6065 6069/5089/6068 5055/5092/5054
f 5057/5091/5056 6063/5082/6062 6066/5085/6065 5056/5093/5055
f 6072/5094/6071 6073/5095/6072 6076/5096/6075 6075/5097/6074
f 6073/5095/6072 6074/5098/6073 6077/5099/6076 6076/5096/6075
f 6075/5097/6074 6076/5096/6075 6079/5100/6078 6078/5101/6077
f 6076/5096/6075 6077/5099/6076 6080/5102/6079 6079/5100/6078
f 4556/4966/4556 5015/5021/5014 6072/5094/6071 5049/5068/5048
f 5015/5021/5014 5014/5020/5013 6073/5095/6072 6072/5094/6071
f 5014/5020/5013 5013/5019/5012 6074/5098/6073 6073/5095/6072
f 5013/5019/5012 4559/5008/4559 5057/5091/5056 6074/5098/6073
f 6074/5098/6073 5057/5091/5056 5056/5093/5055 6077/5099/6076
f 6077/5099/6076 5056/5093/5055 5055/5092/5054 6080/5102/6079
f 6080/5102/6079 5055/5092/5054 4565/5036/4565 5037/5035/5036
f 6079/5100/6078 6080/5102/6079 5037/5035/5036 5038/5034/5037
f 6078/5101/6077 6079/5100/6078 5038/5034/5037 5039/5032/5038
f 5051/5070/5050 6078/5101/6077 5039/5032/5038 4562/5031/4562
f 5050/5069/5049 6075/5097/6074 6078/5101/6077 5051/5070/5050
f 5049/5068/5048 6072/5094/6071 6075/5097/6074 5050/5069/5049
f 6081/5103/6080 6082/5104/6081 6085/5105/6084 6084/5106/6083
f 6082/5104/6081 6083/5107/6082 6086/5108/6085 6085/5105/6084
f 6084/5106/6083 6085/5105/6084 6088/5109/6087 6087/5110/6086
f 6085/5105/6084 6086/5108/6085 6089/5111/6088 6088/5109/6087
f 4532/4644/4532 5076/4984/5075 6081/5103/6080 4847/4680/4847
f 5076/4984/5075 5077/4985/5076 6082/5104/6081 6081/5103/6080
f 5077/4985/5076 5078/4992/5077 6083/5107/6082 6082/5104/6081
f 5078/4992/5077 4568/4991/4568 5081/5112/5080 6083/5107/6082
f 6083/5107/6082 5081/5112/5080 5080/5113/5079 6086/5108/6085
f 6086/5108/6085 5080/5113/5079 5079/5114/5078 6089/5111/6088
f 6089/5111/6088 5079/5114/5078 4555/4892/4555 4995/4912/4994
f 6088/5109/6087 6089/5111/6088 4995/4912/4994 4996/4911/4995
f 6087/5110/6086 6088/5109/6087 4996/4911/4995 4997/4910/4996
f 4845/4683/4845 6087/5110/6086 4997/4910/4996 4497/4591/4497
f 4846/4682/4846 6084/5106/6083 6087/5110/6086 4845/4683/4845
f 4847/4680/4847 6081/5103/6080 6084/5106/6083 4846/4682/4846
f 6090/5115/6089 6091/5116/6090 6094/5117/6093 6093/5118/6092
f 6091/5116/6090 6092/5119/6091 6095/5120/6094 6094/5117/6093
f 6093/5118/6092 6094/5117/6093 6097/5121/6096 6096/5122/6095
f 6094/5117/6093 6095/5120/6094 6098/5123/6097 6097/5121/6096
f 4568/4991/4568 5058/4993/5057 6090/5115/6089 5081/5112/5080
f 5058/4993/5057 5059/4990/5058 6091/5116/6090 6090/5115/6089
f 5059/4990/5058 5060/4988/5059 6092/5119/6091 6091/5116/6090
f 5060/4988/5059 4560/4945/4560 5009/4944/5008 6092/5119/6091
f 6092/5119/6091 5009/4944/5008 5008/4943/5007 6095/5120/6094
f 6095/5120/6094 5008/4943/5007 5007/4942/5006 6098/5123/6097
f 6098/5123/6097 5007/4942/5006 4557/4896/4557 5019/4895/5018
f 6097/5121/6096 6098/5123/6097 5019/4895/5018 5020/4894/5019
f 6096/5122/6095 6097/5121/6096 5020/4894/5019 5021/4893/5020
f 5079/5114/5078 6096/5122/6095 5021/4893/5020 4555/4892/4555
f 5080/5113/5079 6093/5118/6092 6096/5122/6095 5079/5114/5078
f 5081/5112/5080 6090/5115/6089 6093/5118/6092 5080/5113/5079
f 6099/5124/6098 6100/5125/6099 6103/5126/6102 6102/5127/6101
f 6100/5125/6099 6101/5128/6100 6104/5129/6103 6103/5126/6102
f 6102/5127/6101 6103/5126/6102 6106/5130/6105 6105/5131/6104
f 6103/5126/6102 6104/5129/6103 6107/5132/6106 6106/5130/6105
f 4613/5133/4613 5139/3994/5138 6099/5124/6098 5303/5134/5302
f 5139/3994/5138 5140/4007/5139 6100/5125/6099 6099/5124/6098
f 5140/4007/5139 5141/4005/5140 6101/5128/6100 6100/5125/6099
f 5141/4005/5140 4580/5135/4580 5129/5136/5128 6101/5128/6100
f 6101/5128/6100 5129/5136/5128 5128/5137/5127 6104/5129/6103
f 6104/5129/6103 5128/5137/5127 5127/5138/5126 6107/5132/6106
f 6107/5132/6106 5127/5138/5126 4572/5139/4572 5090/5140/5089
f 6106/5130/6105 6107/5132/6106 5090/5140/5089 5089/5141/5088
f 6105/5131/6104 6106/5130/6105 5089/5141/5088 5088/5142/5087
f 5301/5143/5300 6105/5131/6104 5088/5142/5087 4616/5144/4616
f 5302/5145/5301 6102/5127/6101 6105/5131/6104 5301/5143/5300
f 5303/5134/5302 6099/5124/6098 6102/5127/6101 5302/5145/5301
f 6108/5146/6107 6109/5147/6108 6112/5148/6111 6111/4009/6110
f 6109/5147/6108 6110/5149/6109 6113/5150/6112 6112/5148/6111
f 6111/4009/6110 6112/5148/6111 6115/5151/6114 6114/5152/6113
f 6112/5148/6111 6113/5150/6112 6116/5153/6115 6115/5151/6114
f 4545/4017/4545 5136/5154/5135 6108/5146/6107 4979/4018/4978
f 5136/5154/5135 5137/5155/5136 6109/5147/6108 6108/5146/6107
f 5137/5155/5136 5138/5156/5137 6110/5149/6109 6109/5147/6108
f 5138/5156/5137 4579/5157/4579 5085/5158/5084 6110/5149/6109
f 6110/5149/6109 5085/5158/5084 5086/5159/5085 6113/5150/6112
f 6113/5150/6112 5086/5159/5085 5087/4027/5086 6116/5153/6115
f 6116/5153/6115 5087/4027/5086 4570/5160/4570 5099/5161/5098
f 6115/5151/6114 6116/5153/6115 5099/5161/5098 5098/4024/5097
f 6114/5152/6113 6115/5151/6114 5098/4024/5097 5097/4023/5096
f 4977/4021/4976 6114/5152/6113 5097/4023/5096 4541/4022/4541
f 4978/4020/4977 6111/4009/6110 6114/5152/6113 4977/4021/4976
f 4979/4018/4978 6108/5146/6107 6111/4009/6110 4978/4020/4977
f 6117/4033/6116 6118/5162/6117 6121/5163/6120 6120/5164/6119
f 6118/5162/6117 6119/5165/6118 6122/5166/6121 6121/5163/6120
f 6120/5164/6119 6121/5163/6120 6124/5167/6123 6123/5168/6122
f 6121/5163/6120 6122/5166/6121 6125/4041/6124 6124/5167/6123
f 4495/4042/4495 4974/4044/4973 6117/4033/6116 5147/5169/5146
f 4974/4044/4973 4975/4052/4974 6118/5162/6117 6117/4033/6116
f 4975/4052/4974 4976/4051/4975 6119/5165/6118 6118/5162/6117
f 4976/4051/4975 4541/4022/4541 5097/4023/5096 6119/5165/6118
f 6119/5165/6118 5097/4023/5096 5098/4024/5097 6122/5166/6121
f 6122/5166/6121 5098/4024/5097 5099/5161/5098 6125/4041/6124
f 6125/4041/6124 5099/5161/5098 4570/5160/4570 5217/5170/5216
f 6124/5167/6123 6125/4041/6124 5217/5170/5216 5218/5171/5217
f 6123/5168/6122 6124/5167/6123 5218/5171/5217 5219/5172/5218
f 5145/5173/5144 6123/5168/6122 5219/5172/5218 4586/5174/4586
f 5146/4045/5145 6120/5164/6119 6123/5168/6122 5145/5173/5144
f 5147/5169/5146 6117/4033/6116 6120/5164/6119 5146/4045/5145
f 6126/5175/6125 6127/5176/6126 6130/4055/6129 6129/4054/6128
f 6127/5176/6126 6128/5177/6127 6131/5178/6130 6130/4055/6129
f 6129/4054/6128 6130/4055/6129 6133/5179/6132 6132/4057/6131
f 6130/4055/6129 6131/5178/6130 6134/5180/6133 6133/5179/6132
f 4552/4062/4552 5334/5181/5333 6126/5175/6125 4973/4063/4972
f 5334/5181/5333 5335/5182/5334 6127/5176/6126 6126/5175/6125
f 5335/5182/5334 5336/4075/5335 6128/5177/6127 6127/5176/6126
f 5336/4075/5335 4611/5183/4611 5100/5184/5099 6128/5177/6127
f 6128/5177/6127 5100/5184/5099 5101/5185/5100 6131/5178/6130
f 6131/5178/6130 5101/5185/5100 5102/5186/5101 6134/5180/6133
f 6134/5180/6133 5102/5186/5101 4573/4071/4573 5108/5187/5107
f 6133/5179/6132 6134/5180/6133 5108/5187/5107 5107/5188/5106
f 6132/4057/6131 6133/5179/6132 5107/5188/5106 5106/5189/5105
f 4971/4066/4970 6132/4057/6131 5106/5189/5105 4542/4067/4542
f 4972/4065/4971 6129/4054/6128 6132/4057/6131 4971/4066/4970
f 4973/4063/4972 6126/5175/6125 6129/4054/6128 4972/4065/4971
f 6135/4078/6134 6136/5190/6135 6139/5191/6138 6138/5192/6137
f 6136/5190/6135 6137/5193/6136 6140/4084/6139 6139/5191/6138
f 6138/5192/6137 6139/5191/6138 6142/5194/6141 6141/5195/6140
f 6139/5191/6138 6140/4084/6139 6143/4086/6142 6142/5194/6141
f 4607/4087/4607 5325/4089/5324 6135/4078/6134 5312/5196/5311
f 5325/4089/5324 5326/5197/5325 6136/5190/6135 6135/4078/6134
f 5326/5197/5325 5327/5198/5326 6137/5193/6136 6136/5190/6135
f 5327/5198/5326 4608/5199/4608 5279/4099/5278 6137/5193/6136
f 6137/5193/6136 5279/4099/5278 5278/5200/5277 6140/4084/6139
f 6140/4084/6139 5278/5200/5277 5277/5201/5276 6143/4086/6142
f 6143/4086/6142 5277/5201/5276 4574/5202/4574 5111/5203/5110
f 6142/5194/6141 6143/4086/6142 5111/5203/5110 5110/4094/5109
f 6141/5195/6140 6142/5194/6141 5110/4094/5109 5109/5204/5108
f 5310/5205/5309 6141/5195/6140 5109/5204/5108 4615/4092/4615
f 5311/5206/5310 6138/5192/6137 6141/5195/6140 5310/5205/5309
f 5312/5196/5311 6135/4078/6134 6138/5192/6137 5311/5206/5310
f 6144/5207/6143 6145/5208/6144 6148/5209/6147 6147/4104/6146
f 6145/5208/6144 6146/5210/6145 6149/5211/6148 6148/5209/6147
f 6147/4104/6146 6148/5209/6147 6151/5212/6150 6150/5213/6149
f 6148/5209/6147 6149/5211/6148 6152/5214/6151 6151/5212/6150
f 4614/5215/4614 5391/4114/5390 6144/5207/6143 5297/4113/5296
f 5391/4114/5390 5392/4127/5391 6145/5208/6144 6144/5207/6143
f 5392/4127/5391 5393/5216/5392 6146/5210/6145 6145/5208/6144
f 5393/5216/5392 4620/4126/4620 5399/4124/5398 6146/5210/6145
f 6146/5210/6145 5399/4124/5398 5398/4123/5397 6149/5211/6148
f 6149/5211/6148 5398/4123/5397 5397/5217/5396 6152/5214/6151
f 6152/5214/6151 5397/5217/5396 4619/5218/4619 5390/5219/5389
f 6151/5212/6150 6152/5214/6151 5390/5219/5389 5389/4119/5388
f 6150/5213/6149 6151/5212/6150 5389/4119/5388 5388/5220/5387
f 5295/4116/5294 6150/5213/6149 5388/5220/5387 4595/4117/4595
f 5296/4115/5295 6147/4104/6146 6150/5213/6149 5295/4116/5294
f 5297/4113/5296 6144/5207/6143 6147/4104/6146 5296/4115/5295
f 6153/5221/6152 6154/5222/6153 6157/5223/6156 6156/5224/6155
f 6154/5222/6153 6155/5225/6154 6158/4134/6157 6157/5223/6156
f 6156/5224/6155 6157/5223/6156 6160/5226/6159 6159/5227/6158
f 6157/5223/6156 6158/4134/6157 6161/4136/6160 6160/5226/6159
f 4588/4137/4588 5385/4139/5384 6153/5221/6152 5225/5228/5224
f 5385/4139/5384 5386/4152/5385 6154/5222/6153 6153/5221/6152
f 5386/4152/5385 5387/4150/5386 6155/5225/6154 6154/5222/6153
f 5387/4150/5386 4618/4151/4618 5348/5229/5347 6155/5225/6154
f 6155/5225/6154 5348/5229/5347 5347/5230/5346 6158/4134/6157
f 6158/4134/6157 5347/5230/5346 5346/5231/5345 6161/4136/6160
f 6161/4136/6160 5346/5231/5345 4576/5232/4576 5292/5233/5291
f 6160/5226/6159 6161/4136/6160 5292/5233/5291 5293/5234/5292
f 6159/5227/6158 6160/5226/6159 5293/5234/5292 5294/4143/5293
f 5223/5235/5222 6159/5227/6158 5294/4143/5293 4601/4142/4601
f 5224/5236/5223 6156/5224/6155 6159/5227/6158 5223/5235/5222
f 5225/5228/5224 6153/5221/6152 6156/5224/6155 5224/5236/5223
f 6162/4153/6161 6163/5237/6162 6166/5238/6165 6165/5239/6164
f 6163/5237/6162 6164/4160/6163 6167/5240/6166 6166/5238/6165
f 6165/5239/6164 6166/5238/6165 6169/4158/6168 6168/5241/6167
f 6166/5238/6165 6167/5240/6166 6170/5242/6169 6169/4158/6168
f 4596/5243/4596 5133/5244/5132 6162/4153/6161 5213/5245/5212
f 5133/5244/5132 5134/5246/5133 6163/5237/6162 6162/4153/6161
f 5134/5246/5133 5135/5247/5134 6164/4160/6163 6163/5237/6162
f 5135/5247/5134 4584/5248/4584 5132/5249/5131 6164/4160/6163
f 6164/4160/6163 5132/5249/5131 5131/4172/5130 6167/5240/6166
f 6167/5240/6166 5131/4172/5130 5130/4171/5129 6170/5242/6169
f 6170/5242/6169 5130/4171/5129 4576/5232/4576 5117/5250/5116
f 6169/4158/6168 6170/5242/6169 5117/5250/5116 5116/5251/5115
f 6168/5241/6167 6169/4158/6168 5116/5251/5115 5115/5252/5114
f 5211/5253/5210 6168/5241/6167 5115/5252/5114 4593/5254/4593
f 5212/5255/5211 6165/5239/6164 6168/5241/6167 5211/5253/5210
f 5213/5245/5212 6162/4153/6161 6165/5239/6164 5212/5255/5211
f 6171/5256/6170 6172/5257/6171 6175/5258/6174 6174/5259/6173
f 6172/5257/6171 6173/5260/6172 6176/5261/6175 6175/5258/6174
f 6174/5259/6173 6175/5258/6174 6178/5262/6177 6177/5263/6176
f 6175/5258/6174 6176/5261/6175 6179/5264/6178 6178/5262/6177
f 4599/5265/4599 5175/5266/5174 6171/5256/6170 5210/5267/5209
f 5175/5266/5174 5176/5268/5175 6172/5257/6171 6171/5256/6170
f 5176/5268/5175 5177/5269/5176 6173/5260/6172 6172/5257/6171
f 5177/5269/5176 4589/5270/4589 5156/5271/5155 6173/5260/6172
f 6173/5260/6172 5156/5271/5155 5155/4192/5154 6176/5261/6175
f 6176/5261/6175 5155/4192/5154 5154/5272/5153 6179/5264/6178
f 6179/5264/6178 5154/5272/5153 4584/5248/4584 5135/5247/5134
f 6178/5262/6177 6179/5264/6178 5135/5247/5134 5134/5246/5133
f 6177/5263/6176 6178/5262/6177 5134/5246/5133 5133/5244/5132
f 5208/5273/5207 6177/5263/6176 5133/5244/5132 4596/5243/4596
f 5209/5274/5208 6174/5259/6173 6177/5263/6176 5208/5273/5207
f 5210/5267/5209 6171/5256/6170 6174/5259/6173 5209/5274/5208
f 6180/4197/6179 6181/5275/6180 6184/5276/6183 6183/4198/6182
f 6181/5275/6180 6182/5277/6181 6185/5278/6184 6184/5276/6183
f 6183/4198/6182 6184/5276/6183 6187/5279/6186 6186/4201/6185
f 6184/5276/6183 6185/5278/6184 6188/5280/6187 6187/5279/6186
f 4548/4206/4548 5169/5281/5168 6180/4197/6179 4964/4207/4963
f 5169/5281/5168 5170/5282/5169 6181/5275/6180 6180/4197/6179
f 5170/5282/5169 5171/5283/5170 6182/5277/6181 6181/5275/6180
f 5171/5283/5170 4590/5284/4590 5124/4213/5123 6182/5277/6181
f 6182/5277/6181 5124/4213/5123 5125/4212/5124 6185/5278/6184
f 6185/5278/6184 5125/4212/5124 5126/4211/5125 6188/5280/6187
f 6188/5280/6187 5126/4211/5125 4579/5157/4579 5138/5156/5137
f 6187/5279/6186 6188/5280/6187 5138/5156/5137 5137/5155/5136
f 6186/4201/6185 6187/5279/6186 5137/5155/5136 5136/5154/5135
f 4962/4210/4961 6186/4201/6185 5136/5154/5135 4545/4017/4545
f 4963/4209/4962 6183/4198/6182 6186/4201/6185 4962/4210/4961
f 4964/4207/4963 6180/4197/6179 6183/4198/6182 4963/4209/4962
f 6189/5285/6188 6190/5286/6189 6193/4219/6192 6192/5287/6191
f 6190/5286/6189 6191/5288/6190 6194/5289/6193 6193/4219/6192
f 6192/5287/6191 6193/4219/6192 6196/5290/6195 6195/5291/6194
f 6193/4219/6192 6194/5289/6193 6197/5292/6196 6196/5290/6195
f 4610/5293/4610 5160/4228/5159 6189/5285/6188 5315/5294/5314
f 5160/4228/5159 5161/5295/5160 6190/5286/6189 6189/5285/6188
f 5161/5295/5160 5162/5296/5161 6191/5288/6190 6190/5286/6189
f 5162/5296/5161 4585/5297/4585 5144/5298/5143 6191/5288/6190
f 6191/5288/6190 5144/5298/5143 5143/4232/5142 6194/5289/6193
f 6194/5289/6193 5143/4232/5142 5142/4231/5141 6197/5292/6196
f 6197/5292/6196 5142/4231/5141 4580/5135/4580 5141/4005/5140
f 6196/5290/6195 6197/5292/6196 5141/4005/5140 5140/4007/5139
f 6195/5291/6194 6196/5290/6195 5140/4007/5139 5139/3994/5138
f 5313/5299/5312 6195/5291/6194 5139/3994/5138 4613/5133/4613
f 5314/4229/5313 6192/5287/6191 6195/5291/6194 5313/5299/5312
f 5315/5294/5314 6189/5285/6188 6192/5287/6191 5314/4229/5313
f 6198/5300/6197 6199/4240/6198 6202/5301/6201 6201/5302/6200
f 6199/4240/6198 6200/5303/6199 6203/5304/6202 6202/5301/6201
f 6201/5302/6200 6202/5301/6201 6205/5305/6204 6204/4241/6203
f 6202/5301/6201 6203/5304/6202 6206/4245/6205 6205/5305/6204
f 4615/4092/4615 5109/5204/5108 6198/5300/6197 5321/5306/5320
f 5109/5204/5108 5110/4094/5109 6199/4240/6198 6198/5300/6197
f 5110/4094/5109 5111/5203/5110 6200/5303/6199 6199/4240/6198
f 5111/5203/5110 4574/5202/4574 5105/5307/5104 6200/5303/6199
f 6200/5303/6199 5105/5307/5104 5104/5308/5103 6203/5304/6202
f 6203/5304/6202 5104/5308/5103 5103/5309/5102 6206/4245/6205
f 6206/4245/6205 5103/5309/5102 4585/5297/4585 5162/5296/5161
f 6205/5305/6204 6206/4245/6205 5162/5296/5161 5161/5295/5160
f 6204/4241/6203 6205/5305/6204 5161/5295/5160 5160/4228/5159
f 5319/5310/5318 6204/4241/6203 5160/4228/5159 4610/5293/4610
f 5320/5311/5319 6201/5302/6200 6204/4241/6203 5319/5310/5318
f 5321/5306/5320 6198/5300/6197 6201/5302/6200 5320/5311/5319
f 6207/5312/6206 6208/5313/6207 6211/4254/6210 6210/5314/6209
f 6208/5313/6207 6209/5315/6208 6212/4258/6211 6211/4254/6210
f 6210/5314/6209 6211/4254/6210 6214/5316/6213 6213/4256/6212
f 6211/4254/6210 6212/4258/6211 6215/5317/6214 6214/5316/6213
f 4542/4067/4542 5106/5189/5105 6207/5312/6206 4955/4261/4954
f 5106/5189/5105 5107/5188/5106 6208/5313/6207 6207/5312/6206
f 5107/5188/5106 5108/5187/5107 6209/5315/6208 6208/5313/6207
f 5108/5187/5107 4573/4071/4573 5157/5318/5156 6209/5315/6208
f 6209/5315/6208 5157/5318/5156 5158/5319/5157 6212/4258/6211
f 6212/4258/6211 5158/5319/5157 5159/5320/5158 6215/5317/6214
f 6215/5317/6214 5159/5320/5158 4590/5284/4590 5171/5283/5170
f 6214/5316/6213 6215/5317/6214 5171/5283/5170 5170/5282/5169
f 6213/4256/6212 6214/5316/6213 5170/5282/5169 5169/5281/5168
f 4953/4263/4952 6213/4256/6212 5169/5281/5168 4548/4206/4548
f 4954/4262/4953 6210/5314/6209 6213/4256/6212 4953/4263/4952
f 4955/4261/4954 6207/5312/6206 6210/5314/6209 4954/4262/4953
f 6217/5321/6216 6218/5322/6217 6216/5323/6215 6222/5324/6221
f 6219/5325/6218 6220/5326/6219 6216/5323/6215 6218/5322/6217
f 6221/5327/6220 6222/5324/6221 6216/5323/6215 6220/5326/6219
f 4595/4117/4595 5388/5220/5387 6217/5321/6216 5201/5328/5200
f 5388/5220/5387 5389/4119/5388 6218/5322/6217 6217/5321/6216
f 5201/5328/5200 6217/5321/6216 6222/5324/6221 5200/5329/5199
f 4619/5218/4619 5396/5330/5395 6219/5325/6218 5390/5219/5389
f 5396/5330/5395 5395/5331/5394 6220/5326/6219 6219/5325/6218
f 5390/5219/5389 6219/5325/6218 6218/5322/6217 5389/4119/5388
f 4599/5265/4599 5199/5332/5198 6221/5327/6220 5394/5333/5393
f 5199/5332/5198 5200/5329/5199 6222/5324/6221 6221/5327/6220
f 5394/5333/5393 6221/5327/6220 6220/5326/6219 5395/5331/5394
f 6223/5334/6222 6224/5335/6223 6227/5336/6226 6226/4281/6225
f 6224/5335/6223 6225/5337/6224 6228/5338/6227 6227/5336/6226
f 6226/4281/6225 6227/5336/6226 6230/5339/6229 6229/5340/6228
f 6227/5336/6226 6228/5338/6227 6231/4288/6230 6230/5339/6229
f 4583/4289/4583 5184/4291/5183 6223/5334/6222 5150/5341/5149
f 5184/4291/5183 5185/5342/5184 6224/5335/6223 6223/5334/6222
f 5185/5342/5184 5186/5343/5185 6225/5337/6224 6224/5335/6223
f 5186/5343/5185 4595/4117/4595 5201/5328/5200 6225/5337/6224
f 6225/5337/6224 5201/5328/5200 5200/5329/5199 6228/5338/6227
f 6228/5338/6227 5200/5329/5199 5199/5332/5198 6231/4288/6230
f 6231/4288/6230 5199/5332/5198 4599/5265/4599 5198/5344/5197
f 6230/5339/6229 6231/4288/6230 5198/5344/5197 5197/5345/5196
f 6229/5340/6228 6230/5339/6229 5197/5345/5196 5196/5346/5195
f 5148/4293/5147 6229/5340/6228 5196/5346/5195 4581/5347/4581
f 5149/4292/5148 6226/4281/6225 6229/5340/6228 5148/4293/5147
f 5150/5341/5149 6223/5334/6222 6226/4281/6225 5149/4292/5148
f 6232/5348/6231 6233/5349/6232 6236/5350/6235 6235/5351/6234
f 6233/5349/6232 6234/5352/6233 6237/5353/6236 6236/5350/6235
f 6235/5351/6234 6236/5350/6235 6239/5354/6238 6238/5355/6237
f 6236/5350/6235 6237/5353/6236 6240/5356/6239 6239/5354/6238
f 4581/5347/4581 5196/5346/5195 6232/5348/6231 5153/5357/5152
f 5196/5346/5195 5197/5345/5196 6233/5349/6232 6232/5348/6231
f 5197/5345/5196 5198/5344/5197 6234/5352/6233 6233/5349/6232
f 5198/5344/5197 4599/5265/4599 5210/5267/5209 6234/5352/6233
f 6234/5352/6233 5210/5267/5209 5209/5274/5208 6237/5353/6236
f 6237/5353/6236 5209/5274/5208 5208/5273/5207 6240/5356/6239
f 6240/5356/6239 5208/5273/5207 4596/5243/4596 5189/5358/5188
f 6239/5354/6238 6240/5356/6239 5189/5358/5188 5188/4314/5187
f 6238/5355/6237 6239/5354/6238 5188/4314/5187 5187/5359/5186
f 5151/5360/5150 6238/5355/6237 5187/5359/5186 4582/4312/4582
f 5152/4310/5151 6235/5351/6234 6238/5355/6237 5151/5360/5150
f 5153/5357/5152 6232/5348/6231 6235/5351/6234 5152/4310/5151
f 6241/5361/6240 6242/5362/6241 6245/5363/6244 6244/5364/6243
f 6242/5362/6241 6243/5365/6242 6246/5366/6245 6245/5363/6244
f 6244/5364/6243 6245/5363/6244 6248/5367/6247 6247/5368/6246
f 6245/5363/6244 6246/5366/6245 6249/5369/6248 6248/5367/6247
f 4582/4312/4582 5187/5359/5186 6241/5361/6240 5165/5370/5164
f 5187/5359/5186 5188/4314/5187 6242/5362/6241 6241/5361/6240
f 5188/4314/5187 5189/5358/5188 6243/5365/6242 6242/5362/6241
f 5189/5358/5188 4596/5243/4596 5213/5245/5212 6243/5365/6242
f 6243/5365/6242 5213/5245/5212 5212/5255/5211 6246/5366/6245
f 6246/5366/6245 5212/5255/5211 5211/5253/5210 6249/5369/6248
f 6249/5369/6248 5211/5253/5210 4593/5254/4593 5183/4330/5182
f 6248/5367/6247 6249/5369/6248 5183/4330/5182 5182/5371/5181
f 6247/5368/6246 6248/5367/6247 5182/5371/5181 5181/5372/5180
f 5163/5373/5162 6247/5368/6246 5181/5372/5180 4586/5174/4586
f 5164/5374/5163 6244/5364/6243 6247/5368/6246 5163/5373/5162
f 5165/5370/5164 6241/5361/6240 6244/5364/6243 5164/5374/5163
f 6250/4331/6249 6251/5375/6250 6254/4333/6253 6253/5376/6252
f 6251/5375/6250 6252/5377/6251 6255/5378/6254 6254/4333/6253
f 6253/5376/6252 6254/4333/6253 6257/5379/6256 6256/5380/6255
f 6254/4333/6253 6255/5378/6254 6258/5381/6257 6257/5379/6256
f 4577/5382/4577 5316/5383/5315 6250/4331/6249 5168/4341/5167
f 5316/5383/5315 5317/4346/5316 6251/5375/6250 6250/4331/6249
f 5317/4346/5316 5318/4345/5317 6252/5377/6251 6251/5375/6250
f 5318/4345/5317 4614/5215/4614 5297/4113/5296 6252/5377/6251
f 6252/5377/6251 5297/4113/5296 5296/4115/5295 6255/5378/6254
f 6255/5378/6254 5296/4115/5295 5295/4116/5294 6258/5381/6257
f 6258/5381/6257 5295/4116/5294 4595/4117/4595 5186/5343/5185
f 6257/5379/6256 6258/5381/6257 5186/5343/5185 5185/5342/5184
f 6256/5380/6255 6257/5379/6256 5185/5342/5184 5184/4291/5183
f 5166/5384/5165 6256/5380/6255 5184/4291/5183 4583/4289/4583
f 5167/5385/5166 6253/5376/6252 6256/5380/6255 5166/5384/5165
f 5168/4341/5167 6250/4331/6249 6253/5376/6252 5167/5385/5166
f 6259/5386/6258 6260/4350/6259 6263/5387/6262 6262/4348/6261
f 6260/4350/6259 6261/5388/6260 6264/5389/6263 6263/5387/6262
f 6262/4348/6261 6263/5387/6262 6266/5390/6265 6265/5391/6264
f 6263/5387/6262 6264/5389/6263 6267/4355/6266 6266/5390/6265
f 4618/4151/4618 5382/4356/5381 6259/5386/6258 5348/5229/5347
f 5382/4356/5381 5383/4362/5382 6260/4350/6259 6259/5386/6258
f 5383/4362/5382 5384/4360/5383 6261/5388/6260 6260/4350/6259
f 5384/4360/5383 4549/4361/4549 5366/5392/5365 6261/5388/6260
f 6261/5388/6260 5366/5392/5365 5365/4358/5364 6264/5389/6263
f 6264/5389/6263 5365/4358/5364 5364/5393/5363 6267/4355/6266
f 6267/4355/6266 5364/5393/5363 4593/5254/4593 5115/5252/5114
f 6266/5390/6265 6267/4355/6266 5115/5252/5114 5116/5251/5115
f 6265/5391/6264 6266/5390/6265 5116/5251/5115 5117/5250/5116
f 5346/5231/5345 6265/5391/6264 5117/5250/5116 4576/5232/4576
f 5347/5230/5346 6262/4348/6261 6265/5391/6264 5346/5231/5345
f 5348/5229/5347 6259/5386/6258 6262/4348/6261 5347/5230/5346
f 6268/4363/6267 6269/5394/6268 6272/5395/6271 6271/5396/6270
f 6269/5394/6268 6270/5397/6269 6273/5398/6272 6272/5395/6271
f 6271/5396/6270 6272/5395/6271 6275/5399/6274 6274/4367/6273
f 6272/5395/6271 6273/5398/6272 6276/5400/6275 6275/5399/6274
f 4549/4361/4549 4737/4372/4737 6268/4363/6267 5366/5392/5365
f 4737/4372/4737 4738/4374/4738 6269/5394/6268 6268/4363/6267
f 4738/4374/4738 4739/4373/4739 6270/5397/6269 6269/5394/6268
f 4739/4373/4739 4495/4042/4495 5147/5169/5146 6270/5397/6269
f 6270/5397/6269 5147/5169/5146 5146/4045/5145 6273/5398/6272
f 6273/5398/6272 5146/4045/5145 5145/5173/5144 6276/5400/6275
f 6276/5400/6275 5145/5173/5144 4586/5174/4586 5181/5372/5180
f 6275/5399/6274 6276/5400/6275 5181/5372/5180 5182/5371/5181
f 6274/4367/6273 6275/5399/6274 5182/5371/5181 5183/4330/5182
f 5364/5393/5363 6274/4367/6273 5183/4330/5182 4593/5254/4593
f 5365/4358/5364 6271/5396/6270 6274/4367/6273 5364/5393/5363
f 5366/5392/5365 6268/4363/6267 6271/5396/6270 5365/4358/5364
f 6277/5401/6276 6278/5402/6277 6281/5403/6280 6280/4376/6279
f 6278/5402/6277 6279/5404/6278 6282/5405/6281 6281/5403/6280
f 6280/4376/6279 6281/5403/6280 6284/5406/6283 6283/5407/6282
f 6281/5403/6280 6282/5405/6281 6285/5408/6284 6284/5406/6283
f 4573/4071/4573 5205/5409/5204 6277/5401/6276 5157/5318/5156
f 5205/5409/5204 5206/5410/5205 6278/5402/6277 6277/5401/6276
f 5206/5410/5205 5207/4388/5206 6279/5404/6278 6278/5402/6277
f 5207/4388/5206 4583/4289/4583 5150/5341/5149 6279/5404/6278
f 6279/5404/6278 5150/5341/5149 5149/4292/5148 6282/5405/6281
f 6282/5405/6281 5149/4292/5148 5148/4293/5147 6285/5408/6284
f 6285/5408/6284 5148/4293/5147 4581/5347/4581 5195/5411/5194
f 6284/5406/6283 6285/5408/6284 5195/5411/5194 5194/5412/5193
f 6283/5407/6282 6284/5406/6283 5194/5412/5193 5193/5413/5192
f 5159/5320/5158 6283/5407/6282 5193/5413/5192 4590/5284/4590
f 5158/5319/5157 6280/4376/6279 6283/5407/6282 5159/5320/5158
f 5157/5318/5156 6277/5401/6276 6280/4376/6279 5158/5319/5157
f 6286/5414/6285 6287/5415/6286 6290/5416/6289 6289/5417/6288
f 6287/5415/6286 6288/4397/6287 6291/4396/6290 6290/5416/6289
f 6289/5417/6288 6290/5416/6289 6293/5418/6292 6292/5419/6291
f 6290/5416/6289 6291/4396/6290 6294/5420/6293 6293/5418/6292
f 4590/5284/4590 5193/5413/5192 6286/5414/6285 5124/4213/5123
f 5193/5413/5192 5194/5412/5193 6287/5415/6286 6286/5414/6285
f 5194/5412/5193 5195/5411/5194 6288/4397/6287 6287/5415/6286
f 5195/5411/5194 4581/5347/4581 5153/5357/5152 6288/4397/6287
f 6288/4397/6287 5153/5357/5152 5152/4310/5151 6291/4396/6290
f 6291/4396/6290 5152/4310/5151 5151/5360/5150 6294/5420/6293
f 6294/5420/6293 5151/5360/5150 4582/4312/4582 5204/5421/5203
f 6293/5418/6292 6294/5420/6293 5204/5421/5203 5203/5422/5202
f 6292/5419/6291 6293/5418/6292 5203/5422/5202 5202/4399/5201
f 5126/4211/5125 6292/5419/6291 5202/4399/5201 4579/5157/4579
f 5125/4212/5124 6289/5417/6288 6292/5419/6291 5126/4211/5125
f 5124/4213/5123 6286/5414/6285 6289/5417/6288 5125/4212/5124
f 6295/5423/6294 6296/5424/6295 6299/5425/6298 6298/5426/6297
f 6296/5424/6295 6297/5427/6296 6300/5428/6299 6299/5425/6298
f 6298/5426/6297 6299/5425/6298 6302/4407/6301 6301/4406/6300
f 6299/5425/6298 6300/5428/6299 6303/5429/6302 6302/4407/6301
f 4598/4411/4598 5232/5430/5231 6295/5423/6294 5231/5431/5230
f 5232/5430/5231 5233/5432/5232 6296/5424/6295 6295/5423/6294
f 5233/5432/5232 5234/5433/5233 6297/5427/6296 6296/5424/6295
f 5234/5433/5233 4602/5434/4602 5258/5435/5257 6297/5427/6296
f 6297/5427/6296 5258/5435/5257 5257/4422/5256 6300/5428/6299
f 6300/5428/6299 5257/4422/5256 5256/4421/5255 6303/5429/6302
f 6303/5429/6302 5256/4421/5255 4606/5436/4606 5252/5437/5251
f 6302/4407/6301 6303/5429/6302 5252/5437/5251 5251/5438/5250
f 6301/4406/6300 6302/4407/6301 5251/5438/5250 5250/5439/5249
f 5229/4415/5228 6301/4406/6300 5250/5439/5249 4594/5440/4594
f 5230/4414/5229 6298/5426/6297 6301/4406/6300 5229/4415/5228
f 5231/5431/5230 6295/5423/6294 6298/5426/6297 5230/4414/5229
f 6304/5441/6303 6305/4430/6304 6308/5442/6307 6307/5443/6306
f 6305/4430/6304 6306/5444/6305 6309/5445/6308 6308/5442/6307
f 6307/5443/6306 6308/5442/6307 6311/5446/6310 6310/5447/6309
f 6308/5442/6307 6309/5445/6308 6312/5448/6311 6311/5446/6310
f 4594/5440/4594 5250/5439/5249 6304/5441/6303 5240/5449/5239
f 5250/5439/5249 5251/5438/5250 6305/4430/6304 6304/5441/6303
f 5251/5438/5250 5252/5437/5251 6306/5444/6305 6305/4430/6304
f 5252/5437/5251 4606/5436/4606 5261/5450/5260 6306/5444/6305
f 6306/5444/6305 5261/5450/5260 5260/5451/5259 6309/5445/6308
f 6309/5445/6308 5260/5451/5259 5259/5452/5258 6312/5448/6311
f 6312/5448/6311 5259/5452/5258 4605/5453/4605 5249/5454/5248
f 6311/5446/6310 6312/5448/6311 5249/5454/5248 5248/4441/5247
f 6310/5447/6309 6311/5446/6310 5248/4441/5247 5247/5455/5246
f 5238/5456/5237 6310/5447/6309 5247/5455/5246 4597/5457/4597
f 5239/5458/5238 6307/5443/6306 6310/5447/6309 5238/5456/5237
f 5240/5449/5239 6304/5441/6303 6307/5443/6306 5239/5458/5238
f 6313/5459/6312 6314/5460/6313 6317/5461/6316 6316/5462/6315
f 6314/5460/6313 6315/4454/6314 6318/4453/6317 6317/5461/6316
f 6316/5462/6315 6317/5461/6316 6320/5463/6319 6319/5464/6318
f 6317/5461/6316 6318/4453/6317 6321/4455/6320 6320/5463/6319
f 4579/5157/4579 5202/4399/5201 6313/5459/6312 5085/5158/5084
f 5202/4399/5201 5203/5422/5202 6314/5460/6313 6313/5459/6312
f 5203/5422/5202 5204/5421/5203 6315/4454/6314 6314/5460/6313
f 5204/5421/5203 4582/4312/4582 5165/5370/5164 6315/4454/6314
f 6315/4454/6314 5165/5370/5164 5164/5374/5163 6318/4453/6317
f 6318/4453/6317 5164/5374/5163 5163/5373/5162 6321/4455/6320
f 6321/4455/6320 5163/5373/5162 4586/5174/4586 5219/5172/5218
f 6320/5463/6319 6321/4455/6320 5219/5172/5218 5218/5171/5217
f 6319/5464/6318 6320/5463/6319 5218/5171/5217 5217/5170/5216
f 5087/4027/5086 6319/5464/6318 5217/5170/5216 4570/5160/4570
f 5086/5159/5085 6316/5462/6315 6319/5464/6318 5087/4027/5086
f 5085/5158/5084 6313/5459/6312 6316/5462/6315 5086/5159/5085
f 6322/4456/6321 6323/5465/6322 6326/4458/6325 6325/5466/6324
f 6323/5465/6322 6324/5467/6323 6327/5468/6326 6326/4458/6325
f 6325/5466/6324 6326/4458/6325 6329/4461/6328 6328/5469/6327
f 6326/4458/6325 6327/5468/6326 6330/5470/6329 6329/4461/6328
f 4611/5183/4611 5190/5471/5189 6322/4456/6321 5100/5184/5099
f 5190/5471/5189 5191/5472/5190 6323/5465/6322 6322/4456/6321
f 5191/5472/5190 5192/5473/5191 6324/5467/6323 6323/5465/6322
f 5192/5473/5191 4577/5382/4577 5168/4341/5167 6324/5467/6323
f 6324/5467/6323 5168/4341/5167 5167/5385/5166 6327/5468/6326
f 6327/5468/6326 5167/5385/5166 5166/5384/5165 6330/5470/6329
f 6330/5470/6329 5166/5384/5165 4583/4289/4583 5207/4388/5206
f 6329/4461/6328 6330/5470/6329 5207/4388/5206 5206/5410/5205
f 6328/5469/6327 6329/4461/6328 5206/5410/5205 5205/5409/5204
f 5102/5186/5101 6328/5469/6327 5205/5409/5204 4573/4071/4573
f 5101/5185/5100 6325/5466/6324 6328/5469/6327 5102/5186/5101
f 5100/5184/5099 6322/4456/6321 6325/5466/6324 5101/5185/5100
f 6331/4468/6330 6332/5474/6331 6335/4470/6334 6334/4469/6333
f 6332/5474/6331 6333/4475/6332 6336/4474/6335 6335/4470/6334
f 6334/4469/6333 6335/4470/6334 6338/5475/6337 6337/5476/6336
f 6335/4470/6334 6336/4474/6335 6339/5477/6338 6338/5475/6337
f 4569/4477/4569 5084/4479/5083 6331/4468/6330 5286/5478/5285
f 5084/4479/5083 5083/4487/5082 6332/5474/6331 6331/4468/6330
f 5083/4487/5082 5082/4485/5081 6333/4475/6332 6332/5474/6331
f 5082/4485/5081 4587/4486/4587 5174/5479/5173 6333/4475/6332
f 6333/4475/6332 5174/5479/5173 5173/5480/5172 6336/4474/6335
f 6336/4474/6335 5173/5480/5172 5172/5481/5171 6339/5477/6338
f 6339/5477/6338 5172/5481/5171 4577/5382/4577 5192/5473/5191
f 6338/5475/6337 6339/5477/6338 5192/5473/5191 5191/5472/5190
f 6337/5476/6336 6338/5475/6337 5191/5472/5190 5190/5471/5189
f 5288/5482/5287 6337/5476/6336 5190/5471/5189 4611/5183/4611
f 5287/5483/5286 6334/4469/6333 6337/5476/6336 5288/5482/5287
f 5286/5478/5285 6331/4468/6330 6334/4469/6333 5287/5483/5286
f 6340/5484/6339 6341/4491/6340 6344/4490/6343 6343/5485/6342
f 6341/4491/6340 6342/5486/6341 6345/5487/6344 6344/4490/6343
f 6343/5485/6342 6344/4490/6343 6347/5488/6346 6346/5489/6345
f 6344/4490/6343 6345/5487/6344 6348/5490/6347 6347/5488/6346
f 4524/4497/4524 4947/4499/4947 6340/5484/6339 5330/5491/5329
f 4947/4499/4947 4948/4511/4947 6341/4491/6340 6340/5484/6339
f 4948/4511/4947 4949/4509/4948 6342/5486/6341 6341/4491/6340
f 4949/4509/4948 4550/4510/4550 5375/5492/5374 6342/5486/6341
f 6342/5486/6341 5375/5492/5374 5374/5493/5373 6345/5487/6344
f 6345/5487/6344 5374/5493/5373 5373/5494/5372 6348/5490/6347
f 6348/5490/6347 5373/5494/5372 4600/5495/4600 5379/5496/5378
f 6347/5488/6346 6348/5490/6347 5379/5496/5378 5380/5497/5379
f 6346/5489/6345 6347/5488/6346 5380/5497/5379 5381/5498/5380
f 5328/5499/5327 6346/5489/6345 5381/5498/5380 4616/5144/4616
f 5329/4500/5328 6343/5485/6342 6346/5489/6345 5328/5499/5327
f 5330/5491/5329 6340/5484/6339 6343/5485/6342 5329/4500/5328
f 6349/5500/6348 6350/5501/6349 6353/5502/6352 6352/5503/6351
f 6350/5501/6349 6351/5504/6350 6354/5505/6353 6353/5502/6352
f 6352/5503/6351 6353/5502/6352 6356/5506/6355 6355/4516/6354
f 6353/5502/6352 6354/5505/6353 6357/5507/6356 6356/5506/6355
f 4592/5508/4592 5307/5509/5306 6349/5500/6348 5243/4522/5242
f 5307/5509/5306 5308/5510/5307 6350/5501/6349 6349/5500/6348
f 5308/5510/5307 5309/5511/5308 6351/5504/6350 6350/5501/6349
f 5309/5511/5308 4617/5512/4617 5306/4528/5305 6351/5504/6350
f 6351/5504/6350 5306/4528/5305 5305/5513/5304 6354/5505/6353
f 6354/5505/6353 5305/5513/5304 5304/5514/5303 6357/5507/6356
f 6357/5507/6356 5304/5514/5303 4602/5434/4602 5234/5433/5233
f 6356/5506/6355 6357/5507/6356 5234/5433/5233 5233/5432/5232
f 6355/4516/6354 6356/5506/6355 5233/5432/5232 5232/5430/5231
f 5241/5515/5240 6355/4516/6354 5232/5430/5231 4598/4411/4598
f 5242/5516/5241 6352/5503/6351 6355/4516/6354 5241/5515/5240
f 5243/4522/5242 6349/5500/6348 6352/5503/6351 5242/5516/5241
f 6358/4532/6357 6359/4535/6358 6362/5517/6361 6361/5518/6360
f 6359/4535/6358 6360/5519/6359 6363/4538/6362 6362/5517/6361
f 6361/5518/6360 6362/5517/6361 6365/5520/6364 6364/5521/6363
f 6362/5517/6361 6363/4538/6362 6366/4540/6365 6365/5520/6364
f 4597/5457/4597 5247/5455/5246 6358/4532/6357 5246/5522/5245
f 5247/5455/5246 5248/4441/5247 6359/4535/6358 6358/4532/6357
f 5248/4441/5247 5249/5454/5248 6360/5519/6359 6359/4535/6358
f 5249/5454/5248 4605/5453/4605 5276/5523/5275 6360/5519/6359
f 6360/5519/6359 5276/5523/5275 5275/5524/5274 6363/4538/6362
f 6363/4538/6362 5275/5524/5274 5274/5525/5273 6366/4540/6365
f 6366/4540/6365 5274/5525/5273 4600/5495/4600 5228/5526/5227
f 6365/5520/6364 6366/4540/6365 5228/5526/5227 5227/5527/5226
f 6364/5521/6363 6365/5520/6364 5227/5527/5226 5226/5528/5225
f 5244/5529/5243 6364/5521/6363 5226/5528/5225 4601/4142/4601
f 5245/5530/5244 6361/5518/6360 6364/5521/6363 5244/5529/5243
f 5246/5522/5245 6358/4532/6357 6361/5518/6360 5245/5530/5244
f 6367/5531/6366 6368/5532/6367 6371/4552/6370 6370/5533/6369
f 6368/5532/6367 6369/4557/6368 6372/4556/6371 6371/4552/6370
f 6370/5533/6369 6371/4552/6370 6374/5534/6373 6373/5535/6372
f 6371/4552/6370 6372/4556/6371 6375/5536/6374 6374/5534/6373
f 4604/4559/4604 5300/4561/5299 6367/5531/6366 5255/5537/5254
f 5300/4561/5299 5299/4569/5298 6368/5532/6367 6367/5531/6366
f 5299/4569/5298 5298/4567/5297 6369/4557/6368 6368/5532/6367
f 5298/4567/5297 4603/4568/4603 5273/5538/5272 6369/4557/6368
f 6369/4557/6368 5273/5538/5272 5272/5539/5271 6372/4556/6371
f 6372/4556/6371 5272/5539/5271 5271/5540/5270 6375/5536/6374
f 6375/5536/6374 5271/5540/5270 4617/5512/4617 5309/5511/5308
f 6374/5534/6373 6375/5536/6374 5309/5511/5308 5308/5510/5307
f 6373/5535/6372 6374/5534/6373 5308/5510/5307 5307/5509/5306
f 5253/5541/5252 6373/5535/6372 5307/5509/5306 4592/5508/4592
f 5254/5542/5253 6370/5533/6369 6373/5535/6372 5253/5541/5252
f 5255/5537/5254 6367/5531/6366 6370/5533/6369 5254/5542/5253
f 6376/5543/6375 6377/5544/6376 6380/4572/6379 6379/5545/6378
f 6377/5544/6376 6378/5546/6377 6381/4576/6380 6380/4572/6379
f 6379/5545/6378 6380/4572/6379 6383/5547/6382 6382/5548/6381
f 6380/4572/6379 6381/4576/6380 6384/5549/6383 6383/5547/6382
f 4550/4510/4550 5262/4579/5261 6376/5543/6375 5375/5492/5374
f 5262/4579/5261 5263/4581/5262 6377/5544/6376 6376/5543/6375
f 5263/4581/5262 5264/4580/5263 6378/5546/6377 6377/5544/6376
f 5264/4580/5263 4588/4137/4588 5225/5228/5224 6378/5546/6377
f 6378/5546/6377 5225/5228/5224 5224/5236/5223 6381/4576/6380
f 6381/4576/6380 5224/5236/5223 5223/5235/5222 6384/5549/6383
f 6384/5549/6383 5223/5235/5222 4601/4142/4601 5226/5528/5225
f 6383/5547/6382 6384/5549/6383 5226/5528/5225 5227/5527/5226
f 6382/5548/6381 6383/5547/6382 5227/5527/5226 5228/5526/5227
f 5373/5494/5372 6382/5548/6381 5228/5526/5227 4600/5495/4600
f 5374/5493/5373 6379/5545/6378 6382/5548/6381 5373/5494/5372
f 5375/5492/5374 6376/5543/6375 6379/5545/6378 5374/5493/5373
f 6385/4582/6384 6386/5550/6385 6389/5551/6388 6388/5552/6387
f 6386/5550/6385 6387/5553/6386 6390/5554/6389 6389/5551/6388
f 6388/5552/6387 6389/5551/6388 6392/5555/6391 6391/4586/6390
f 6389/5551/6388 6390/5554/6389 6393/5556/6392 6392/5555/6391
f 4578/5557/4578 5283/5558/5282 6385/4582/6384 5123/5559/5122
f 5283/5558/5282 5284/5560/5283 6386/5550/6385 6385/4582/6384
f 5284/5560/5283 5285/5561/5284 6387/5553/6386 6386/5550/6385
f 5285/5561/5284 4598/4411/4598 5231/5431/5230 6387/5553/6386
f 6387/5553/6386 5231/5431/5230 5230/4414/5229 6390/5554/6389
f 6390/5554/6389 5230/4414/5229 5229/4415/5228 6393/5556/6392
f 6393/5556/6392 5229/4415/5228 4594/5440/4594 5270/4598/5269
f 6392/5555/6391 6393/5556/6392 5270/4598/5269 5269/5562/5268
f 6391/4586/6390 6392/5555/6391 5269/5562/5268 5268/5563/5267
f 5121/5564/5120 6391/4586/6390 5268/5563/5267 4589/5270/4589
f 5122/5565/5121 6388/5552/6387 6391/4586/6390 5121/5564/5120
f 5123/5559/5122 6385/4582/6384 6388/5552/6387 5122/5565/5121
f 6394/5566/6393 6395/4604/6394 6398/4603/6397 6397/5567/6396
f 6395/4604/6394 6396/5568/6395 6399/5569/6398 6398/4603/6397
f 6397/5567/6396 6398/4603/6397 6401/5570/6400 6400/4605/6399
f 6398/4603/6397 6399/5569/6398 6402/5571/6401 6401/5570/6400
f 4587/4486/4587 5222/4610/5221 6394/5566/6393 5174/5479/5173
f 5222/4610/5221 5221/4616/5220 6395/4604/6394 6394/5566/6393
f 5221/4616/5220 5220/4614/5219 6396/5568/6395 6395/4604/6394
f 5220/4614/5219 4591/4615/4591 5216/5572/5215 6396/5568/6395
f 6396/5568/6395 5216/5572/5215 5215/4612/5214 6399/5569/6398
f 6399/5569/6398 5215/4612/5214 5214/5573/5213 6402/5571/6401
f 6402/5571/6401 5214/5573/5213 4614/5215/4614 5318/4345/5317
f 6401/5570/6400 6402/5571/6401 5318/4345/5317 5317/4346/5316
f 6400/4605/6399 6401/5570/6400 5317/4346/5316 5316/5383/5315
f 5172/5481/5171 6400/4605/6399 5316/5383/5315 4577/5382/4577
f 5173/5480/5172 6397/5567/6396 6400/4605/6399 5172/5481/5171
f 5174/5479/5173 6394/5566/6393 6397/5567/6396 5173/5480/5172
f 6403/5574/6402 6404/5575/6403 6407/5576/6406 6406/5577/6405
f 6404/5575/6403 6405/5578/6404 6408/5579/6407 6407/5576/6406
f 6406/5577/6405 6407/5576/6406 6410/5580/6409 6409/5581/6408
f 6407/5576/6406 6408/5579/6407 6411/4625/6410 6410/5580/6409
f 4589/5270/4589 5268/5563/5267 6403/5574/6402 5156/5271/5155
f 5268/5563/5267 5269/5562/5268 6404/5575/6403 6403/5574/6402
f 5269/5562/5268 5270/4598/5269 6405/5578/6404 6404/5575/6403
f 5270/4598/5269 4594/5440/4594 5240/5449/5239 6405/5578/6404
f 6405/5578/6404 5240/5449/5239 5239/5458/5238 6408/5579/6407
f 6408/5579/6407 5239/5458/5238 5238/5456/5237 6411/4625/6410
f 6411/4625/6410 5238/5456/5237 4597/5457/4597 5282/5582/5281
f 6410/5580/6409 6411/4625/6410 5282/5582/5281 5281/4627/5280
f 6409/5581/6408 6410/5580/6409 5281/4627/5280 5280/4626/5279
f 5154/5272/5153 6409/5581/6408 5280/4626/5279 4584/5248/4584
f 5155/4192/5154 6406/5577/6405 6409/5581/6408 5154/5272/5153
f 5156/5271/5155 6403/5574/6402 6406/5577/6405 5155/4192/5154
f 6413/5583/6412 6414/4632/6413 6412/5584/6411 6422/4630/6421
f 6415/5585/6414 6416/5586/6415 6412/5584/6411 6414/4632/6413
f 6417/4637/6416 6418/5587/6417 6412/5584/6411 6416/5586/6415
f 6419/5588/6418 6420/5589/6419 6412/5584/6411 6418/5587/6417
f 6421/4633/6420 6422/4630/6421 6412/5584/6411 6420/5589/6419
f 4591/4615/4591 5180/4640/5179 6413/5583/6412 5216/5572/5215
f 5180/4640/5179 5179/4641/5178 6414/4632/6413 6413/5583/6412
f 5216/5572/5215 6413/5583/6412 6422/4630/6421 5215/4612/5214
f 4575/4648/4575 5120/5590/5119 6415/5585/6414 5178/4649/5177
f 5120/5590/5119 5119/5591/5118 6416/5586/6415 6415/5585/6414
f 5178/4649/5177 6415/5585/6414 6414/4632/6413 5179/4641/5178
f 4612/4644/4612 5324/4646/5323 6417/4637/6416 5118/4645/5117
f 5324/4646/5323 5323/5592/5322 6418/5587/6417 6417/4637/6416
f 5118/4645/5117 6417/4637/6416 6416/5586/6415 5119/5591/5118
f 4620/4126/4620 5393/5216/5392 6419/5588/6418 5322/5593/5321
f 5393/5216/5392 5392/4127/5391 6420/5589/6419 6419/5588/6418
f 5322/5593/5321 6419/5588/6418 6418/5587/6417 5323/5592/5322
f 4614/5215/4614 5214/5573/5213 6421/4633/6420 5391/4114/5390
f 5214/5573/5213 5215/4612/5214 6422/4630/6421 6421/4633/6420
f 5391/4114/5390 6421/4633/6420 6420/5589/6419 5392/4127/5391
f 6423/5594/6422 6424/5595/6423 6427/5596/6426 6426/5597/6425
f 6424/5595/6423 6425/5598/6424 6428/5599/6427 6427/5596/6426
f 6426/5597/6425 6427/5596/6426 6430/4656/6429 6429/5600/6428
f 6427/5596/6426 6428/5599/6427 6431/5601/6430 6430/4656/6429
f 4609/4660/4609 5354/4662/5353 6423/5594/6422 5333/5602/5332
f 5354/4662/5353 5353/4670/5352 6424/5595/6423 6423/5594/6422
f 5353/4670/5352 5352/4668/5351 6425/5598/6424 6424/5595/6423
f 5352/4668/5351 4571/4669/4571 5093/4667/5092 6425/5598/6424
f 6425/5598/6424 5093/4667/5092 5092/5603/5091 6428/5599/6427
f 6428/5599/6427 5092/5603/5091 5091/4665/5090 6431/5601/6430
f 6431/5601/6430 5091/4665/5090 4608/5199/4608 5327/5198/5326
f 6430/4656/6429 6431/5601/6430 5327/5198/5326 5326/5197/5325
f 6429/5600/6428 6430/4656/6429 5326/5197/5325 5325/4089/5324
f 5331/5604/5330 6429/5600/6428 5325/4089/5324 4607/4087/4607
f 5332/4663/5331 6426/5597/6425 6429/5600/6428 5331/5604/5330
f 5333/5602/5332 6423/5594/6422 6426/5597/6425 5332/4663/5331
f 6432/5605/6431 6433/5606/6432 6436/5607/6435 6435/4672/6434
f 6433/5606/6432 6434/5608/6433 6437/5609/6436 6436/5607/6435
f 6435/4672/6434 6436/5607/6435 6439/5610/6438 6438/5611/6437
f 6436/5607/6435 6437/5609/6436 6440/5612/6439 6439/5610/6438
f 4612/4644/4612 5265/4681/5264 6432/5605/6431 5291/5613/5290
f 5265/4681/5264 5266/5614/5265 6433/5606/6432 6432/5605/6431
f 5266/5614/5265 5267/5615/5266 6434/5608/6433 6433/5606/6432
f 5267/5615/5266 4592/5508/4592 5243/4522/5242 6434/5608/6433
f 6434/5608/6433 5243/4522/5242 5242/5516/5241 6437/5609/6436
f 6437/5609/6436 5242/5516/5241 5241/5515/5240 6440/5612/6439
f 6440/5612/6439 5241/5515/5240 4598/4411/4598 5285/5561/5284
f 6439/5610/6438 6440/5612/6439 5285/5561/5284 5284/5560/5283
f 6438/5611/6437 6439/5610/6438 5284/5560/5283 5283/5558/5282
f 5289/4683/5288 6438/5611/6437 5283/5558/5282 4578/5557/4578
f 5290/5616/5289 6435/4672/6434 6438/5611/6437 5289/4683/5288
f 5291/5613/5290 6432/5605/6431 6435/4672/6434 5290/5616/5289
f 6441/5617/6440 6442/5618/6441 6445/5619/6444 6444/5620/6443
f 6442/5618/6441 6443/5621/6442 6446/5622/6445 6445/5619/6444
f 6444/5620/6443 6445/5619/6444 6448/5623/6447 6447/5624/6446
f 6445/5619/6444 6446/5622/6445 6449/5625/6448 6448/5623/6447
f 4584/5248/4584 5280/4626/5279 6441/5617/6440 5132/5249/5131
f 5280/4626/5279 5281/4627/5280 6442/5618/6441 6441/5617/6440
f 5281/4627/5280 5282/5582/5281 6443/5621/6442 6442/5618/6441
f 5282/5582/5281 4597/5457/4597 5246/5522/5245 6443/5621/6442
f 6443/5621/6442 5246/5522/5245 5245/5530/5244 6446/5622/6445
f 6446/5622/6445 5245/5530/5244 5244/5529/5243 6449/5625/6448
f 6449/5625/6448 5244/5529/5243 4601/4142/4601 5294/4143/5293
f 6448/5623/6447 6449/5625/6448 5294/4143/5293 5293/5234/5292
f 6447/5624/6446 6448/5623/6447 5293/5234/5292 5292/5233/5291
f 5130/4171/5129 6447/5624/6446 5292/5233/5291 4576/5232/4576
f 5131/4172/5130 6444/5620/6443 6447/5624/6446 5130/4171/5129
f 5132/5249/5131 6441/5617/6440 6444/5620/6443 5131/4172/5130
f 6450/5626/6449 6451/4698/6450 6454/5627/6453 6453/5628/6452
f 6451/4698/6450 6452/4702/6451 6455/5629/6454 6454/5627/6453
f 6453/5628/6452 6454/5627/6453 6457/5630/6456 6456/4699/6455
f 6454/5627/6453 6455/5629/6454 6458/5631/6457 6457/5630/6456
f 4540/4704/4540 5342/4706/5341 6450/5626/6449 4943/4705/4943
f 5342/4706/5341 5341/4710/5340 6451/4698/6450 6450/5626/6449
f 5341/4710/5340 5340/4709/5339 6452/4702/6451 6451/4698/6450
f 5340/4709/5339 4569/4477/4569 5286/5478/5285 6452/4702/6451
f 6452/4702/6451 5286/5478/5285 5287/5483/5286 6455/5629/6454
f 6455/5629/6454 5287/5483/5286 5288/5482/5287 6458/5631/6457
f 6458/5631/6457 5288/5482/5287 4611/5183/4611 5336/4075/5335
f 6457/5630/6456 6458/5631/6457 5336/4075/5335 5335/5182/5334
f 6456/4699/6455 6457/5630/6456 5335/5182/5334 5334/5181/5333
f 4941/4708/4941 6456/4699/6455 5334/5181/5333 4552/4062/4552
f 4942/4707/4942 6453/5628/6452 6456/4699/6455 4941/4708/4941
f 4943/4705/4943 6450/5626/6449 6453/5628/6452 4942/4707/4942
f 6459/5632/6458 6460/4714/6459 6463/5633/6462 6462/4712/6461
f 6460/4714/6459 6461/5634/6460 6464/5635/6463 6463/5633/6462
f 6462/4712/6461 6463/5633/6462 6466/5636/6465 6465/5637/6464
f 6463/5633/6462 6464/5635/6463 6467/5638/6466 6466/5636/6465
f 4575/4648/4575 5114/4720/5113 6459/5632/6458 5120/5590/5119
f 5114/4720/5113 5113/4722/5112 6460/4714/6459 6459/5632/6458
f 5113/4722/5112 5112/4721/5111 6461/5634/6460 6460/4714/6459
f 5112/4721/5111 4604/4559/4604 5255/5537/5254 6461/5634/6460
f 6461/5634/6460 5255/5537/5254 5254/5542/5253 6464/5635/6463
f 6464/5635/6463 5254/5542/5253 5253/5541/5252 6467/5638/6466
f 6467/5638/6466 5253/5541/5252 4592/5508/4592 5267/5615/5266
f 6466/5636/6465 6467/5638/6466 5267/5615/5266 5266/5614/5265
f 6465/5637/6464 6466/5636/6465 5266/5614/5265 5265/4681/5264
f 5118/4645/5117 6465/5637/6464 5265/4681/5264 4612/4644/4612
f 5119/5591/5118 6462/4712/6461 6465/5637/6464 5118/4645/5117
f 5120/5590/5119 6459/5632/6458 6462/4712/6461 5119/5591/5118
f 6468/5639/6467 6469/5640/6468 6472/4725/6471 6471/5641/6470
f 6469/5640/6468 6470/5642/6469 6473/4729/6472 6472/4725/6471
f 6471/5641/6470 6472/4725/6471 6475/4728/6474 6474/5643/6473
f 6472/4725/6471 6473/4729/6472 6476/5644/6475 6475/4728/6474
f 4571/4669/4571 5096/4732/5095 6468/5639/6467 5093/4667/5092
f 5096/4732/5095 5095/4742/5094 6469/5640/6468 6468/5639/6467
f 5095/4742/5094 5094/4740/5093 6470/5642/6469 6469/5640/6468
f 5094/4740/5093 4538/4741/4538 4946/4739/4946 6470/5642/6469
f 6470/5642/6469 4946/4739/4946 4945/4738/4945 6473/4729/6472
f 6473/4729/6472 4945/4738/4945 4944/4737/4944 6476/5644/6475
f 6476/5644/6475 4944/4737/4944 4551/4736/4551 5378/5645/5377
f 6475/4728/6474 6476/5644/6475 5378/5645/5377 5377/4734/5376
f 6474/5643/6473 6475/4728/6474 5377/4734/5376 5376/4733/5375
f 5091/4665/5090 6474/5643/6473 5376/4733/5375 4608/5199/4608
f 5092/5603/5091 6471/5641/6470 6474/5643/6473 5091/4665/5090
f 5093/4667/5092 6468/5639/6467 6471/5641/6470 5092/5603/5091
f 6477/4743/6476 6478/5646/6477 6481/5647/6480 6480/5648/6479
f 6478/5646/6477 6479/5649/6478 6482/5650/6481 6481/5647/6480
f 6480/5648/6479 6481/5647/6480 6484/5651/6483 6483/4747/6482
f 6481/5647/6480 6482/5650/6481 6485/4751/6484 6484/5651/6483
f 4605/5453/4605 5367/5652/5366 6477/4743/6476 5276/5523/5275
f 5367/5652/5366 5368/5653/5367 6478/5646/6477 6477/4743/6476
f 5368/5653/5367 5369/5654/5368 6479/5649/6478 6478/5646/6477
f 5369/5654/5368 4613/5133/4613 5303/5134/5302 6479/5649/6478
f 6479/5649/6478 5303/5134/5302 5302/5145/5301 6482/5650/6481
f 6482/5650/6481 5302/5145/5301 5301/5143/5300 6485/4751/6484
f 6485/4751/6484 5301/5143/5300 4616/5144/4616 5381/5498/5380
f 6484/5651/6483 6485/4751/6484 5381/5498/5380 5380/5497/5379
f 6483/4747/6482 6484/5651/6483 5380/5497/5379 5379/5496/5378
f 5274/5525/5273 6483/4747/6482 5379/5496/5378 4600/5495/4600
f 5275/5524/5274 6480/5648/6479 6483/4747/6482 5274/5525/5273
f 5276/5523/5275 6477/4743/6476 6480/5648/6479 5275/5524/5274
f 6486/4755/6485 6487/5655/6486 6490/4757/6489 6489/5656/6488
f 6487/5655/6486 6488/4762/6487 6491/5657/6490 6490/4757/6489
f 6489/5656/6488 6490/4757/6489 6493/5658/6492 6492/5659/6491
f 6490/4757/6489 6491/5657/6490 6494/5660/6493 6493/5658/6492
f 4617/5512/4617 5349/5661/5348 6486/4755/6485 5306/4528/5305
f 5349/5661/5348 5350/4769/5349 6487/5655/6486 6486/4755/6485
f 5350/4769/5349 5351/4768/5350 6488/4762/6487 6487/5655/6486
f 5351/4768/5350 4607/4087/4607 5312/5196/5311 6488/4762/6487
f 6488/4762/6487 5312/5196/5311 5311/5206/5310 6491/5657/6490
f 6491/5657/6490 5311/5206/5310 5310/5205/5309 6494/5660/6493
f 6494/5660/6493 5310/5205/5309 4615/4092/4615 5372/4767/5371
f 6493/5658/6492 6494/5660/6493 5372/4767/5371 5371/5662/5370
f 6492/5659/6491 6493/5658/6492 5371/5662/5370 5370/5663/5369
f 5304/5514/5303 6492/5659/6491 5370/5663/5369 4602/5434/4602
f 5305/5513/5304 6489/5656/6488 6492/5659/6491 5304/5514/5303
f 5306/4528/5305 6486/4755/6485 6489/5656/6488 5305/5513/5304
f 6495/5664/6494 6496/5665/6495 6499/5666/6498 6498/5667/6497
f 6496/5665/6495 6497/5668/6496 6500/5669/6499 6499/5666/6498
f 6498/5667/6497 6499/5666/6498 6502/5670/6501 6501/4774/6500
f 6499/5666/6498 6500/5669/6499 6503/4778/6502 6502/5670/6501
f 4574/5202/4574 5343/4779/5342 6495/5664/6494 5105/5307/5104
f 5343/4779/5342 5344/5671/5343 6496/5665/6495 6495/5664/6494
f 5344/5671/5343 5345/5672/5344 6497/5668/6496 6496/5665/6495
f 5345/5672/5344 4543/4788/4543 4958/4786/4957 6497/5668/6496
f 6497/5668/6496 4958/4786/4957 4957/4785/4956 6500/5669/6499
f 6500/5669/6499 4957/4785/4956 4956/4784/4955 6503/4778/6502
f 6503/4778/6502 4956/4784/4955 4547/4783/4547 5360/4782/5359
f 6502/5670/6501 6503/4778/6502 5360/4782/5359 5359/5673/5358
f 6501/4774/6500 6502/5670/6501 5359/5673/5358 5358/5674/5357
f 5103/5309/5102 6501/4774/6500 5358/5674/5357 4585/5297/4585
f 5104/5308/5103 6498/5667/6497 6501/4774/6500 5103/5309/5102
f 5105/5307/5104 6495/5664/6494 6498/5667/6497 5104/5308/5103
f 6504/5675/6503 6505/5676/6504 6508/5677/6507 6507/5678/6506
f 6505/5676/6504 6506/5679/6505 6509/5680/6508 6508/5677/6507
f 6507/5678/6506 6508/5677/6507 6511/5681/6510 6510/5682/6509
f 6508/5677/6507 6509/5680/6508 6512/4798/6511 6511/5681/6510
f 4585/5297/4585 5358/5674/5357 6504/5675/6503 5144/5298/5143
f 5358/5674/5357 5359/5673/5358 6505/5676/6504 6504/5675/6503
f 5359/5673/5358 5360/4782/5359 6506/5679/6505 6505/5676/6504
f 5360/4782/5359 4547/4783/4547 4961/4805/4960 6506/5679/6505
f 6506/5679/6505 4961/4805/4960 4960/4804/4959 6509/5680/6508
f 6509/5680/6508 4960/4804/4959 4959/4803/4958 6512/4798/6511
f 6512/4798/6511 4959/4803/4958 4546/4802/4546 5357/4801/5356
f 6511/5681/6510 6512/4798/6511 5357/4801/5356 5356/4800/5355
f 6510/5682/6509 6511/5681/6510 5356/4800/5355 5355/5683/5354
f 5142/4231/5141 6510/5682/6509 5355/5683/5354 4580/5135/4580
f 5143/4232/5142 6507/5678/6506 6510/5682/6509 5142/4231/5141
f 5144/5298/5143 6504/5675/6503 6507/5678/6506 5143/4232/5142
f 6513/5684/6512 6514/5685/6513 6517/5686/6516 6516/5687/6515
f 6514/5685/6513 6515/5688/6514 6518/5689/6517 6517/5686/6516
f 6516/5687/6515 6517/5686/6516 6520/4811/6519 6519/5690/6518
f 6517/5686/6516 6518/5689/6517 6521/5691/6520 6520/4811/6519
f 4606/5436/4606 5361/5692/5360 6513/5684/6512 5261/5450/5260
f 5361/5692/5360 5362/5693/5361 6514/5685/6513 6513/5684/6512
f 5362/5693/5361 5363/5694/5362 6515/5688/6514 6514/5685/6513
f 5363/5694/5362 4610/5293/4610 5315/5294/5314 6515/5688/6514
f 6515/5688/6514 5315/5294/5314 5314/4229/5313 6518/5689/6517
f 6518/5689/6517 5314/4229/5313 5313/5299/5312 6521/5691/6520
f 6521/5691/6520 5313/5299/5312 4613/5133/4613 5369/5654/5368
f 6520/4811/6519 6521/5691/6520 5369/5654/5368 5368/5653/5367
f 6519/5690/6518 6520/4811/6519 5368/5653/5367 5367/5652/5366
f 5259/5452/5258 6519/5690/6518 5367/5652/5366 4605/5453/4605
f 5260/5451/5259 6516/5687/6515 6519/5690/6518 5259/5452/5258
f 5261/5450/5260 6513/5684/6512 6516/5687/6515 5260/5451/5259
f 6522/5695/6521 6523/5696/6522 6526/5697/6525 6525/5698/6524
f 6523/5696/6522 6524/5699/6523 6527/5700/6526 6526/5697/6525
f 6525/5698/6524 6526/5697/6525 6529/5701/6528 6528/5702/6527
f 6526/5697/6525 6527/5700/6526 6530/5703/6529 6529/5701/6528
f 4602/5434/4602 5370/5663/5369 6522/5695/6521 5258/5435/5257
f 5370/5663/5369 5371/5662/5370 6523/5696/6522 6522/5695/6521
f 5371/5662/5370 5372/4767/5371 6524/5699/6523 6523/5696/6522
f 5372/4767/5371 4615/4092/4615 5321/5306/5320 6524/5699/6523
f 6524/5699/6523 5321/5306/5320 5320/5311/5319 6527/5700/6526
f 6527/5700/6526 5320/5311/5319 5319/5310/5318 6530/5703/6529
f 6530/5703/6529 5319/5310/5318 4610/5293/4610 5363/5694/5362
f 6529/5701/6528 6530/5703/6529 5363/5694/5362 5362/5693/5361
f 6528/5702/6527 6529/5701/6528 5362/5693/5361 5361/5692/5360
f 5256/4421/5255 6528/5702/6527 5361/5692/5360 4606/5436/4606
f 5257/4422/5256 6525/5698/6524 6528/5702/6527 5256/4421/5255
f 5258/5435/5257 6522/5695/6521 6525/5698/6524 5257/4422/5256
f 6531/5704/6530 6532/5705/6531 6535/5706/6534 6534/4828/6533
f 6532/5705/6531 6533/5707/6532 6536/5708/6535 6535/5706/6534
f 6534/4828/6533 6535/5706/6534 6538/5709/6537 6537/5710/6536
f 6535/5706/6534 6536/5708/6535 6539/5711/6538 6538/5709/6537
f 4608/5199/4608 5376/4733/5375 6531/5704/6530 5279/4099/5278
f 5376/4733/5375 5377/4734/5376 6532/5705/6531 6531/5704/6530
f 5377/4734/5376 5378/5645/5377 6533/5707/6532 6532/5705/6531
f 5378/5645/5377 4551/4736/4551 4970/4838/4969 6533/5707/6532
f 6533/5707/6532 4970/4838/4969 4969/4837/4968 6536/5708/6535
f 6536/5708/6535 4969/4837/4968 4968/4836/4967 6539/5711/6538
f 6539/5711/6538 4968/4836/4967 4543/4788/4543 5345/5672/5344
f 6538/5709/6537 6539/5711/6538 5345/5672/5344 5344/5671/5343
f 6537/5710/6536 6538/5709/6537 5344/5671/5343 5343/4779/5342
f 5277/5201/5276 6537/5710/6536 5343/4779/5342 4574/5202/4574
f 5278/5200/5277 6534/4828/6533 6537/5710/6536 5277/5201/5276
f 5279/4099/5278 6531/5704/6530 6534/4828/6533 5278/5200/5277
f 6540/5712/6539 6541/5713/6540 6544/5714/6543 6543/5715/6542
f 6541/5713/6540 6542/5716/6541 6545/5717/6544 6544/5714/6543
f 6543/5715/6542 6544/5714/6543 6547/5718/6546 6546/4843/6545
f 6544/5714/6543 6545/5717/6544 6548/5719/6547 6547/5718/6546
f 4539/4848/4539 4899/4850/4899 6540/5712/6539 5339/5720/5338
f 4899/4850/4899 4900/4854/4900 6541/5713/6540 6540/5712/6539
f 4900/4854/4900 4901/4853/4901 6542/5716/6541 6541/5713/6540
f 4901/4853/4901 4524/4497/4524 5330/5491/5329 6542/5716/6541
f 6542/5716/6541 5330/5491/5329 5329/4500/5328 6545/5717/6544
f 6545/5717/6544 5329/4500/5328 5328/5499/5327 6548/5719/6547
f 6548/5719/6547 5328/5499/5327 4616/5144/4616 5088/5142/5087
f 6547/5718/6546 6548/5719/6547 5088/5142/5087 5089/5141/5088
f 6546/4843/6545 6547/5718/6546 5089/5141/5088 5090/5140/5089
f 5337/5721/5336 6546/4843/6545 5090/5140/5089 4572/5139/4572
f 5338/5722/5337 6543/5715/6542 6546/4843/6545 5337/5721/5336
f 5339/5720/5338 6540/5712/6539 6543/5715/6542 5338/5722/5337
f 6549/4855/6548 6550/5723/6549 6553/5724/6552 6552/5725/6551
f 6550/5723/6549 6551/4862/6550 6554/5726/6553 6553/5724/6552
f 6552/5725/6551 6553/5724/6552 6556/5727/6555 6555/5728/6554
f 6553/5724/6552 6554/5726/6553 6557/5729/6556 6556/5727/6555
f 4603/4568/4603 5237/4864/5236 6549/4855/6548 5273/5538/5272
f 5237/4864/5236 5236/4866/5235 6550/5723/6549 6549/4855/6548
f 5236/4866/5235 5235/4865/5234 6551/4862/6550 6550/5723/6549
f 5235/4865/5234 4609/4660/4609 5333/5602/5332 6551/4862/6550
f 6551/4862/6550 5333/5602/5332 5332/4663/5331 6554/5726/6553
f 6554/5726/6553 5332/4663/5331 5331/5604/5330 6557/5729/6556
f 6557/5729/6556 5331/5604/5330 4607/4087/4607 5351/4768/5350
f 6556/5727/6555 6557/5729/6556 5351/4768/5350 5350/4769/5349
f 6555/5728/6554 6556/5727/6555 5350/4769/5349 5349/5661/5348
f 5271/5540/5270 6555/5728/6554 5349/5661/5348 4617/5512/4617
f 5272/5539/5271 6552/5725/6551 6555/5728/6554 5271/5540/5270
f 5273/5538/5272 6549/4855/6548 6552/5725/6551 5272/5539/5271
f 6558/5730/6557 6559/5731/6558 6562/5732/6561 6561/5733/6560
f 6559/5731/6558 6560/5734/6559 6563/5735/6562 6562/5732/6561
f 6561/5733/6560 6562/5732/6561 6565/4872/6564 6564/5736/6563
f 6562/5732/6561 6563/5735/6562 6566/5737/6565 6565/4872/6564
f 4580/5135/4580 5355/5683/5354 6558/5730/6557 5129/5136/5128
f 5355/5683/5354 5356/4800/5355 6559/5731/6558 6558/5730/6557
f 5356/4800/5355 5357/4801/5356 6560/5734/6559 6559/5731/6558
f 5357/4801/5356 4546/4802/4546 4982/4878/4981 6560/5734/6559
f 6560/5734/6559 4982/4878/4981 4981/4877/4980 6563/5735/6562
f 6563/5735/6562 4981/4877/4980 4980/4876/4979 6566/5737/6565
f 6566/5737/6565 4980/4876/4979 4539/4848/4539 5339/5720/5338
f 6565/4872/6564 6566/5737/6565 5339/5720/5338 5338/5722/5337
f 6564/5736/6563 6565/4872/6564 5338/5722/5337 5337/5721/5336
f 5127/5138/5126 6564/5736/6563 5337/5721/5336 4572/5139/4572
f 5128/5137/5127 6561/5733/6560 6564/5736/6563 5127/5138/5126
f 5129/5136/5128 6558/5730/6557 6561/5733/6560 5128/5137/5127
f 6567/5738/6566 6568/5739/6567 6571/5740/6570 6570/5741/6569
f 6568/5739/6567 6569/4886/6568 6572/5742/6571 6571/5740/6570
f 6570/5741/6569 6571/5740/6570 6574/4884/6573 6573/5743/6572
f 6571/5740/6570 6572/5742/6571 6575/5744/6574 6574/4884/6573
f 4589/5270/4589 5471/5745/5470 6567/5738/6566 5466/5746/5465
f 5471/5745/5470 5470/4902/5469 6568/5739/6567 6567/5738/6566
f 5470/4902/5469 5469/5747/5468 6569/4886/6568 6568/5739/6567
f 5469/5747/5468 4624/4901/4624 5406/4899/5405 6569/4886/6568
f 6569/4886/6568 5406/4899/5405 5407/5748/5406 6572/5742/6571
f 6572/5742/6571 5407/5748/5406 5408/5749/5407 6575/5744/6574
f 6575/5744/6574 5408/5749/5407 4623/5750/4623 5424/4895/5423
f 6574/4884/6573 6575/5744/6574 5424/4895/5423 5425/5751/5424
f 6573/5743/6572 6574/4884/6573 5425/5751/5424 5426/4893/5425
f 5468/5752/5467 6573/5743/6572 5426/4893/5425 4621/4892/4621
f 5467/5753/5466 6570/5741/6569 6573/5743/6572 5468/5752/5467
f 5466/5746/5465 6567/5738/6566 6570/5741/6569 5467/5753/5466
f 6577/5754/6576 6578/5755/6577 6576/5756/6575 6582/5757/6581
f 6579/5758/6578 6580/4908/6579 6576/5756/6575 6578/5755/6577
f 6581/5759/6580 6582/5757/6581 6576/5756/6575 6580/4908/6579
f 4589/5270/4589 5466/5746/5465 6577/5754/6576 5121/5564/5120
f 5466/5746/5465 5467/5753/5466 6578/5755/6577 6577/5754/6576
f 5121/5564/5120 6577/5754/6576 6582/5757/6581 5122/5565/5121
f 4621/4892/4621 5400/5760/5399 6579/5758/6578 5468/5752/5467
f 5400/5760/5399 5401/5761/5400 6580/4908/6579 6579/5758/6578
f 5468/5752/5467 6579/5758/6578 6578/5755/6577 5467/5753/5466
f 4578/5557/4578 5123/5559/5122 6581/5759/6580 5402/4910/5401
f 5123/5559/5122 5122/5565/5121 6582/5757/6581 6581/5759/6580
f 5402/4910/5401 6581/5759/6580 6580/4908/6579 5401/5761/5400
f 6583/4913/6582 6584/5762/6583 6587/5763/6586 6586/5764/6585
f 6584/5762/6583 6585/5765/6584 6588/5766/6587 6587/5763/6586
f 6586/5764/6585 6587/5763/6586 6590/5767/6589 6589/4917/6588
f 6587/5763/6586 6588/5766/6587 6591/5768/6590 6590/5767/6589
f 4624/4901/4624 5453/5769/5452 6583/4913/6582 5406/4899/5405
f 5453/5769/5452 5452/5770/5451 6584/5762/6583 6583/4913/6582
f 5452/5770/5451 5451/5771/5450 6585/5765/6584 6584/5762/6583
f 5451/5771/5450 4630/5772/4630 5430/5773/5429 6585/5765/6584
f 6585/5765/6584 5430/5773/5429 5431/4928/5430 6588/5766/6587
f 6588/5766/6587 5431/4928/5430 5432/4927/5431 6591/5768/6590
f 6591/5768/6590 5432/4927/5431 4629/5774/4629 5448/5775/5447
f 6590/5767/6589 6591/5768/6590 5448/5775/5447 5449/4924/5448
f 6589/4917/6588 6590/5767/6589 5449/4924/5448 5450/4923/5449
f 5408/5749/5407 6589/4917/6588 5450/4923/5449 4623/5750/4623
f 5407/5748/5406 6586/5764/6585 6589/4917/6588 5408/5749/5407
f 5406/4899/5405 6583/4913/6582 6586/5764/6585 5407/5748/5406
f 6592/5776/6591 6593/5777/6592 6596/5778/6595 6595/5779/6594
f 6593/5777/6592 6594/5780/6593 6597/5781/6596 6596/5778/6595
f 6595/5779/6594 6596/5778/6595 6599/5782/6598 6598/5783/6597
f 6596/5778/6595 6597/5781/6596 6600/5784/6599 6599/5782/6598
f 4623/5750/4623 5450/4923/5449 6592/5776/6591 5412/4942/5411
f 5450/4923/5449 5449/4924/5448 6593/5777/6592 6592/5776/6591
f 5449/4924/5448 5448/5775/5447 6594/5780/6593 6593/5777/6592
f 5448/5775/5447 4629/5774/4629 5436/4952/5435 6594/5780/6593
f 6594/5780/6593 5436/4952/5435 5437/5785/5436 6597/5781/6596
f 6597/5781/6596 5437/5785/5436 5438/5786/5437 6600/5784/6599
f 6600/5784/6599 5438/5786/5437 4632/5787/4632 5405/5788/5404
f 6599/5782/6598 6600/5784/6599 5405/5788/5404 5404/5789/5403
f 6598/5783/6597 6599/5782/6598 5404/5789/5403 5403/5790/5402
f 5414/5791/5413 6598/5783/6597 5403/5790/5402 4626/4945/4626
f 5413/4943/5412 6595/5779/6594 6598/5783/6597 5414/5791/5413
f 5412/4942/5411 6592/5776/6591 6595/5779/6594 5413/4943/5412
f 6601/4953/6600 6602/5792/6601 6605/5793/6604 6604/5794/6603
f 6602/5792/6601 6603/5795/6602 6606/5796/6605 6605/5793/6604
f 6604/5794/6603 6605/5793/6604 6608/5797/6607 6607/5798/6606
f 6605/5793/6604 6606/5796/6605 6609/5799/6608 6608/5797/6607
f 4620/4126/4620 5477/5800/5476 6601/4953/6600 5399/4124/5398
f 5477/5800/5476 5476/5801/5475 6602/5792/6601 6601/4953/6600
f 5476/5801/5475 5475/4970/5474 6603/5795/6602 6602/5792/6601
f 5475/4970/5474 4627/5802/4627 5423/5803/5422 6603/5795/6602
f 6603/5795/6602 5423/5803/5422 5422/5804/5421 6606/5796/6605
f 6606/5796/6605 5422/5804/5421 5421/5805/5420 6609/5799/6608
f 6609/5799/6608 5421/5805/5420 4622/5806/4622 5474/5807/5473
f 6608/5797/6607 6609/5799/6608 5474/5807/5473 5473/4964/5472
f 6607/5798/6606 6608/5797/6607 5473/4964/5472 5472/5808/5471
f 5397/5217/5396 6607/5798/6606 5472/5808/5471 4619/5218/4619
f 5398/4123/5397 6604/5794/6603 6607/5798/6606 5397/5217/5396
f 5399/4124/5398 6601/4953/6600 6604/5794/6603 5398/4123/5397
f 6611/4973/6610 6612/4976/6611 6610/5809/6609 6620/4974/6619
f 6613/5810/6612 6614/5811/6613 6610/5809/6609 6612/4976/6611
f 6615/5812/6614 6616/5813/6615 6610/5809/6609 6614/5811/6613
f 6617/4979/6616 6618/4978/6617 6610/5809/6609 6616/5813/6615
f 6619/4977/6618 6620/4974/6619 6610/5809/6609 6618/4978/6617
f 4612/4644/4612 5481/4984/5480 6611/4973/6610 5324/4646/5323
f 5481/4984/5480 5482/5814/5481 6612/4976/6611 6611/4973/6610
f 5324/4646/5323 6611/4973/6610 6620/4974/6619 5323/5592/5322
f 4634/5815/4634 5463/4993/5462 6613/5810/6612 5483/4992/5482
f 5463/4993/5462 5464/5816/5463 6614/5811/6613 6613/5810/6612
f 5483/4992/5482 6613/5810/6612 6612/4976/6611 5482/5814/5481
f 4626/4945/4626 5417/4989/5416 6615/5812/6614 5465/4988/5464
f 5417/4989/5416 5416/5817/5415 6616/5813/6615 6615/5812/6614
f 5465/4988/5464 6615/5812/6614 6614/5811/6613 5464/5816/5463
f 4627/5802/4627 5475/4970/5474 6617/4979/6616 5415/5818/5414
f 5475/4970/5474 5476/5801/5475 6618/4978/6617 6617/4979/6616
f 5415/5818/5414 6617/4979/6616 6616/5813/6615 5416/5817/5415
f 4620/4126/4620 5322/5593/5321 6619/4977/6618 5477/5800/5476
f 5322/5593/5321 5323/5592/5322 6620/4974/6619 6619/4977/6618
f 5477/5800/5476 6619/4977/6618 6618/4978/6617 5476/5801/5475
f 6621/5819/6620 6622/5820/6621 6625/4996/6624 6624/5821/6623
f 6622/5820/6621 6623/5822/6622 6626/5823/6625 6625/4996/6624
f 6624/5821/6623 6625/4996/6624 6628/4999/6627 6627/5824/6626
f 6625/4996/6624 6626/5823/6625 6629/5825/6628 6628/4999/6627
f 4599/5265/4599 5480/5826/5479 6621/5819/6620 5175/5266/5174
f 5480/5826/5479 5479/5827/5478 6622/5820/6621 6621/5819/6620
f 5479/5827/5478 5478/5828/5477 6623/5822/6622 6622/5820/6621
f 5478/5828/5477 4625/5829/4625 5409/5830/5408 6623/5822/6622
f 6623/5822/6622 5409/5830/5408 5410/5831/5409 6626/5823/6625
f 6626/5823/6625 5410/5831/5409 5411/5832/5410 6629/5825/6628
f 6629/5825/6628 5411/5832/5410 4624/4901/4624 5469/5747/5468
f 6628/4999/6627 6629/5825/6628 5469/5747/5468 5470/4902/5469
f 6627/5824/6626 6628/4999/6627 5470/4902/5469 5471/5745/5470
f 5177/5269/5176 6627/5824/6626 5471/5745/5470 4589/5270/4589
f 5176/5268/5175 6624/5821/6623 6627/5824/6626 5177/5269/5176
f 5175/5266/5174 6621/5819/6620 6624/5821/6623 5176/5268/5175
f 6630/5833/6629 6631/5834/6630 6634/5835/6633 6633/5011/6632
f 6631/5834/6630 6632/5836/6631 6635/5837/6634 6634/5835/6633
f 6633/5011/6632 6634/5835/6633 6637/5838/6636 6636/5839/6635
f 6634/5835/6633 6635/5837/6634 6638/5840/6637 6637/5838/6636
f 4619/5218/4619 5472/5808/5471 6630/5833/6629 5396/5330/5395
f 5472/5808/5471 5473/4964/5472 6631/5834/6630 6630/5833/6629
f 5473/4964/5472 5474/5807/5473 6632/5836/6631 6631/5834/6630
f 5474/5807/5473 4622/5806/4622 5420/5841/5419 6632/5836/6631
f 6632/5836/6631 5420/5841/5419 5419/5020/5418 6635/5837/6634
f 6635/5837/6634 5419/5020/5418 5418/5842/5417 6638/5840/6637
f 6638/5840/6637 5418/5842/5417 4625/5829/4625 5478/5828/5477
f 6637/5838/6636 6638/5840/6637 5478/5828/5477 5479/5827/5478
f 6636/5839/6635 6637/5838/6636 5479/5827/5478 5480/5826/5479
f 5394/5333/5393 6636/5839/6635 5480/5826/5479 4599/5265/4599
f 5395/5331/5394 6633/5011/6632 6636/5839/6635 5394/5333/5393
f 5396/5330/5395 6630/5833/6629 6633/5011/6632 5395/5331/5394
f 6639/5022/6638 6640/5843/6639 6643/5844/6642 6642/5023/6641
f 6640/5843/6639 6641/5845/6640 6644/5846/6643 6643/5844/6642
f 6642/5023/6641 6643/5844/6642 6646/5027/6645 6645/5847/6644
f 6643/5844/6642 6644/5846/6643 6647/5030/6646 6646/5027/6645
f 4628/5031/4628 5427/5848/5426 6639/5022/6638 5444/5849/5443
f 5427/5848/5426 5428/5041/5427 6640/5843/6639 6639/5022/6638
f 5428/5041/5427 5429/5850/5428 6641/5845/6640 6640/5843/6639
f 5429/5850/5428 4629/5774/4629 5432/4927/5431 6641/5845/6640
f 6641/5845/6640 5432/4927/5431 5431/4928/5430 6644/5846/6643
f 6644/5846/6643 5431/4928/5430 5430/5773/5429 6647/5030/6646
f 6647/5030/6646 5430/5773/5429 4630/5772/4630 5435/5851/5434
f 6646/5027/6645 6647/5030/6646 5435/5851/5434 5434/5852/5433
f 6645/5847/6644 6646/5027/6645 5434/5852/5433 5433/5853/5432
f 5442/5035/5441 6645/5847/6644 5433/5853/5432 4631/5036/4631
f 5443/5854/5442 6642/5023/6641 6645/5847/6644 5442/5035/5441
f 5444/5849/5443 6639/5022/6638 6642/5023/6641 5443/5854/5442
f 6648/5042/6647 6649/5045/6648 6652/5044/6651 6651/5855/6650
f 6649/5045/6648 6650/5856/6649 6653/5857/6652 6652/5044/6651
f 6651/5855/6650 6652/5044/6651 6655/5047/6654 6654/5858/6653
f 6652/5044/6651 6653/5857/6652 6656/5050/6655 6655/5047/6654
f 4633/5859/4633 5439/5860/5438 6648/5042/6647 5447/5861/5446
f 5439/5860/5438 5440/5862/5439 6649/5045/6648 6648/5042/6647
f 5440/5862/5439 5441/5863/5440 6650/5856/6649 6649/5045/6648
f 5441/5863/5440 4632/5787/4632 5438/5786/5437 6650/5856/6649
f 6650/5856/6649 5438/5786/5437 5437/5785/5436 6653/5857/6652
f 6653/5857/6652 5437/5785/5436 5436/4952/5435 6656/5050/6655
f 6656/5050/6655 5436/4952/5435 4629/5774/4629 5429/5850/5428
f 6655/5047/6654 6656/5050/6655 5429/5850/5428 5428/5041/5427
f 6654/5858/6653 6655/5047/6654 5428/5041/5427 5427/5848/5426
f 5445/5864/5444 6654/5858/6653 5427/5848/5426 4628/5031/4628
f 5446/5865/5445 6651/5855/6650 6654/5858/6653 5445/5864/5444
f 5447/5861/5446 6648/5042/6647 6651/5855/6650 5446/5865/5445
f 6657/5866/6656 6658/5867/6657 6661/5868/6660 6660/5059/6659
f 6658/5867/6657 6659/5869/6658 6662/5870/6661 6661/5868/6660
f 6660/5059/6659 6661/5868/6660 6664/5871/6663 6663/5872/6662
f 6661/5868/6660 6662/5870/6661 6665/5873/6664 6664/5871/6663
f 4627/5802/4627 5459/5874/5458 6657/5866/6656 5423/5803/5422
f 5459/5874/5458 5458/5875/5457 6658/5867/6657 6657/5866/6656
f 5458/5875/5457 5457/5876/5456 6659/5869/6658 6658/5867/6657
f 5457/5876/5456 4633/5859/4633 5447/5861/5446 6659/5869/6658
f 6659/5869/6658 5447/5861/5446 5446/5865/5445 6662/5870/6661
f 6662/5870/6661 5446/5865/5445 5445/5864/5444 6665/5873/6664
f 6665/5873/6664 5445/5864/5444 4628/5031/4628 5456/5877/5455
f 6664/5871/6663 6665/5873/6664 5456/5877/5455 5455/5069/5454
f 6663/5872/6662 6664/5871/6663 5455/5069/5454 5454/5878/5453
f 5421/5805/5420 6663/5872/6662 5454/5878/5453 4622/5806/4622
f 5422/5804/5421 6660/5059/6659 6663/5872/6662 5421/5805/5420
f 5423/5803/5422 6657/5866/6656 6660/5059/6659 5422/5804/5421
f 6666/5879/6665 6667/5880/6666 6670/5881/6669 6669/5882/6668
f 6667/5880/6666 6668/5883/6667 6671/5884/6670 6670/5881/6669
f 6669/5882/6668 6670/5881/6669 6673/5885/6672 6672/5886/6671
f 6670/5881/6669 6671/5884/6670 6674/5887/6673 6673/5885/6672
f 4626/4945/4626 5403/5790/5402 6666/5879/6665 5417/4989/5416
f 5403/5790/5402 5404/5789/5403 6667/5880/6666 6666/5879/6665
f 5404/5789/5403 5405/5788/5404 6668/5883/6667 6667/5880/6666
f 5405/5788/5404 4632/5787/4632 5441/5863/5440 6668/5883/6667
f 6668/5883/6667 5441/5863/5440 5440/5862/5439 6671/5884/6670
f 6671/5884/6670 5440/5862/5439 5439/5860/5438 6674/5887/6673
f 6674/5887/6673 5439/5860/5438 4633/5859/4633 5457/5876/5456
f 6673/5885/6672 6674/5887/6673 5457/5876/5456 5458/5875/5457
f 6672/5886/6671 6673/5885/6672 5458/5875/5457 5459/5874/5458
f 5415/5818/5414 6672/5886/6671 5459/5874/5458 4627/5802/4627
f 5416/5817/5415 6669/5882/6668 6672/5886/6671 5415/5818/5414
f 5417/4989/5416 6666/5879/6665 6669/5882/6668 5416/5817/5415
f 6675/5888/6674 6676/5889/6675 6679/5890/6678 6678/5891/6677
f 6676/5889/6675 6677/5089/6676 6680/5892/6679 6679/5890/6678
f 6678/5891/6677 6679/5890/6678 6682/5893/6681 6681/5894/6680
f 6679/5890/6678 6680/5892/6679 6683/5090/6682 6682/5893/6681
f 4625/5829/4625 5462/5895/5461 6675/5888/6674 5409/5830/5408
f 5462/5895/5461 5461/5896/5460 6676/5889/6675 6675/5888/6674
f 5461/5896/5460 5460/5092/5459 6677/5089/6676 6676/5889/6675
f 5460/5092/5459 4631/5036/4631 5433/5853/5432 6677/5089/6676
f 6677/5089/6676 5433/5853/5432 5434/5852/5433 6680/5892/6679
f 6680/5892/6679 5434/5852/5433 5435/5851/5434 6683/5090/6682
f 6683/5090/6682 5435/5851/5434 4630/5772/4630 5451/5771/5450
f 6682/5893/6681 6683/5090/6682 5451/5771/5450 5452/5770/5451
f 6681/5894/6680 6682/5893/6681 5452/5770/5451 5453/5769/5452
f 5411/5832/5410 6681/5894/6680 5453/5769/5452 4624/4901/4624
f 5410/5831/5409 6678/5891/6677 6681/5894/6680 5411/5832/5410
f 5409/5830/5408 6675/5888/6674 6678/5891/6677 5410/5831/5409
f 6684/5897/6683 6685/5898/6684 6688/5899/6687 6687/5900/6686
f 6685/5898/6684 6686/5901/6685 6689/5902/6688 6688/5899/6687
f 6687/5900/6686 6688/5899/6687 6691/5903/6690 6690/5904/6689
f 6688/5899/6687 6689/5902/6688 6692/5905/6691 6691/5903/6690
f 4622/5806/4622 5454/5878/5453 6684/5897/6683 5420/5841/5419
f 5454/5878/5453 5455/5069/5454 6685/5898/6684 6684/5897/6683
f 5455/5069/5454 5456/5877/5455 6686/5901/6685 6685/5898/6684
f 5456/5877/5455 4628/5031/4628 5444/5849/5443 6686/5901/6685
f 6686/5901/6685 5444/5849/5443 5443/5854/5442 6689/5902/6688
f 6689/5902/6688 5443/5854/5442 5442/5035/5441 6692/5905/6691
f 6692/5905/6691 5442/5035/5441 4631/5036/4631 5460/5092/5459
f 6691/5903/6690 6692/5905/6691 5460/5092/5459 5461/5896/5460
f 6690/5904/6689 6691/5903/6690 5461/5896/5460 5462/5895/5461
f 5418/5842/5417 6690/5904/6689 5462/5895/5461 4625/5829/4625
f 5419/5020/5418 6687/5900/6686 6690/5904/6689 5418/5842/5417
f 5420/5841/5419 6684/5897/6683 6687/5900/6686 5419/5020/5418
f 6693/5906/6692 6694/5907/6693 6697/5105/6696 6696/5104/6695
f 6694/5907/6693 6695/5908/6694 6698/5109/6697 6697/5105/6696
f 6696/5104/6695 6697/5105/6696 6700/5909/6699 6699/5910/6698
f 6697/5105/6696 6698/5109/6697 6701/5911/6700 6700/5909/6699
f 4612/4644/4612 5291/5613/5290 6693/5906/6692 5481/4984/5480
f 5291/5613/5290 5290/5616/5289 6694/5907/6693 6693/5906/6692
f 5290/5616/5289 5289/4683/5288 6695/5908/6694 6694/5907/6693
f 5289/4683/5288 4578/5557/4578 5402/4910/5401 6695/5908/6694
f 6695/5908/6694 5402/4910/5401 5401/5761/5400 6698/5109/6697
f 6698/5109/6697 5401/5761/5400 5400/5760/5399 6701/5911/6700
f 6701/5911/6700 5400/5760/5399 4621/4892/4621 5484/5912/5483
f 6700/5909/6699 6701/5911/6700 5484/5912/5483 5485/5113/5484
f 6699/5910/6698 6700/5909/6699 5485/5113/5484 5486/5913/5485
f 5483/4992/5482 6699/5910/6698 5486/5913/5485 4634/5815/4634
f 5482/5814/5481 6696/5104/6695 6699/5910/6698 5483/4992/5482
f 5481/4984/5480 6693/5906/6692 6696/5104/6695 5482/5814/5481
f 6702/5914/6701 6703/5915/6702 6706/5117/6705 6705/5916/6704
f 6703/5915/6702 6704/5917/6703 6707/5918/6706 6706/5117/6705
f 6705/5916/6704 6706/5117/6705 6709/5919/6708 6708/5119/6707
f 6706/5117/6705 6707/5918/6706 6710/5123/6709 6709/5919/6708
f 4634/5815/4634 5486/5913/5485 6702/5914/6701 5463/4993/5462
f 5486/5913/5485 5485/5113/5484 6703/5915/6702 6702/5914/6701
f 5485/5113/5484 5484/5912/5483 6704/5917/6703 6703/5915/6702
f 5484/5912/5483 4621/4892/4621 5426/4893/5425 6704/5917/6703
f 6704/5917/6703 5426/4893/5425 5425/5751/5424 6707/5918/6706
f 6707/5918/6706 5425/5751/5424 5424/4895/5423 6710/5123/6709
f 6710/5123/6709 5424/4895/5423 4623/5750/4623 5412/4942/5411
f 6709/5919/6708 6710/5123/6709 5412/4942/5411 5413/4943/5412
f 6708/5119/6707 6709/5919/6708 5413/4943/5412 5414/5791/5413
f 5465/4988/5464 6708/5119/6707 5414/5791/5413 4626/4945/4626
f 5464/5816/5463 6705/5916/6704 6708/5119/6707 5465/4988/5464
f 5463/4993/5462 6702/5914/6701 6705/5916/6704 5464/5816/5463
o hands
v -0.515501 1.912167 0.036451
v -0.563587 2.039647 -0.023154
v -0.503643 1.861591 -0.076579
v -0.551300 1.987238 -0.140280
v -0.374077 2.000176 0.002624
v -0.388391 2.109770 -0.047916
v -0.363828 1.956459 -0.095078
v -0.378142 2.066052 -0.145617
v -0.635076 1.835650 -0.052307
v -0.642351 1.866682 0.017045
v -0.706584 1.963682 -0.023176
v -0.697590 1.925320 -0.108910
v -0.737939 1.849746 -0.048621
v -0.741614 1.865421 -0.013589
v -0.783086 1.911497 -0.034836
v -0.778767 1.893073 -0.076011
v 0.392820 1.964874 0.080618
v 0.443026 2.073767 -0.007346
v 0.416001 1.880322 -0.007632
v 0.467048 1.986152 -0.098794
v 0.257915 2.011698 -0.011571
v 0.274949 2.100791 -0.092455
v 0.277953 1.938614 -0.087853
v 0.294986 2.027707 -0.168737
v 0.538134 1.886725 0.052195
v 0.523910 1.938603 0.106343
v 0.587291 2.027912 0.050133
v 0.604874 1.963779 -0.016805
v 0.634605 1.919085 0.073154
v 0.627420 1.945290 0.100506
v 0.668615 1.988967 0.074245
v 0.677060 1.958167 0.042098
v -0.499613 1.855316 -0.042157
v -0.500596 1.863148 -0.008504
v -0.506067 1.882846 0.019369
v -0.528078 1.948225 0.038986
v -0.541807 1.985561 0.028226
v -0.554405 2.018070 0.006677
v -0.567550 2.045635 -0.058217
v -0.566419 2.037173 -0.093277
v -0.560800 2.016845 -0.122558
v -0.538790 1.951466 -0.142175
v -0.525208 1.914760 -0.130007
v -0.512758 1.882881 -0.107050
v -0.384910 1.932509 -0.094873
v -0.419594 1.904533 -0.091448
v -0.461352 1.880368 -0.084767
v -0.499783 2.012854 -0.149127
v -0.448267 2.037943 -0.154461
v -0.404997 2.056762 -0.152616
v -0.365656 2.045313 -0.143978
v -0.356850 2.013426 -0.133307
v -0.357499 1.980100 -0.113942
v -0.363171 1.987589 -0.014601
v -0.355758 1.972691 -0.042325
v -0.357079 1.961606 -0.072672
v -0.371783 2.088153 -0.130838
v -0.370524 2.107831 -0.104343
v -0.377875 2.114137 -0.072768
v -0.377456 2.095643 -0.031498
v -0.369433 2.067096 -0.013362
v -0.369298 2.030430 -0.001462
v -0.473941 1.934064 0.035236
v -0.432225 1.958413 0.028965
v -0.396597 1.982359 0.016534
v -0.416691 2.106640 -0.041146
v -0.460952 2.092052 -0.033535
v -0.512553 2.067323 -0.027396
v -0.627873 1.829813 -0.029211
v -0.626831 1.833665 -0.008554
v -0.631731 1.846268 0.007564
v -0.657987 1.893280 0.018261
v -0.675993 1.921687 0.011474
v -0.693236 1.946842 -0.002583
v -0.713519 1.968373 -0.048832
v -0.713970 1.962001 -0.075120
v -0.708479 1.946879 -0.096869
v -0.682222 1.899867 -0.107566
v -0.664808 1.873979 -0.095148
v -0.648156 1.851344 -0.075460
v -0.541110 1.848587 -0.068698
v -0.574220 1.840613 -0.061780
v -0.604900 1.836642 -0.056193
v -0.667116 1.936502 -0.116510
v -0.633886 1.949700 -0.123981
v -0.595935 1.966187 -0.131759
v -0.607567 2.015799 -0.020882
v -0.644759 1.996074 -0.020339
v -0.677114 1.979145 -0.021210
v -0.613320 1.872556 0.024069
v -0.583857 1.881719 0.030088
v -0.551929 1.894735 0.034437
v -0.740484 1.850019 -0.040134
v -0.742473 1.853142 -0.029400
v -0.742621 1.859136 -0.019759
v -0.754751 1.875209 -0.016093
v -0.769316 1.888839 -0.021279
v -0.779230 1.902244 -0.028360
v -0.789259 1.909355 -0.044724
v -0.791498 1.904653 -0.057592
v -0.786706 1.898467 -0.069059
v -0.774576 1.882393 -0.072724
v -0.764655 1.868957 -0.065713
v -0.750512 1.857130 -0.056498
v -0.726417 1.915143 -0.100829
v -0.751285 1.906022 -0.092258
v -0.769347 1.898324 -0.083420
v -0.774714 1.921216 -0.032259
v -0.757915 1.934299 -0.029063
v -0.734276 1.948665 -0.025913
v -0.672177 1.863552 0.009549
v -0.700789 1.862711 0.001591
v -0.725334 1.863668 -0.006721
v -0.720901 1.844760 -0.048978
v -0.695436 1.839880 -0.049432
v -0.665901 1.836781 -0.050280
v 0.403600 1.884488 0.025069
v 0.394918 1.902468 0.053286
v 0.390982 1.930512 0.073107
v 0.400905 2.001543 0.073212
v 0.413497 2.035461 0.053483
v 0.428303 2.061309 0.025331
v 0.455558 2.069123 -0.040547
v 0.464529 2.050090 -0.069863
v 0.468754 2.020993 -0.090783
v 0.458831 1.949962 -0.090888
v 0.445950 1.917097 -0.070060
v 0.430856 1.892302 -0.040809
v 0.300340 1.920012 -0.074781
v 0.335302 1.901041 -0.054407
v 0.375843 1.887884 -0.030834
v 0.417579 1.998277 -0.126976
v 0.367229 2.011004 -0.151771
v 0.323473 2.021561 -0.166046
v 0.284475 2.006661 -0.162797
v 0.276131 1.978667 -0.143959
v 0.274695 1.953698 -0.114624
v 0.253162 1.992661 -0.025320
v 0.254754 1.968804 -0.047088
v 0.265072 1.949222 -0.070660
v 0.282938 2.051838 -0.164280
v 0.272908 2.078253 -0.147181
v 0.271029 2.095276 -0.118941
v 0.261406 2.090801 -0.074977
v 0.251531 2.068390 -0.050310
v 0.251626 2.037838 -0.026803
v 0.351231 1.977651 0.062860
v 0.310606 1.991115 0.039608
v 0.277491 2.003349 0.012202
v 0.300611 2.104945 -0.079013
v 0.342428 2.101460 -0.057357
v 0.392613 2.089336 -0.031933
v 0.525644 1.887212 0.073716
v 0.518823 1.897068 0.091007
v 0.518102 1.914721 0.102429
v 0.536151 1.966563 0.101672
v 0.552618 1.994133 0.089590
v 0.570577 2.016265 0.071832
v 0.600306 2.025510 0.026614
v 0.608281 2.011442 0.004926
v 0.610158 1.989576 -0.010892
v 0.592108 1.937734 -0.010135
v 0.574486 1.914376 0.006344
v 0.555373 1.896456 0.028498
v 0.451078 1.877210 0.012240
v 0.481765 1.877730 0.028542
v 0.510103 1.881146 0.041714
v 0.576603 1.966506 -0.034263
v 0.545467 1.970670 -0.052902
v 0.509578 1.976983 -0.073990
v 0.486837 2.059923 0.012579
v 0.524211 2.048198 0.028018
v 0.557058 2.037794 0.040144
v 0.493642 1.941186 0.104380
v 0.462923 1.946450 0.100269
v 0.429926 1.954358 0.092764
v 0.634777 1.922432 0.081361
v 0.633558 1.929044 0.090510
v 0.630598 1.937674 0.097269
v 0.639793 1.955954 0.097706
v 0.653893 1.969620 0.091443
v 0.664051 1.981669 0.082512
v 0.677354 1.984967 0.067311
v 0.683342 1.976957 0.057683
v 0.682345 1.966764 0.048312
v 0.673150 1.948483 0.047874
v 0.663007 1.936381 0.056750
v 0.648080 1.925730 0.066160
v 0.631344 1.961854 0.000385
v 0.653787 1.960371 0.016792
v 0.669496 1.959107 0.031464
v 0.659003 1.997378 0.071409
v 0.640827 2.007644 0.066132
v 0.615980 2.017894 0.058877
v 0.554813 1.938577 0.107100
v 0.584462 1.940329 0.106378
v 0.610136 1.942938 0.103824
v 0.618803 1.911327 0.070831
v 0.594927 1.902162 0.066541
v 0.567084 1.893822 0.060387
v -0.581907 1.932688 -0.132791
v -0.566418 1.898409 -0.120292
v -0.551981 1.868619 -0.097760
v -0.618883 1.918649 -0.124049
v -0.602130 1.886955 -0.111209
v -0.586339 1.859362 -0.089205
v -0.651670 1.908118 -0.115717
v -0.634282 1.879207 -0.102811
v -0.617756 1.853980 -0.081674
v -0.468195 1.902850 -0.116310
v -0.478028 1.936550 -0.139652
v -0.489211 1.975239 -0.151625
v -0.423618 1.927523 -0.122873
v -0.430262 1.961749 -0.145916
v -0.439384 2.000388 -0.157344
v -0.385327 1.954862 -0.123491
v -0.388317 1.987901 -0.144945
v -0.396587 2.023324 -0.155332
v -0.342294 1.998808 -0.090422
v -0.339290 2.036726 -0.109232
v -0.349168 2.069347 -0.122706
v -0.339469 2.014140 -0.059163
v -0.335926 2.055259 -0.077190
v -0.346036 2.088854 -0.093283
v -0.348845 2.026753 -0.027968
v -0.346216 2.066267 -0.043214
v -0.355720 2.097292 -0.060252
v -0.400231 2.018434 0.018583
v -0.404323 2.056170 0.007626
v -0.411496 2.086915 -0.013215
v -0.439838 1.996708 0.031747
v -0.447700 2.036130 0.020314
v -0.455641 2.069731 -0.002372
v -0.484381 1.971888 0.037981
v -0.495466 2.010931 0.026579
v -0.505521 2.044809 0.003854
v -0.458734 1.873903 -0.048592
v -0.417953 1.898191 -0.055342
v -0.382903 1.927806 -0.062284
v -0.460298 1.882361 -0.012873
v -0.419527 1.906904 -0.019578
v -0.383436 1.936784 -0.029162
v -0.465606 1.903211 0.016907
v -0.424852 1.927618 0.010423
v -0.389346 1.955287 -0.000866
v -0.407472 2.086471 -0.135883
v -0.454370 2.069479 -0.136019
v -0.507986 2.043916 -0.130551
v -0.409204 2.107288 -0.108158
v -0.458435 2.090976 -0.106023
v -0.513197 2.065120 -0.100199
v -0.413920 2.113972 -0.074422
v -0.461305 2.099063 -0.069902
v -0.514982 2.073756 -0.063864
v -0.741207 1.952775 -0.048390
v -0.741912 1.947181 -0.071420
v -0.736797 1.933965 -0.090429
v -0.764674 1.937555 -0.048016
v -0.765751 1.932682 -0.067433
v -0.760952 1.921681 -0.083492
v -0.781222 1.923073 -0.047215
v -0.782887 1.918622 -0.062939
v -0.778183 1.910113 -0.076180
v -0.566084 1.928774 0.036679
v -0.581853 1.964244 0.026841
v -0.596568 1.995226 0.006971
v -0.599054 1.913594 0.031996
v -0.616231 1.947098 0.023203
v -0.632446 1.976502 0.005246
v -0.629013 1.901992 0.025626
v -0.646943 1.933215 0.017888
v -0.664011 1.960756 0.001922
v -0.612727 2.021462 -0.054054
v -0.612107 2.013368 -0.087418
v -0.606309 1.994087 -0.115234
v -0.650816 2.001463 -0.051326
v -0.650626 1.993835 -0.082719
v -0.644783 1.975732 -0.108833
v -0.683764 1.984236 -0.049697
v -0.683929 1.977178 -0.078759
v -0.678186 1.960443 -0.102872
v -0.535822 1.842383 -0.036735
v -0.536163 1.849286 -0.006032
v -0.541682 1.867376 0.019122
v -0.567969 1.834401 -0.032633
v -0.567735 1.840218 -0.005287
v -0.573153 1.856510 0.016779
v -0.598003 1.830500 -0.030056
v -0.597296 1.835245 -0.006163
v -0.602497 1.849667 0.012780
v -0.762794 1.869642 -0.025930
v -0.778629 1.882448 -0.032284
v -0.787994 1.895941 -0.039112
v -0.764338 1.864027 -0.036565
v -0.780907 1.876722 -0.043983
v -0.790492 1.890508 -0.051157
v -0.760544 1.860048 -0.047372
v -0.776200 1.872087 -0.055438
v -0.785531 1.885439 -0.062583
v -0.658805 1.831603 -0.030163
v -0.657638 1.834864 -0.012322
v -0.662127 1.845772 0.001503
v -0.689131 1.835671 -0.032404
v -0.688270 1.838570 -0.017194
v -0.691975 1.847800 -0.005296
v -0.716691 1.841896 -0.035502
v -0.716844 1.844645 -0.022910
v -0.719088 1.852120 -0.012652
v -0.711701 1.892919 -0.099371
v -0.694918 1.870308 -0.088166
v -0.678714 1.850527 -0.070661
v -0.738099 1.887299 -0.090932
v -0.722911 1.868143 -0.081386
v -0.707616 1.851418 -0.066611
v -0.759091 1.883414 -0.082081
v -0.746587 1.867651 -0.074174
v -0.732345 1.853928 -0.062379
v -0.687222 1.886818 0.010445
v -0.704631 1.911737 0.004424
v -0.721298 1.933851 -0.007892
v -0.714829 1.882183 0.002144
v -0.731109 1.903109 -0.003241
v -0.746189 1.921808 -0.013808
v -0.738181 1.878820 -0.006750
v -0.753143 1.895616 -0.011675
v -0.765568 1.911041 -0.020338
v 0.499466 1.942918 -0.066414
v 0.533938 1.939021 -0.045506
v 0.564177 1.937537 -0.027100
v 0.484442 1.912088 -0.046540
v 0.517375 1.910489 -0.026490
v 0.546729 1.911514 -0.009125
v 0.467362 1.888762 -0.018832
v 0.498932 1.888813 -0.000320
v 0.527593 1.891647 0.015275
v 0.388691 1.900244 -0.065896
v 0.345366 1.913416 -0.090153
v 0.306257 1.932036 -0.108533
v 0.401207 1.926161 -0.096701
v 0.354693 1.939358 -0.121564
v 0.311766 1.956723 -0.138881
v 0.411551 1.960518 -0.118560
v 0.362920 1.973477 -0.143358
v 0.319195 1.988014 -0.158801
v 0.252153 1.975834 -0.102949
v 0.239760 1.999402 -0.080342
v 0.239345 2.022552 -0.054188
v 0.250760 2.004850 -0.133881
v 0.237347 2.031556 -0.111783
v 0.237220 2.054235 -0.082336
v 0.260807 2.032844 -0.155297
v 0.248220 2.059684 -0.135875
v 0.247998 2.079562 -0.106535
v 0.277119 2.038312 0.002393
v 0.313655 2.029078 0.030569
v 0.357048 2.015659 0.054569
v 0.280475 2.070853 -0.019759
v 0.320601 2.063706 0.008224
v 0.367115 2.050508 0.033087
v 0.290047 2.094324 -0.047840
v 0.331136 2.089402 -0.022361
v 0.379664 2.076822 0.002832
v 0.364352 1.892667 0.003842
v 0.355623 1.911977 0.033854
v 0.350919 1.941663 0.054981
v 0.324756 1.906088 -0.019624
v 0.316001 1.925652 0.010344
v 0.311268 1.955283 0.031723
v 0.290222 1.925429 -0.043853
v 0.281143 1.944234 -0.016616
v 0.277626 1.971371 0.004099
v 0.318688 2.054955 -0.160507
v 0.311098 2.083342 -0.142025
v 0.306082 2.100930 -0.112520
v 0.365306 2.047273 -0.144512
v 0.359293 2.077412 -0.123684
v 0.351746 2.096731 -0.092890
v 0.417680 2.034514 -0.118972
v 0.412699 2.064692 -0.097468
v 0.404003 2.084398 -0.066906
v 0.628203 2.015939 0.038458
v 0.652031 2.005961 0.049188
v 0.669037 1.995590 0.058539
v 0.635489 2.003659 0.019530
v 0.658652 1.995545 0.033389
v 0.675205 1.986823 0.046093
v 0.636825 1.984493 0.005636
v 0.659307 1.979423 0.021489
v 0.674977 1.973924 0.035925
v 0.439789 1.989328 0.086133
v 0.474074 1.979476 0.094309
v 0.505586 1.971912 0.099052
v 0.454267 2.022149 0.068336
v 0.489808 2.011034 0.078454
v 0.521974 2.001802 0.085113
v 0.470801 2.047466 0.042707
v 0.507421 2.035738 0.055443
v 0.540050 2.025536 0.064748
v 0.500049 2.055773 -0.018523
v 0.537730 2.044631 -0.000799
v 0.570512 2.034832 0.013841
v 0.509027 2.037704 -0.046307
v 0.546556 2.027686 -0.026851
v 0.579010 2.019209 -0.010204
v 0.512596 2.010008 -0.066290
v 0.549524 2.001614 -0.045698
v 0.581418 1.995056 -0.027676
v 0.438115 1.880455 0.042397
v 0.468623 1.879920 0.055923
v 0.497130 1.882350 0.066183
v 0.429682 1.896534 0.068103
v 0.460626 1.893838 0.078815
v 0.489693 1.894107 0.086192
v 0.426659 1.922238 0.086009
v 0.458489 1.916882 0.094502
v 0.488345 1.914393 0.099628
v 0.650629 1.949099 0.092412
v 0.655443 1.940811 0.084985
v 0.655027 1.933060 0.075670
v 0.666334 1.961854 0.085645
v 0.672143 1.953259 0.077446
v 0.671083 1.944534 0.067567
v 0.675889 1.973969 0.076794
v 0.681974 1.965577 0.068226
v 0.680703 1.956411 0.058468
v 0.555424 1.894014 0.078985
v 0.584755 1.902434 0.082158
v 0.611459 1.912117 0.083199
v 0.549283 1.902417 0.093883
v 0.579636 1.909733 0.094848
v 0.608020 1.918637 0.093773
v 0.548930 1.917701 0.103709
v 0.579196 1.922712 0.103323
v 0.606772 1.929209 0.101039
v 0.618877 1.938973 0.006185
v 0.642501 1.940987 0.021594
v 0.660667 1.943802 0.035600
v 0.601880 1.918407 0.020561
v 0.627157 1.923411 0.033612
v 0.648022 1.929354 0.045534
v 0.583512 1.902551 0.039835
v 0.610103 1.909716 0.049536
v 0.632491 1.917719 0.057931
v 0.566878 1.963222 0.103160
v 0.596002 1.961148 0.103218
v 0.621082 1.959332 0.101364
v 0.582891 1.987668 0.092852
v 0.611131 1.981866 0.094624
v 0.635204 1.976106 0.094331
v 0.600115 2.007402 0.077608
v 0.626683 1.998679 0.081810
v 0.648004 1.989988 0.083807
vn 0.1214 -0.2586 0.9583
vn -0.4119 0.8076 0.4221
vn 0.2652 -0.8717 -0.4120
vn -0.2687 0.1968 -0.9429
vn 0.6719 -0.1046 0.7332
vn 0.1741 0.9086 0.3797
vn 0.7786 -0.5597 -0.2838
vn 0.3071 0.3412 -0.8884
vn -0.0372 -0.9204 -0.3893
vn -0.1753 -0.3313 0.9271
vn -0.4378 0.7355 0.5171
vn -0.2833 0.0764 -0.9560
vn -0.3249 -0.9187 -0.2247
vn -0.4291 -0.4741 0.7688
vn -0.7584 0.3284 0.5630
vn -0.6217 -0.2550 -0.7406
vn -0.3464 0.0360 0.9374
vn 0.2094 0.9580 0.1959
vn -0.0654 -0.9890 -0.1325
vn 0.4893 -0.0630 -0.8698
vn -0.8294 0.0130 0.5585
vn -0.3512 0.9363 -0.0057
vn -0.6209 -0.7477 -0.2355
vn -0.0911 -0.0123 -0.9958
vn 0.2234 -0.9743 -0.0289
vn -0.0465 0.0104 0.9989
vn 0.2158 0.9249 0.3132
vn 0.5179 -0.1770 -0.8369
vn 0.4559 -0.8709 0.1835
vn 0.2521 -0.1278 0.9592
vn 0.5488 0.6152 0.5659
vn 0.8162 -0.3600 -0.4519
vn 0.3738 -0.9275 0.0054
vn 0.3877 -0.8256 0.4101
vn 0.2960 -0.5959 0.7465
vn -0.0558 0.0810 0.9952
vn -0.1857 0.3504 0.9180
vn -0.2989 0.5936 0.7472
vn -0.4743 0.8803 -0.0099
vn -0.4661 0.7883 -0.4016
vn -0.3991 0.5598 -0.7262
vn -0.1181 -0.1778 -0.9770
vn 0.0038 -0.4581 -0.8889
vn 0.1239 -0.6854 -0.7176
vn 0.6381 -0.6914 -0.3389
vn 0.4851 -0.7868 -0.3817
vn 0.3586 -0.8421 -0.4027
vn -0.2418 0.2264 -0.9435
vn -0.1508 0.2642 -0.9526
vn 0.0322 0.3053 -0.9517
vn 0.5521 0.0644 -0.8313
vn 0.7112 -0.2083 -0.6714
vn 0.7782 -0.4186 -0.4682
vn 0.8108 -0.2599 0.5245
vn 0.8780 -0.3958 0.2692
vn 0.8668 -0.4986 -0.0091
vn 0.3692 0.6142 -0.6975
vn 0.3723 0.8611 -0.3462
vn 0.2893 0.9551 0.0644
vn 0.4031 0.7001 0.5894
vn 0.5659 0.4117 0.7143
vn 0.6505 0.1261 0.7490
vn 0.2171 -0.2384 0.9466
vn 0.3492 -0.2070 0.9139
vn 0.5142 -0.1629 0.8420
vn -0.1095 0.9100 0.3998
vn -0.2926 0.8690 0.3990
vn -0.3833 0.8300 0.4053
vn -0.0159 -0.9997 -0.0211
vn -0.0327 -0.9136 0.4054
vn -0.0967 -0.6548 0.7495
vn -0.2367 -0.0523 0.9702
vn -0.2861 0.1834 0.9405
vn -0.3506 0.4454 0.8238
vn -0.4820 0.8752 0.0412
vn -0.4628 0.7900 -0.4021
vn -0.3983 0.5180 -0.7570
vn -0.1670 -0.3377 -0.9263
vn -0.1038 -0.5943 -0.7975
vn -0.0684 -0.7702 -0.6342
vn 0.1817 -0.8919 -0.4140
vn 0.0954 -0.9074 -0.4094
vn 0.0181 -0.9163 -0.4000
vn -0.2728 0.1086 -0.9559
vn -0.2684 0.1408 -0.9530
vn -0.2689 0.1704 -0.9480
vn -0.4150 0.7936 0.4449
vn -0.4177 0.7775 0.4700
vn -0.4250 0.7578 0.4950
vn -0.1225 -0.3164 0.9407
vn -0.0476 -0.2975 0.9535
vn 0.0376 -0.2771 0.9601
vn -0.3937 -0.9184 0.0380
vn -0.4405 -0.8358 0.3278
vn -0.4512 -0.6734 0.5856
vn -0.5002 -0.3451 0.7942
vn -0.5867 -0.1600 0.7938
vn -0.6851 0.0694 0.7251
vn -0.9176 0.3034 0.2568
vn -0.9710 0.1632 -0.1749
vn -0.8329 -0.0578 -0.5504
vn -0.5417 -0.5424 -0.6422
vn -0.4509 -0.7391 -0.5004
vn -0.3803 -0.8566 -0.3489
vn -0.3104 0.0392 -0.9498
vn -0.3732 -0.0188 -0.9276
vn -0.4837 -0.1171 -0.8674
vn -0.6342 0.5250 0.5676
vn -0.5285 0.6438 0.5533
vn -0.4662 0.7039 0.5358
vn -0.2175 -0.3499 0.9112
vn -0.2730 -0.3843 0.8819
vn -0.3476 -0.4346 0.8308
vn -0.2310 -0.9317 -0.2801
vn -0.1451 -0.9300 -0.3377
vn -0.0828 -0.9243 -0.3726
vn -0.2749 -0.9300 0.2440
vn -0.4047 -0.7111 0.5750
vn -0.4269 -0.3756 0.8226
vn -0.2172 0.3957 0.8923
vn -0.0969 0.6460 0.7572
vn 0.0346 0.8398 0.5419
vn 0.3769 0.9022 -0.2098
vn 0.4812 0.6927 -0.5372
vn 0.5238 0.3664 -0.7690
vn 0.3882 -0.4499 -0.8043
vn 0.2737 -0.7056 -0.6536
vn 0.1340 -0.8855 -0.4449
vn -0.4593 -0.8632 -0.2096
vn -0.2923 -0.9388 -0.1823
vn -0.1602 -0.9749 -0.1547
vn 0.4610 -0.0403 -0.8865
vn 0.3726 -0.0238 -0.9277
vn 0.1928 -0.0173 -0.9811
vn -0.3160 -0.2960 -0.9014
vn -0.4859 -0.5286 -0.6960
vn -0.5846 -0.6734 -0.4525
vn -0.8932 -0.2214 0.3914
vn -0.8777 -0.4397 0.1907
vn -0.7838 -0.6205 -0.0252
vn -0.2263 0.2913 -0.9295
vn -0.3450 0.6308 -0.6950
vn -0.3826 0.8612 -0.3346
vn -0.6073 0.7668 0.2078
vn -0.7701 0.5079 0.3859
vn -0.8342 0.2371 0.4978
vn -0.4370 0.0345 0.8988
vn -0.5580 0.0303 0.8293
vn -0.7015 0.0202 0.7124
vn -0.0844 0.9937 0.0741
vn 0.0954 0.9872 0.1276
vn 0.1844 0.9686 0.1666
vn 0.1128 -0.9373 0.3299
vn 0.0081 -0.7210 0.6929
vn -0.0452 -0.3608 0.9315
vn -0.0248 0.2952 0.9551
vn 0.0089 0.5147 0.8573
vn 0.0776 0.7343 0.6743
vn 0.3713 0.9147 -0.1597
vn 0.4780 0.6936 -0.5390
vn 0.5350 0.3176 -0.7829
vn 0.4365 -0.5749 -0.6921
vn 0.3654 -0.7854 -0.4996
vn 0.3043 -0.9049 -0.2975
vn 0.0172 -0.9939 -0.1091
vn 0.1002 -0.9917 -0.0807
vn 0.1728 -0.9836 -0.0522
vn 0.5049 -0.1488 -0.8503
vn 0.4969 -0.1185 -0.8597
vn 0.4933 -0.0893 -0.8653
vn 0.2076 0.9526 0.2222
vn 0.2051 0.9459 0.2514
vn 0.2073 0.9366 0.2826
vn -0.1022 0.0193 0.9946
vn -0.1793 0.0278 0.9834
vn -0.2646 0.0340 0.9637
vn 0.4524 -0.7767 0.4382
vn 0.4130 -0.6010 0.6843
vn 0.3401 -0.3671 0.8658
vn 0.3017 0.0131 0.9533
vn 0.3678 0.2010 0.9079
vn 0.4594 0.4111 0.7874
vn 0.7850 0.5244 0.3299
vn 0.9634 0.2682 -0.0039
vn 0.9505 -0.0794 -0.3004
vn 0.7398 -0.6117 -0.2801
vn 0.6333 -0.7671 -0.1026
vn 0.5362 -0.8419 0.0609
vn 0.5457 -0.2051 -0.8125
vn 0.6054 -0.2413 -0.7584
vn 0.7046 -0.2949 -0.6454
vn 0.4103 0.7785 0.4750
vn 0.3017 0.8665 0.3978
vn 0.2410 0.9062 0.3474
vn -0.0002 -0.0044 1.0000
vn 0.0641 -0.0360 0.9973
vn 0.1538 -0.0858 0.9844
vn 0.3816 -0.9169 0.1170
vn 0.3142 -0.9483 0.0451
vn 0.2631 -0.9648 -0.0024
vn -0.1328 -0.2160 -0.9673
vn -0.0333 -0.4933 -0.8692
vn 0.0609 -0.7100 -0.7016
vn -0.1453 -0.2590 -0.9549
vn -0.0658 -0.5319 -0.8442
vn 0.0029 -0.7347 -0.6784
vn -0.1571 -0.3018 -0.9403
vn -0.0905 -0.5677 -0.8183
vn -0.0425 -0.7557 -0.6536
vn 0.2049 -0.6595 -0.7233
vn 0.0625 -0.4267 -0.9022
vn -0.0793 -0.1425 -0.9866
vn 0.3330 -0.6211 -0.7095
vn 0.1789 -0.3915 -0.9026
vn 0.0212 -0.1038 -0.9944
vn 0.5203 -0.5470 -0.6558
vn 0.3967 -0.3317 -0.8559
vn 0.2255 -0.0561 -0.9726
vn 0.9498 -0.2772 -0.1449
vn 0.9434 -0.0337 -0.3299
vn 0.7964 0.2972 -0.5267
vn 0.9741 -0.1500 0.1693
vn 0.9897 0.1363 0.0428
vn 0.8393 0.5237 -0.1463
vn 0.8860 -0.0049 0.4637
vn 0.8665 0.2943 0.4031
vn 0.7137 0.6498 0.2614
vn 0.3549 0.1587 0.9213
vn 0.2156 0.4411 0.8712
vn 0.0486 0.6985 0.7139
vn 0.1559 0.1343 0.9786
vn -0.0111 0.4187 0.9081
vn -0.1595 0.6668 0.7280
vn 0.0247 0.1088 0.9938
vn -0.1280 0.3858 0.9137
vn -0.2598 0.6274 0.7340
vn 0.4622 -0.8866 0.0152
vn 0.5778 -0.8159 0.0223
vn 0.7195 -0.6939 0.0287
vn 0.4715 -0.7855 0.4009
vn 0.5831 -0.7170 0.3820
vn 0.7280 -0.5941 0.3422
vn 0.3877 -0.5689 0.7253
vn 0.5079 -0.5178 0.6884
vn 0.6576 -0.4299 0.6187
vn -0.0862 0.6642 -0.7425
vn -0.2911 0.6123 -0.7351
vn -0.3776 0.5769 -0.7243
vn -0.1315 0.8996 -0.4163
vn -0.3616 0.8363 -0.4121
vn -0.4460 0.7986 -0.4041
vn -0.1618 0.9866 -0.0221
vn -0.3657 0.9304 -0.0241
vn -0.4515 0.8921 -0.0199
vn -0.5180 0.8534 0.0579
vn -0.5002 0.7696 -0.3969
vn -0.4324 0.4884 -0.7580
vn -0.5993 0.7962 0.0830
vn -0.5900 0.7121 -0.3805
vn -0.5123 0.4252 -0.7462
vn -0.7478 0.6522 0.1246
vn -0.7688 0.5498 -0.3267
vn -0.6620 0.2865 -0.6925
vn -0.1167 0.0478 0.9920
vn -0.2215 0.3095 0.9247
vn -0.3147 0.5598 0.7665
vn -0.1716 0.0096 0.9851
vn -0.2520 0.2626 0.9314
vn -0.3282 0.5209 0.7880
vn -0.2135 -0.0263 0.9766
vn -0.2746 0.2175 0.9366
vn -0.3406 0.4806 0.8081
vn -0.4706 0.8823 0.0019
vn -0.4596 0.7917 -0.4025
vn -0.3934 0.5528 -0.7347
vn -0.4662 0.8846 0.0143
vn -0.4518 0.7957 -0.4034
vn -0.3867 0.5454 -0.7436
vn -0.4688 0.8829 0.0274
vn -0.4512 0.7960 -0.4035
vn -0.3871 0.5345 -0.7513
vn 0.2867 -0.9580 -0.0050
vn 0.3024 -0.8578 0.4156
vn 0.2063 -0.6154 0.7608
vn 0.1835 -0.9829 -0.0137
vn 0.1948 -0.8875 0.4176
vn 0.1016 -0.6336 0.7669
vn 0.0760 -0.9969 -0.0194
vn 0.0754 -0.9072 0.4138
vn -0.0061 -0.6471 0.7624
vn -0.5862 -0.5674 0.5783
vn -0.7308 -0.3942 0.5573
vn -0.8840 -0.1240 0.4507
vn -0.5914 -0.7574 0.2768
vn -0.7681 -0.6106 0.1926
vn -0.9494 -0.3117 0.0399
vn -0.5193 -0.8525 -0.0590
vn -0.6515 -0.7323 -0.1982
vn -0.7995 -0.4845 -0.3550
vn -0.0918 -0.9957 -0.0146
vn -0.1226 -0.9106 0.3946
vn -0.1699 -0.6628 0.7292
vn -0.1720 -0.9851 0.0053
vn -0.2100 -0.9005 0.3809
vn -0.2444 -0.6767 0.6946
vn -0.2690 -0.9624 0.0363
vn -0.3122 -0.8789 0.3605
vn -0.3325 -0.6920 0.6408
vn -0.1875 -0.3699 -0.9100
vn -0.1221 -0.6158 -0.7784
vn -0.0926 -0.7827 -0.6155
vn -0.2399 -0.4120 -0.8790
vn -0.1712 -0.6442 -0.7454
vn -0.1431 -0.8011 -0.5812
vn -0.3432 -0.4790 -0.8079
vn -0.2740 -0.6886 -0.6714
vn -0.2328 -0.8240 -0.5165
vn -0.2582 -0.0764 0.9631
vn -0.3025 0.1534 0.9407
vn -0.3704 0.4102 0.8334
vn -0.3033 -0.1179 0.9456
vn -0.3471 0.1062 0.9318
vn -0.4197 0.3551 0.8353
vn -0.3820 -0.1880 0.9049
vn -0.4387 0.0139 0.8985
vn -0.5140 0.2497 0.8206
vn 0.4034 -0.4800 -0.7790
vn 0.4160 -0.5141 -0.7501
vn 0.4275 -0.5475 -0.7194
vn 0.3074 -0.7258 -0.6154
vn 0.3355 -0.7484 -0.5721
vn 0.3556 -0.7694 -0.5307
vn 0.1925 -0.8924 -0.4081
vn 0.2443 -0.8981 -0.3656
vn 0.2832 -0.9020 -0.3259
vn 0.0554 -0.8773 -0.4767
vn -0.0747 -0.8596 -0.5054
vn -0.2757 -0.8065 -0.5230
vn 0.2180 -0.6907 -0.6895
vn 0.1032 -0.6784 -0.7274
vn -0.1238 -0.6462 -0.7530
vn 0.3503 -0.4268 -0.8338
vn 0.2523 -0.4107 -0.8761
vn 0.0461 -0.3952 -0.9174
vn -0.8479 -0.4707 -0.2439
vn -0.9661 -0.2582 -0.0064
vn -0.9728 -0.0154 0.2313
vn -0.8152 -0.2998 -0.4955
vn -0.9740 -0.0330 -0.2242
vn -0.9656 0.2485 0.0768
vn -0.6525 -0.0264 -0.7574
vn -0.8151 0.2962 -0.4979
vn -0.8141 0.5631 -0.1420
vn -0.5991 0.3732 0.7084
vn -0.4210 0.4031 0.8126
vn -0.2967 0.4071 0.8638
vn -0.4781 0.6457 0.5954
vn -0.2682 0.6760 0.6863
vn -0.1544 0.6676 0.7283
vn -0.2998 0.8664 0.3994
vn -0.1009 0.8776 0.4686
vn -0.0026 0.8604 0.5097
vn -0.3661 -0.9043 0.2194
vn -0.4865 -0.6912 0.5344
vn -0.5118 -0.3731 0.7739
vn -0.4855 -0.8563 0.1762
vn -0.5949 -0.6527 0.4691
vn -0.6221 -0.3580 0.6963
vn -0.6344 -0.7653 0.1089
vn -0.7347 -0.5758 0.3587
vn -0.7554 -0.3239 0.5696
vn 0.2182 0.4039 -0.8884
vn 0.1536 0.7334 -0.6623
vn 0.0704 0.9428 -0.3259
vn 0.4177 0.3936 -0.8189
vn 0.3793 0.7159 -0.5862
vn 0.2718 0.9255 -0.2638
vn 0.5011 0.3791 -0.7779
vn 0.4616 0.6980 -0.5475
vn 0.3566 0.9060 -0.2280
vn 0.4034 0.9059 -0.1291
vn 0.4800 0.8746 -0.0686
vn 0.6248 0.7790 0.0516
vn 0.5143 0.6827 -0.5190
vn 0.6015 0.6499 -0.4646
vn 0.7738 0.5464 -0.3203
vn 0.5707 0.2956 -0.7661
vn 0.6501 0.2543 -0.7160
vn 0.7924 0.1678 -0.5864
vn -0.1549 0.3744 0.9142
vn -0.0968 0.3462 0.9331
vn -0.0511 0.3174 0.9469
vn -0.0605 0.6162 0.7853
vn -0.0287 0.5798 0.8142
vn -0.0043 0.5433 0.8395
vn 0.0478 0.8170 0.5747
vn 0.0586 0.7897 0.6107
vn 0.0689 0.7605 0.6457
vn 0.3701 0.9071 -0.2005
vn 0.3624 0.9122 -0.1910
vn 0.3615 0.9152 -0.1779
vn 0.4749 0.6944 -0.5406
vn 0.4673 0.6965 -0.5446
vn 0.4667 0.6967 -0.5449
vn 0.5212 0.3561 -0.7756
vn 0.5178 0.3453 -0.7827
vn 0.5213 0.3327 -0.7859
vn -0.1857 -0.9465 0.2640
vn -0.0821 -0.9543 0.2873
vn 0.0239 -0.9503 0.3104
vn -0.3214 -0.7245 0.6097
vn -0.2159 -0.7328 0.6453
vn -0.0984 -0.7314 0.6749
vn -0.3428 -0.3736 0.8619
vn -0.2422 -0.3704 0.8967
vn -0.1364 -0.3655 0.9208
vn 0.4619 -0.2466 0.8520
vn 0.5641 -0.5171 0.6437
vn 0.5926 -0.7234 0.3544
vn 0.5903 -0.0662 0.8045
vn 0.7426 -0.3754 0.5547
vn 0.7453 -0.6313 0.2146
vn 0.7408 0.1798 0.6473
vn 0.9295 -0.1120 0.3515
vn 0.9060 -0.4229 0.0182
vn 0.1836 -0.9182 0.3510
vn 0.2544 -0.8880 0.3830
vn 0.3372 -0.8402 0.4247
vn 0.0970 -0.7058 0.7017
vn 0.1836 -0.6853 0.7048
vn 0.2852 -0.6536 0.7011
vn 0.0311 -0.3618 0.9317
vn 0.1130 -0.3724 0.9211
vn 0.2132 -0.3880 0.8966
vn 0.4548 -0.5962 -0.6616
vn 0.5008 -0.6167 -0.6073
vn 0.5873 -0.6390 -0.4967
vn 0.3799 -0.7963 -0.4707
vn 0.4209 -0.8040 -0.4201
vn 0.5041 -0.8043 -0.3147
vn 0.3238 -0.9066 -0.2708
vn 0.3649 -0.9042 -0.2221
vn 0.4360 -0.8897 -0.1356
vn -0.0000 0.2742 0.9617
vn 0.0518 0.2379 0.9699
vn 0.1445 0.1736 0.9742
vn 0.0273 0.4897 0.8715
vn 0.0769 0.4506 0.8894
vn 0.1821 0.3701 0.9110
vn 0.0973 0.7079 0.6996
vn 0.1492 0.6657 0.7312
vn 0.2533 0.5792 0.7748
vt 0.431457 0.134824
vt 0.410633 0.133832
vt 0.412428 0.119481
vt 0.432775 0.120281
vt 0.389472 0.131266
vt 0.391913 0.118172
vt 0.414696 0.106558
vt 0.434379 0.106850
vt 0.394777 0.106106
vt 0.451075 0.148266
vt 0.430689 0.152590
vt 0.452048 0.134520
vt 0.409522 0.151096
vt 0.387792 0.146917
vt 0.364755 0.138586
vt 0.368026 0.127571
vt 0.371297 0.116557
vt 0.374568 0.105542
vt 0.377839 0.094528
vt 0.398569 0.094611
vt 0.417494 0.094393
vt 0.436036 0.094004
vt 0.453992 0.107028
vt 0.454964 0.093283
vt 0.453020 0.120774
vt 0.387436 0.166962
vt 0.409269 0.172392
vt 0.409618 0.196565
vt 0.387786 0.189538
vt 0.430772 0.176252
vt 0.431349 0.203112
vt 0.410248 0.222080
vt 0.388359 0.213079
vt 0.432124 0.231020
vt 0.365324 0.160405
vt 0.452048 0.178819
vt 0.453020 0.209372
vt 0.453992 0.239925
vt 0.454964 0.270478
vt 0.432981 0.259324
vt 0.410999 0.248170
vt 0.389016 0.237016
vt 0.366463 0.204043
vt 0.367033 0.225862
vt 0.365894 0.182224
vt 0.238196 0.292359
vt 0.209556 0.284671
vt 0.214006 0.263586
vt 0.235615 0.268124
vt 0.182305 0.273092
vt 0.194258 0.254290
vt 0.218426 0.245066
vt 0.234827 0.248546
vt 0.203620 0.238299
vt 0.279111 0.333217
vt 0.242077 0.320228
vt 0.265047 0.292342
vt 0.205042 0.307238
vt 0.168008 0.294249
vt 0.130973 0.281259
vt 0.161494 0.255167
vt 0.179674 0.239222
vt 0.193117 0.227440
vt 0.201964 0.219937
vt 0.210711 0.223987
vt 0.223255 0.228581
vt 0.236585 0.232643
vt 0.250543 0.247140
vt 0.246940 0.235335
vt 0.256513 0.266182
vt 0.241894 0.218682
vt 0.228910 0.213317
vt 0.235336 0.198928
vt 0.249207 0.205419
vt 0.215940 0.209438
vt 0.221115 0.194298
vt 0.242308 0.185266
vt 0.257098 0.192697
vt 0.227110 0.179095
vt 0.253863 0.226516
vt 0.202990 0.208085
vt 0.206071 0.191590
vt 0.210959 0.173951
vt 0.217098 0.157036
vt 0.233678 0.164688
vt 0.249385 0.172520
vt 0.264747 0.180683
vt 0.271985 0.201704
vt 0.280291 0.189327
vt 0.262860 0.214385
vt 0.322961 0.236614
vt 0.305953 0.258495
vt 0.290650 0.241296
vt 0.304291 0.224326
vt 0.286993 0.278839
vt 0.274814 0.256362
vt 0.276459 0.226413
vt 0.287497 0.212440
vt 0.264205 0.238916
vt 0.364755 0.220622
vt 0.343344 0.248771
vt 0.335387 0.215901
vt 0.321933 0.276920
vt 0.300522 0.305068
vt 0.296609 0.198469
vt 0.314549 0.207597
vt 0.153187 0.226797
vt 0.151797 0.193267
vt 0.171629 0.191654
vt 0.172699 0.217521
vt 0.153202 0.159236
vt 0.174135 0.164893
vt 0.189691 0.190884
vt 0.189031 0.211050
vt 0.193367 0.169499
vt 0.130973 0.238269
vt 0.130973 0.195278
vt 0.130973 0.152288
vt 0.130973 0.109298
vt 0.157806 0.129030
vt 0.179554 0.140408
vt 0.199160 0.149256
vt 0.242656 0.087571
vt 0.232121 0.074396
vt 0.244808 0.069980
vt 0.252141 0.081378
vt 0.221508 0.059588
vt 0.237870 0.057647
vt 0.257267 0.067751
vt 0.261205 0.077417
vt 0.254111 0.057252
vt 0.246172 0.108277
vt 0.233049 0.095711
vt 0.253388 0.099304
vt 0.219728 0.081456
vt 0.205887 0.064813
vt 0.190267 0.042046
vt 0.210692 0.043430
vt 0.231117 0.044814
vt 0.251542 0.046198
vt 0.271967 0.047582
vt 0.269194 0.058761
vt 0.269012 0.067964
vt 0.269760 0.076253
vt 0.266311 0.085850
vt 0.270749 0.082404
vt 0.260185 0.091668
vt 0.271542 0.169468
vt 0.256130 0.160855
vt 0.262316 0.150003
vt 0.277281 0.158761
vt 0.240405 0.151777
vt 0.247049 0.140196
vt 0.267773 0.139592
vt 0.281863 0.148175
vt 0.253408 0.129562
vt 0.287057 0.177652
vt 0.223952 0.142202
vt 0.231233 0.129400
vt 0.238715 0.118226
vt 0.259283 0.119492
vt 0.272326 0.129247
vt 0.285188 0.137323
vt 0.295734 0.155171
vt 0.297755 0.143501
vt 0.292187 0.166411
vt 0.206396 0.131990
vt 0.187531 0.120573
vt 0.197287 0.104696
vt 0.214664 0.117627
vt 0.167238 0.107362
vt 0.179159 0.090531
vt 0.208078 0.091630
vt 0.223634 0.105654
vt 0.191980 0.075932
vt 0.145797 0.092485
vt 0.160620 0.075672
vt 0.175444 0.058859
vt 0.339379 0.198721
vt 0.320381 0.192485
vt 0.322791 0.178490
vt 0.338870 0.183311
vt 0.303132 0.185391
vt 0.307277 0.172934
vt 0.323105 0.164702
vt 0.336796 0.168143
vt 0.309448 0.160547
vt 0.360017 0.204186
vt 0.309956 0.147707
vt 0.321894 0.150453
vt 0.333730 0.152439
vt 0.350542 0.171314
vt 0.345804 0.154878
vt 0.355279 0.187750
vt 0.293751 0.089577
vt 0.286201 0.083171
vt 0.289402 0.076179
vt 0.298252 0.083479
vt 0.278082 0.078478
vt 0.279687 0.070895
vt 0.293179 0.069211
vt 0.303756 0.076836
vt 0.281870 0.063037
vt 0.295900 0.100622
vt 0.290639 0.096162
vt 0.299946 0.097748
vt 0.283504 0.090662
vt 0.276275 0.085740
vt 0.284626 0.054893
vt 0.297284 0.062203
vt 0.309943 0.069513
vt 0.312951 0.087070
vt 0.322602 0.076824
vt 0.305794 0.093224
vt 0.329766 0.135587
vt 0.319494 0.135385
vt 0.316068 0.120162
vt 0.325102 0.118333
vt 0.309083 0.134157
vt 0.307103 0.120664
vt 0.311630 0.105737
vt 0.319735 0.101595
vt 0.304183 0.108235
vt 0.340003 0.135365
vt 0.298370 0.131210
vt 0.297958 0.119075
vt 0.296955 0.108198
vt 0.328403 0.096337
vt 0.334203 0.115851
vt 0.437454 0.081566
vt 0.420886 0.082580
vt 0.424687 0.070950
vt 0.438841 0.069316
vt 0.404094 0.083494
vt 0.410465 0.072552
vt 0.428679 0.059405
vt 0.440316 0.057131
vt 0.417033 0.061675
vt 0.453959 0.080473
vt 0.387020 0.084332
vt 0.396201 0.074137
vt 0.405383 0.063942
vt 0.414564 0.053747
vt 0.423659 0.050822
vt 0.432753 0.047896
vt 0.441848 0.044971
vt 0.451948 0.054855
vt 0.450943 0.042046
vt 0.452954 0.067664
vt 0.287250 0.126018
vt 0.275888 0.118756
vt 0.278706 0.108543
vt 0.288422 0.114867
vt 0.264518 0.109759
vt 0.269149 0.100749
vt 0.281121 0.099117
vt 0.289239 0.104669
vt 0.273185 0.092858
vt 0.431457 0.134824
vt 0.432775 0.120281
vt 0.412428 0.119481
vt 0.410633 0.133832
vt 0.434379 0.106850
vt 0.414696 0.106558
vt 0.389472 0.131266
vt 0.394777 0.106106
vt 0.436036 0.094004
vt 0.398569 0.094611
vt 0.387792 0.146917
vt 0.409522 0.151096
vt 0.387436 0.166962
vt 0.387786 0.189538
vt 0.409617 0.196565
vt 0.409268 0.172392
vt 0.410248 0.222080
vt 0.431349 0.203112
vt 0.432124 0.231020
vt 0.238196 0.292359
vt 0.214006 0.263586
vt 0.209556 0.284671
vt 0.234827 0.248546
vt 0.182305 0.273092
vt 0.203620 0.238299
vt 0.265047 0.292342
vt 0.250543 0.247140
vt 0.246940 0.235335
vt 0.210711 0.223987
vt 0.193117 0.227440
vt 0.179674 0.239222
vt 0.161494 0.255167
vt 0.241894 0.218682
vt 0.249207 0.205419
vt 0.235336 0.198928
vt 0.228910 0.213317
vt 0.257098 0.192697
vt 0.242308 0.185266
vt 0.215940 0.209438
vt 0.227110 0.179095
vt 0.280291 0.189327
vt 0.264747 0.180683
vt 0.249385 0.172520
vt 0.233678 0.164688
vt 0.202990 0.208085
vt 0.322961 0.236614
vt 0.304291 0.224326
vt 0.290650 0.241296
vt 0.305953 0.258495
vt 0.287497 0.212440
vt 0.276459 0.226413
vt 0.274814 0.256362
vt 0.286993 0.278839
vt 0.264205 0.238916
vt 0.335387 0.215901
vt 0.314549 0.207597
vt 0.296609 0.198469
vt 0.171629 0.191654
vt 0.151797 0.193267
vt 0.189031 0.211050
vt 0.174135 0.164893
vt 0.153202 0.159236
vt 0.193367 0.169499
vt 0.199160 0.149256
vt 0.179554 0.140408
vt 0.157806 0.129030
vt 0.242656 0.087571
vt 0.252141 0.081378
vt 0.244808 0.069980
vt 0.232121 0.074396
vt 0.261205 0.077418
vt 0.257267 0.067751
vt 0.237870 0.057647
vt 0.221508 0.059588
vt 0.254111 0.057252
vt 0.246172 0.108277
vt 0.253388 0.099304
vt 0.233049 0.095711
vt 0.269760 0.076253
vt 0.269012 0.067964
vt 0.205887 0.064813
vt 0.219728 0.081456
vt 0.271542 0.169468
vt 0.277281 0.158761
vt 0.262316 0.150003
vt 0.256130 0.160855
vt 0.281863 0.148176
vt 0.267772 0.139592
vt 0.247049 0.140196
vt 0.240405 0.151777
vt 0.295734 0.155171
vt 0.297755 0.143501
vt 0.285188 0.137323
vt 0.272326 0.129247
vt 0.259283 0.119492
vt 0.238715 0.118226
vt 0.231233 0.129400
vt 0.206396 0.131990
vt 0.214664 0.117627
vt 0.187531 0.120573
vt 0.223634 0.105654
vt 0.208078 0.091630
vt 0.179159 0.090531
vt 0.167238 0.107362
vt 0.339379 0.198721
vt 0.338870 0.183311
vt 0.320381 0.192485
vt 0.336796 0.168143
vt 0.303132 0.185391
vt 0.309448 0.160547
vt 0.333730 0.152439
vt 0.321894 0.150453
vt 0.309956 0.147707
vt 0.293751 0.089577
vt 0.298252 0.083479
vt 0.289402 0.076179
vt 0.303756 0.076836
vt 0.293179 0.069211
vt 0.279687 0.070895
vt 0.278082 0.078478
vt 0.299946 0.097748
vt 0.290639 0.096162
vt 0.276275 0.085740
vt 0.283504 0.090662
vt 0.329766 0.135587
vt 0.325102 0.118333
vt 0.316068 0.120162
vt 0.319494 0.135385
vt 0.309083 0.134157
vt 0.304183 0.108235
vt 0.296955 0.108198
vt 0.297958 0.119075
vt 0.437454 0.081566
vt 0.438841 0.069316
vt 0.420886 0.082580
vt 0.440316 0.057131
vt 0.428679 0.059405
vt 0.404094 0.083494
vt 0.417033 0.061675
vt 0.288422 0.114867
vt 0.278706 0.108543
vt 0.275888 0.118756
vt 0.289239 0.104669
vt 0.281121 0.099117
vt 0.269149 0.100749
vt 0.264518 0.109759
vt 0.273185 0.092858
s 1
usemtl Material
f 6911/5920/6910 6912/5921/6911 6915/5922/6914 6914/5923/6913
f 6912/5921/6911 6913/5924/6912 6916/5925/6915 6915/5922/6914
f 6914/5923/6913 6915/5922/6914 6918/5926/6917 6917/5927/6916
f 6915/5922/6914 6916/5925/6915 6919/5928/6918 6918/5926/6917
f 6714/5929/6713 6752/5930/6751 6911/5920/6910 6796/5931/6795
f 6752/5930/6751 6753/5932/6752 6912/5921/6911 6911/5920/6910
f 6753/5932/6752 6754/5933/6753 6913/5924/6912 6912/5921/6911
f 6754/5933/6753 6713/5934/6712 6791/5935/6790 6913/5924/6912
f 6913/5924/6912 6791/5935/6790 6792/5936/6791 6916/5925/6915
f 6916/5925/6915 6792/5936/6791 6793/5937/6792 6919/5928/6918
f 6919/5928/6918 6793/5937/6792 6719/5938/6718 6790/5939/6789
f 6918/5926/6917 6919/5928/6918 6790/5939/6789 6789/5940/6788
f 6917/5927/6916 6918/5926/6917 6789/5940/6788 6788/5941/6787
f 6794/5942/6793 6917/5927/6916 6788/5941/6787 6722/5943/6721
f 6795/5944/6794 6914/5923/6913 6917/5927/6916 6794/5942/6793
f 6796/5931/6795 6911/5920/6910 6914/5923/6913 6795/5944/6794
f 6920/5945/6919 6921/5946/6920 6924/5947/6923 6923/5948/6922
f 6921/5946/6920 6922/5949/6921 6925/5950/6924 6924/5947/6923
f 6923/5948/6922 6924/5947/6923 6927/5951/6926 6926/5952/6925
f 6924/5947/6923 6925/5950/6924 6928/5953/6927 6927/5951/6926
f 6713/5934/6712 6754/5933/6753 6920/5945/6919 6757/5954/6756
f 6754/5933/6753 6753/5932/6752 6921/5946/6920 6920/5945/6919
f 6753/5932/6752 6752/5930/6751 6922/5949/6921 6921/5946/6920
f 6752/5930/6751 6714/5929/6713 6758/5955/6757 6922/5949/6921
f 6922/5949/6921 6758/5955/6757 6759/5956/6758 6925/5950/6924
f 6925/5950/6924 6759/5956/6758 6760/5957/6759 6928/5953/6927
f 6928/5953/6927 6760/5957/6759 6718/5958/6717 6761/5959/6760
f 6927/5951/6926 6928/5953/6927 6761/5959/6760 6762/5960/6761
f 6926/5952/6925 6927/5951/6926 6762/5960/6761 6763/5961/6762
f 6755/5962/6754 6926/5952/6925 6763/5961/6762 6717/5963/6716
f 6756/5964/6755 6923/5948/6922 6926/5952/6925 6755/5962/6754
f 6757/5954/6756 6920/5945/6919 6923/5948/6922 6756/5964/6755
f 6929/5965/6928 6930/5966/6929 6933/5967/6932 6932/5968/6931
f 6930/5966/6929 6931/5969/6930 6934/5970/6933 6933/5967/6932
f 6932/5968/6931 6933/5967/6932 6936/5971/6935 6935/5972/6934
f 6933/5967/6932 6934/5970/6933 6937/5973/6936 6936/5971/6935
f 6717/5974/6716 6763/5975/6762 6929/5965/6928 6766/5976/6765
f 6763/5975/6762 6762/5977/6761 6930/5966/6929 6929/5965/6928
f 6762/5977/6761 6761/5978/6760 6931/5969/6930 6930/5966/6929
f 6761/5978/6760 6718/5979/6717 6767/5980/6766 6931/5969/6930
f 6931/5969/6930 6767/5980/6766 6768/5981/6767 6934/5970/6933
f 6934/5970/6933 6768/5981/6767 6769/5982/6768 6937/5973/6936
f 6937/5973/6936 6769/5982/6768 6716/5983/6715 6770/5984/6769
f 6936/5971/6935 6937/5973/6936 6770/5984/6769 6771/5985/6770
f 6935/5972/6934 6936/5971/6935 6771/5985/6770 6772/5986/6771
f 6764/5987/6763 6935/5972/6934 6772/5986/6771 6715/5988/6714
f 6765/5989/6764 6932/5968/6931 6935/5972/6934 6764/5987/6763
f 6766/5976/6765 6929/5965/6928 6932/5968/6931 6765/5989/6764
f 6938/5990/6937 6939/5991/6938 6942/5992/6941 6941/5993/6940
f 6939/5991/6938 6940/5994/6939 6943/5995/6942 6942/5992/6941
f 6941/5993/6940 6942/5992/6941 6945/5996/6944 6944/5997/6943
f 6942/5992/6941 6943/5995/6942 6946/5998/6945 6945/5996/6944
f 6715/5988/6714 6772/5986/6771 6938/5990/6937 6775/5999/6774
f 6772/5986/6771 6771/5985/6770 6939/5991/6938 6938/5990/6937
f 6771/5985/6770 6770/5984/6769 6940/5994/6939 6939/5991/6938
f 6770/5984/6769 6716/5983/6715 6776/6000/6775 6940/5994/6939
f 6940/5994/6939 6776/6000/6775 6777/6001/6776 6943/5995/6942
f 6943/5995/6942 6777/6001/6776 6778/6002/6777 6946/5998/6945
f 6946/5998/6945 6778/6002/6777 6712/6003/6711 6748/6004/6747
f 6945/5996/6944 6946/5998/6945 6748/6004/6747 6747/6005/6746
f 6944/5997/6943 6945/5996/6944 6747/6005/6746 6746/6006/6745
f 6773/6007/6772 6944/5997/6943 6746/6006/6745 6711/6008/6710
f 6774/6009/6773 6941/5993/6940 6944/5997/6943 6773/6007/6772
f 6775/5999/6774 6938/5990/6937 6941/5993/6940 6774/6009/6773
f 6947/6010/6946 6948/6011/6947 6951/6012/6950 6950/6013/6949
f 6948/6011/6947 6949/6014/6948 6952/6015/6951 6951/6012/6950
f 6950/6013/6949 6951/6012/6950 6954/6016/6953 6953/6017/6952
f 6951/6012/6950 6952/6015/6951 6955/6018/6954 6954/6016/6953
f 6713/6019/6712 6757/6020/6756 6947/6010/6946 6743/6021/6742
f 6757/6020/6756 6756/6022/6755 6948/6011/6947 6947/6010/6946
f 6756/6022/6755 6755/6023/6754 6949/6014/6948 6948/6011/6947
f 6755/6023/6754 6717/5974/6716 6766/5976/6765 6949/6014/6948
f 6949/6014/6948 6766/5976/6765 6765/5989/6764 6952/6015/6951
f 6952/6015/6951 6765/5989/6764 6764/5987/6763 6955/6018/6954
f 6955/6018/6954 6764/5987/6763 6715/5988/6714 6775/5999/6774
f 6954/6016/6953 6955/6018/6954 6775/5999/6774 6774/6009/6773
f 6953/6017/6952 6954/6016/6953 6774/6009/6773 6773/6007/6772
f 6745/6024/6744 6953/6017/6952 6773/6007/6772 6711/6008/6710
f 6744/6025/6743 6950/6013/6949 6953/6017/6952 6745/6024/6744
f 6743/6021/6742 6947/6010/6946 6950/6013/6949 6744/6025/6743
f 6956/6026/6955 6957/6027/6956 6960/6028/6959 6959/6029/6958
f 6957/6027/6956 6958/6030/6957 6961/6031/6960 6960/6028/6959
f 6959/6029/6958 6960/6028/6959 6963/6032/6962 6962/6033/6961
f 6960/6028/6959 6961/6031/6960 6964/6034/6963 6963/6032/6962
f 6718/5979/6717 6760/6035/6759 6956/6026/6955 6767/5980/6766
f 6760/6035/6759 6759/6036/6758 6957/6027/6956 6956/6026/6955
f 6759/6036/6758 6758/6037/6757 6958/6030/6957 6957/6027/6956
f 6758/6037/6757 6714/6038/6713 6751/6039/6750 6958/6030/6957
f 6958/6030/6957 6751/6039/6750 6750/6040/6749 6961/6031/6960
f 6961/6031/6960 6750/6040/6749 6749/6041/6748 6964/6034/6963
f 6964/6034/6963 6749/6041/6748 6712/6003/6711 6778/6002/6777
f 6963/6032/6962 6964/6034/6963 6778/6002/6777 6777/6001/6776
f 6962/6033/6961 6963/6032/6962 6777/6001/6776 6776/6000/6775
f 6769/5982/6768 6962/6033/6961 6776/6000/6775 6716/5983/6715
f 6768/5981/6767 6959/6029/6958 6962/6033/6961 6769/5982/6768
f 6767/5980/6766 6956/6026/6955 6959/6029/6958 6768/5981/6767
f 6965/6042/6964 6966/6043/6965 6969/6044/6968 6968/6045/6967
f 6966/6043/6965 6967/6046/6966 6970/6047/6969 6969/6044/6968
f 6968/6045/6967 6969/6044/6968 6972/6048/6971 6971/6049/6970
f 6969/6044/6968 6970/6047/6969 6973/6050/6972 6972/6048/6971
f 6721/6051/6720 6785/6052/6784 6965/6042/6964 6820/6053/6819
f 6785/6052/6784 6786/6054/6785 6966/6043/6965 6965/6042/6964
f 6786/6054/6785 6787/6055/6786 6967/6046/6966 6966/6043/6965
f 6787/6055/6786 6722/6056/6721 6815/6057/6814 6967/6046/6966
f 6967/6046/6966 6815/6057/6814 6816/6058/6815 6970/6047/6969
f 6970/6047/6969 6816/6058/6815 6817/6059/6816 6973/6050/6972
f 6973/6050/6972 6817/6059/6816 6726/6060/6725 6811/6061/6810
f 6972/6048/6971 6973/6050/6972 6811/6061/6810 6810/6062/6809
f 6971/6049/6970 6972/6048/6971 6810/6062/6809 6809/6063/6808
f 6818/6064/6817 6971/6049/6970 6809/6063/6808 6725/6065/6724
f 6819/6066/6818 6968/6045/6967 6971/6049/6970 6818/6064/6817
f 6820/6053/6819 6965/6042/6964 6968/6045/6967 6819/6066/6818
f 6974/6067/6973 6975/6068/6974 6978/6069/6977 6977/6070/6976
f 6975/6068/6974 6976/6071/6975 6979/6072/6978 6978/6069/6977
f 6977/6070/6976 6978/6069/6977 6981/6073/6980 6980/6074/6979
f 6978/6069/6977 6979/6072/6978 6982/6075/6981 6981/6073/6980
f 6711/6008/6710 6746/6006/6745 6974/6067/6973 6802/6076/6801
f 6746/6006/6745 6747/6005/6746 6975/6068/6974 6974/6067/6973
f 6747/6005/6746 6748/6004/6747 6976/6071/6975 6975/6068/6974
f 6748/6004/6747 6712/6003/6711 6797/6077/6796 6976/6071/6975
f 6976/6071/6975 6797/6077/6796 6798/6078/6797 6979/6072/6978
f 6979/6072/6978 6798/6078/6797 6799/6079/6798 6982/6075/6981
f 6982/6075/6981 6799/6079/6798 6721/6051/6720 6784/6080/6783
f 6981/6073/6980 6982/6075/6981 6784/6080/6783 6783/6081/6782
f 6980/6074/6979 6981/6073/6980 6783/6081/6782 6782/6082/6781
f 6800/6083/6799 6980/6074/6979 6782/6082/6781 6720/6084/6719
f 6801/6085/6800 6977/6070/6976 6980/6074/6979 6800/6083/6799
f 6802/6076/6801 6974/6067/6973 6977/6070/6976 6801/6085/6800
f 6983/6086/6982 6984/6087/6983 6987/6088/6986 6986/6089/6985
f 6984/6087/6983 6985/6090/6984 6988/6091/6987 6987/6088/6986
f 6986/6089/6985 6987/6088/6986 6990/6092/6989 6989/6093/6988
f 6987/6088/6986 6988/6091/6987 6991/6094/6990 6990/6092/6989
f 6712/6003/6711 6749/6041/6748 6983/6086/6982 6797/6077/6796
f 6749/6041/6748 6750/6040/6749 6984/6087/6983 6983/6086/6982
f 6750/6040/6749 6751/6039/6750 6985/6090/6984 6984/6087/6983
f 6751/6039/6750 6714/6038/6713 6796/6095/6795 6985/6090/6984
f 6985/6090/6984 6796/6095/6795 6795/6096/6794 6988/6091/6987
f 6988/6091/6987 6795/6096/6794 6794/6097/6793 6991/6094/6990
f 6991/6094/6990 6794/6097/6793 6722/6056/6721 6787/6055/6786
f 6990/6092/6989 6991/6094/6990 6787/6055/6786 6786/6054/6785
f 6989/6093/6988 6990/6092/6989 6786/6054/6785 6785/6052/6784
f 6799/6079/6798 6989/6093/6988 6785/6052/6784 6721/6051/6720
f 6798/6078/6797 6986/6089/6985 6989/6093/6988 6799/6079/6798
f 6797/6077/6796 6983/6086/6982 6986/6089/6985 6798/6078/6797
f 6992/6098/6991 6993/6099/6992 6996/6100/6995 6995/6101/6994
f 6993/6099/6992 6994/6102/6993 6997/6103/6996 6996/6100/6995
f 6995/6101/6994 6996/6100/6995 6999/6104/6998 6998/6105/6997
f 6996/6100/6995 6997/6103/6996 7000/6106/6999 6999/6104/6998
f 6713/6019/6712 6743/6021/6742 6992/6098/6991 6791/6107/6790
f 6743/6021/6742 6744/6025/6743 6993/6099/6992 6992/6098/6991
f 6744/6025/6743 6745/6024/6744 6994/6102/6993 6993/6099/6992
f 6745/6024/6744 6711/6008/6710 6802/6076/6801 6994/6102/6993
f 6994/6102/6993 6802/6076/6801 6801/6085/6800 6997/6103/6996
f 6997/6103/6996 6801/6085/6800 6800/6083/6799 7000/6106/6999
f 7000/6106/6999 6800/6083/6799 6720/6084/6719 6781/6108/6780
f 6999/6104/6998 7000/6106/6999 6781/6108/6780 6780/6109/6779
f 6998/6105/6997 6999/6104/6998 6780/6109/6779 6779/6110/6778
f 6793/6111/6792 6998/6105/6997 6779/6110/6778 6719/6112/6718
f 6792/6113/6791 6995/6101/6994 6998/6105/6997 6793/6111/6792
f 6791/6107/6790 6992/6098/6991 6995/6101/6994 6792/6113/6791
f 7001/6114/7000 7002/6115/7001 7005/6116/7004 7004/6117/7003
f 7002/6115/7001 7003/6118/7002 7006/6119/7005 7005/6116/7004
f 7004/6117/7003 7005/6116/7004 7008/6120/7007 7007/6121/7006
f 7005/6116/7004 7006/6119/7005 7009/6122/7008 7008/6120/7007
f 6724/6123/6723 6806/6124/6805 7001/6114/7000 6805/6125/6804
f 6806/6124/6805 6807/6126/6806 7002/6115/7001 7001/6114/7000
f 6807/6126/6806 6808/6127/6807 7003/6118/7002 7002/6115/7001
f 6808/6127/6807 6725/6065/6724 6809/6063/6808 7003/6118/7002
f 7003/6118/7002 6809/6063/6808 6810/6062/6809 7006/6119/7005
f 7006/6119/7005 6810/6062/6809 6811/6061/6810 7009/6122/7008
f 7009/6122/7008 6811/6061/6810 6726/6060/6725 6812/6128/6811
f 7008/6120/7007 7009/6122/7008 6812/6128/6811 6813/6129/6812
f 7007/6121/7006 7008/6120/7007 6813/6129/6812 6814/6130/6813
f 6803/6131/6802 7007/6121/7006 6814/6130/6813 6723/6132/6722
f 6804/6133/6803 7004/6117/7003 7007/6121/7006 6803/6131/6802
f 6805/6125/6804 7001/6114/7000 7004/6117/7003 6804/6133/6803
f 7010/6134/7009 7011/6135/7010 7014/6136/7013 7013/6137/7012
f 7011/6135/7010 7012/6138/7011 7015/6139/7014 7014/6136/7013
f 7013/6137/7012 7014/6136/7013 7017/6140/7016 7016/6141/7015
f 7014/6136/7013 7015/6139/7014 7018/6142/7017 7017/6140/7016
f 6719/6112/6718 6779/6110/6778 7010/6134/7009 6826/6143/6825
f 6779/6110/6778 6780/6109/6779 7011/6135/7010 7010/6134/7009
f 6780/6109/6779 6781/6108/6780 7012/6138/7011 7011/6135/7010
f 6781/6108/6780 6720/6084/6719 6821/6144/6820 7012/6138/7011
f 7012/6138/7011 6821/6144/6820 6822/6145/6821 7015/6139/7014
f 7015/6139/7014 6822/6145/6821 6823/6146/6822 7018/6142/7017
f 7018/6142/7017 6823/6146/6822 6724/6123/6723 6805/6125/6804
f 7017/6140/7016 7018/6142/7017 6805/6125/6804 6804/6133/6803
f 7016/6141/7015 7017/6140/7016 6804/6133/6803 6803/6131/6802
f 6824/6147/6823 7016/6141/7015 6803/6131/6802 6723/6132/6722
f 6825/6148/6824 7013/6137/7012 7016/6141/7015 6824/6147/6823
f 6826/6143/6825 7010/6134/7009 7013/6137/7012 6825/6148/6824
f 7019/6149/7018 7020/6150/7019 7023/6151/7022 7022/6152/7021
f 7020/6150/7019 7021/6153/7020 7024/6154/7023 7023/6151/7022
f 7022/6152/7021 7023/6151/7022 7026/6155/7025 7025/6156/7024
f 7023/6151/7022 7024/6154/7023 7027/6157/7026 7026/6155/7025
f 6722/5943/6721 6788/5941/6787 7019/6149/7018 6815/6158/6814
f 6788/5941/6787 6789/5940/6788 7020/6150/7019 7019/6149/7018
f 6789/5940/6788 6790/5939/6789 7021/6153/7020 7020/6150/7019
f 6790/5939/6789 6719/5938/6718 6826/6159/6825 7021/6153/7020
f 7021/6153/7020 6826/6159/6825 6825/6160/6824 7024/6154/7023
f 7024/6154/7023 6825/6160/6824 6824/6161/6823 7027/6157/7026
f 7027/6157/7026 6824/6161/6823 6723/6162/6722 6814/6163/6813
f 7026/6155/7025 7027/6157/7026 6814/6163/6813 6813/6164/6812
f 7025/6156/7024 7026/6155/7025 6813/6164/6812 6812/6165/6811
f 6817/6166/6816 7025/6156/7024 6812/6165/6811 6726/6167/6725
f 6816/6168/6815 7022/6152/7021 7025/6156/7024 6817/6166/6816
f 6815/6158/6814 7019/6149/7018 7022/6152/7021 6816/6168/6815
f 7028/6169/7027 7029/6170/7028 7032/6171/7031 7031/6172/7030
f 7029/6170/7028 7030/6173/7029 7033/6174/7032 7032/6171/7031
f 7031/6172/7030 7032/6171/7031 7035/6175/7034 7034/6176/7033
f 7032/6171/7031 7033/6174/7032 7036/6177/7035 7035/6175/7034
f 6720/6084/6719 6782/6082/6781 7028/6169/7027 6821/6144/6820
f 6782/6082/6781 6783/6081/6782 7029/6170/7028 7028/6169/7027
f 6783/6081/6782 6784/6080/6783 7030/6173/7029 7029/6170/7028
f 6784/6080/6783 6721/6051/6720 6820/6053/6819 7030/6173/7029
f 7030/6173/7029 6820/6053/6819 6819/6066/6818 7033/6174/7032
f 7033/6174/7032 6819/6066/6818 6818/6064/6817 7036/6177/7035
f 7036/6177/7035 6818/6064/6817 6725/6065/6724 6808/6127/6807
f 7035/6175/7034 7036/6177/7035 6808/6127/6807 6807/6126/6806
f 7034/6176/7033 7035/6175/7034 6807/6126/6806 6806/6124/6805
f 6823/6146/6822 7034/6176/7033 6806/6124/6805 6724/6123/6723
f 6822/6145/6821 7031/6172/7030 7034/6176/7033 6823/6146/6822
f 6821/6144/6820 7028/6169/7027 7031/6172/7030 6822/6145/6821
f 7037/6178/7036 7038/6179/7037 7041/6180/7040 7040/6181/7039
f 7038/6179/7037 7039/6182/7038 7042/6183/7041 7041/6180/7040
f 7040/6181/7039 7041/6180/7040 7044/5925/7043 7043/6184/7042
f 7041/6180/7040 7042/6183/7041 7045/6185/7044 7044/5925/7043
f 6730/5929/6729 6880/5931/6879 7037/6178/7036 6836/5930/6835
f 6880/5931/6879 6879/5944/6878 7038/6179/7037 7037/6178/7036
f 6879/5944/6878 6878/5942/6877 7039/6182/7038 7038/6179/7037
f 6878/5942/6877 6738/5943/6737 6872/6186/6871 7039/6182/7038
f 7039/6182/7038 6872/6186/6871 6873/5940/6872 7042/6183/7041
f 7042/6183/7041 6873/5940/6872 6874/6187/6873 7045/6185/7044
f 7045/6185/7044 6874/6187/6873 6735/5938/6734 6877/5937/6876
f 7044/5925/7043 7045/6185/7044 6877/5937/6876 6876/5936/6875
f 7043/6184/7042 7044/5925/7043 6876/5936/6875 6875/5935/6874
f 6838/6188/6837 7043/6184/7042 6875/5935/6874 6729/5934/6728
f 6837/6189/6836 7040/6181/7039 7043/6184/7042 6838/6188/6837
f 6836/5930/6835 7037/6178/7036 7040/6181/7039 6837/6189/6836
f 7046/6190/7045 7047/6191/7046 7050/6192/7049 7049/6193/7048
f 7047/6191/7046 7048/5952/7047 7051/6194/7050 7050/6192/7049
f 7049/6193/7048 7050/6192/7049 7053/6195/7052 7052/5949/7051
f 7050/6192/7049 7051/6194/7050 7054/6196/7053 7053/6195/7052
f 6729/5934/6728 6841/5954/6840 7046/6190/7045 6838/6188/6837
f 6841/5954/6840 6840/5964/6839 7047/6191/7046 7046/6190/7045
f 6840/5964/6839 6839/5962/6838 7048/5952/7047 7047/6191/7046
f 6839/5962/6838 6733/5963/6732 6847/5961/6846 7048/5952/7047
f 7048/5952/7047 6847/5961/6846 6846/5960/6845 7051/6194/7050
f 7051/6194/7050 6846/5960/6845 6845/5959/6844 7054/6196/7053
f 7054/6196/7053 6845/5959/6844 6734/5958/6733 6844/5957/6843
f 7053/6195/7052 7054/6196/7053 6844/5957/6843 6843/5956/6842
f 7052/5949/7051 7053/6195/7052 6843/5956/6842 6842/5955/6841
f 6836/5930/6835 7052/5949/7051 6842/5955/6841 6730/5929/6729
f 6837/6189/6836 7049/6193/7048 7052/5949/7051 6836/5930/6835
f 6838/6188/6837 7046/6190/7045 7049/6193/7048 6837/6189/6836
f 7055/6197/7054 7056/5968/7055 7059/6198/7058 7058/6199/7057
f 7056/5968/7055 7057/6200/7056 7060/5971/7059 7059/6198/7058
f 7058/6199/7057 7059/6198/7058 7062/5970/7061 7061/6201/7060
f 7059/6198/7058 7060/5971/7059 7063/6202/7062 7062/5970/7061
f 6733/5974/6732 6850/6203/6849 7055/6197/7054 6847/5975/6846
f 6850/6203/6849 6849/5989/6848 7056/5968/7055 7055/6197/7054
f 6849/5989/6848 6848/6204/6847 7057/6200/7056 7056/5968/7055
f 6848/6204/6847 6731/6205/6730 6856/5986/6855 7057/6200/7056
f 7057/6200/7056 6856/5986/6855 6855/5985/6854 7060/5971/7059
f 7060/5971/7059 6855/5985/6854 6854/6206/6853 7063/6202/7062
f 7063/6202/7062 6854/6206/6853 6732/5983/6731 6853/6207/6852
f 7062/5970/7061 7063/6202/7062 6853/6207/6852 6852/6208/6851
f 7061/6201/7060 7062/5970/7061 6852/6208/6851 6851/6209/6850
f 6845/5978/6844 7061/6201/7060 6851/6209/6850 6734/5979/6733
f 6846/5977/6845 7058/6199/7057 7061/6201/7060 6845/5978/6844
f 6847/5975/6846 7055/6197/7054 7058/6199/7057 6846/5977/6845
f 7064/6210/7063 7065/6211/7064 7068/6212/7067 7067/6213/7066
f 7065/6211/7064 7066/6214/7065 7069/6215/7068 7068/6212/7067
f 7067/6213/7066 7068/6212/7067 7071/5995/7070 7070/6216/7069
f 7068/6212/7067 7069/6215/7068 7072/6217/7071 7071/5995/7070
f 6731/6205/6730 6859/5999/6858 7064/6210/7063 6856/5986/6855
f 6859/5999/6858 6858/6009/6857 7065/6211/7064 7064/6210/7063
f 6858/6009/6857 6857/6007/6856 7066/6214/7065 7065/6211/7064
f 6857/6007/6856 6727/6218/6726 6830/6219/6829 7066/6214/7065
f 7066/6214/7065 6830/6219/6829 6831/6220/6830 7069/6215/7068
f 7069/6215/7068 6831/6220/6830 6832/6221/6831 7072/6217/7071
f 7072/6217/7071 6832/6221/6831 6728/6003/6727 6862/6002/6861
f 7071/5995/7070 7072/6217/7071 6862/6002/6861 6861/6001/6860
f 7070/6216/7069 7071/5995/7070 6861/6001/6860 6860/6222/6859
f 6854/6206/6853 7070/6216/7069 6860/6222/6859 6732/5983/6731
f 6855/5985/6854 7067/6213/7066 7070/6216/7069 6854/6206/6853
f 6856/5986/6855 7064/6210/7063 7067/6213/7066 6855/5985/6854
f 7073/6223/7072 7074/6224/7073 7077/6225/7076 7076/6226/7075
f 7074/6224/7073 7075/6227/7074 7078/6228/7077 7077/6225/7076
f 7076/6226/7075 7077/6225/7076 7080/6229/7079 7079/6230/7078
f 7077/6225/7076 7078/6228/7077 7081/6231/7080 7080/6229/7079
f 6729/6019/6728 6827/6232/6826 7073/6223/7072 6841/6020/6840
f 6827/6232/6826 6828/6233/6827 7074/6224/7073 7073/6223/7072
f 6828/6233/6827 6829/6234/6828 7075/6227/7074 7074/6224/7073
f 6829/6234/6828 6727/6218/6726 6857/6007/6856 7075/6227/7074
f 7075/6227/7074 6857/6007/6856 6858/6009/6857 7078/6228/7077
f 7078/6228/7077 6858/6009/6857 6859/5999/6858 7081/6231/7080
f 7081/6231/7080 6859/5999/6858 6731/6205/6730 6848/6204/6847
f 7080/6229/7079 7081/6231/7080 6848/6204/6847 6849/5989/6848
f 7079/6230/7078 7080/6229/7079 6849/5989/6848 6850/6203/6849
f 6839/6023/6838 7079/6230/7078 6850/6203/6849 6733/5974/6732
f 6840/6022/6839 7076/6226/7075 7079/6230/7078 6839/6023/6838
f 6841/6020/6840 7073/6223/7072 7076/6226/7075 6840/6022/6839
f 7082/6026/7081 7083/6029/7082 7086/6235/7085 7085/6236/7084
f 7083/6029/7082 7084/6237/7083 7087/6032/7086 7086/6235/7085
f 7085/6236/7084 7086/6235/7085 7089/6238/7088 7088/6239/7087
f 7086/6235/7085 7087/6032/7086 7090/6240/7089 7089/6238/7088
f 6734/5979/6733 6851/6209/6850 7082/6026/7081 6844/6035/6843
f 6851/6209/6850 6852/6208/6851 7083/6029/7082 7082/6026/7081
f 6852/6208/6851 6853/6207/6852 7084/6237/7083 7083/6029/7082
f 6853/6207/6852 6732/5983/6731 6860/6222/6859 7084/6237/7083
f 7084/6237/7083 6860/6222/6859 6861/6001/6860 7087/6032/7086
f 7087/6032/7086 6861/6001/6860 6862/6002/6861 7090/6240/7089
f 7090/6240/7089 6862/6002/6861 6728/6003/6727 6833/6241/6832
f 7089/6238/7088 7090/6240/7089 6833/6241/6832 6834/6242/6833
f 7088/6239/7087 7089/6238/7088 6834/6242/6833 6835/6243/6834
f 6842/6037/6841 7088/6239/7087 6835/6243/6834 6730/6038/6729
f 6843/6036/6842 7085/6236/7084 7088/6239/7087 6842/6037/6841
f 6844/6035/6843 7082/6026/7081 7085/6236/7084 6843/6036/6842
f 7091/6244/7090 7092/6245/7091 7095/6246/7094 7094/6247/7093
f 7092/6245/7091 7093/6248/7092 7096/6249/7095 7095/6246/7094
f 7094/6247/7093 7095/6246/7094 7098/6250/7097 7097/6251/7096
f 7095/6246/7094 7096/6249/7095 7099/6252/7098 7098/6250/7097
f 6737/6253/6736 6904/6254/6903 7091/6244/7090 6869/6255/6868
f 6904/6254/6903 6903/6066/6902 7092/6245/7091 7091/6244/7090
f 6903/6066/6902 6902/6064/6901 7093/6248/7092 7092/6245/7091
f 6902/6064/6901 6741/6065/6740 6893/6256/6892 7093/6248/7092
f 7093/6248/7092 6893/6256/6892 6894/6257/6893 7096/6249/7095
f 7096/6249/7095 6894/6257/6893 6895/6061/6894 7099/6252/7098
f 7099/6252/7098 6895/6061/6894 6742/6060/6741 6901/6059/6900
f 7098/6250/7097 7099/6252/7098 6901/6059/6900 6900/6058/6899
f 7097/6251/7096 7098/6250/7097 6900/6058/6899 6899/6057/6898
f 6871/6258/6870 7097/6251/7096 6899/6057/6898 6738/6056/6737
f 6870/6259/6869 7094/6247/7093 7097/6251/7096 6871/6258/6870
f 6869/6255/6868 7091/6244/7090 7094/6247/7093 6870/6259/6869
f 7100/6260/7099 7101/6261/7100 7104/6262/7103 7103/6263/7102
f 7101/6261/7100 7102/6264/7101 7105/6265/7104 7104/6262/7103
f 7103/6263/7102 7104/6262/7103 7107/6266/7106 7106/6267/7105
f 7104/6262/7103 7105/6265/7104 7108/6075/7107 7107/6266/7106
f 6727/6218/6726 6886/6076/6885 7100/6260/7099 6830/6219/6829
f 6886/6076/6885 6885/6085/6884 7101/6261/7100 7100/6260/7099
f 6885/6085/6884 6884/6268/6883 7102/6264/7101 7101/6261/7100
f 6884/6268/6883 6736/6269/6735 6866/6270/6865 7102/6264/7101
f 7102/6264/7101 6866/6270/6865 6867/6271/6866 7105/6265/7104
f 7105/6265/7104 6867/6271/6866 6868/6272/6867 7108/6075/7107
f 7108/6075/7107 6868/6272/6867 6737/6253/6736 6883/6273/6882
f 7107/6266/7106 7108/6075/7107 6883/6273/6882 6882/6274/6881
f 7106/6267/7105 7107/6266/7106 6882/6274/6881 6881/6077/6880
f 6832/6221/6831 7106/6267/7105 6881/6077/6880 6728/6003/6727
f 6831/6220/6830 7103/6263/7102 7106/6267/7105 6832/6221/6831
f 6830/6219/6829 7100/6260/7099 7103/6263/7102 6831/6220/6830
f 7109/6275/7108 7110/6276/7109 7113/6088/7112 7112/6277/7111
f 7110/6276/7109 7111/6278/7110 7114/6279/7113 7113/6088/7112
f 7112/6277/7111 7113/6088/7112 7116/6280/7115 7115/6281/7114
f 7113/6088/7112 7114/6279/7113 7117/6094/7116 7116/6280/7115
f 6728/6003/6727 6881/6077/6880 7109/6275/7108 6833/6241/6832
f 6881/6077/6880 6882/6274/6881 7110/6276/7109 7109/6275/7108
f 6882/6274/6881 6883/6273/6882 7111/6278/7110 7110/6276/7109
f 6883/6273/6882 6737/6253/6736 6869/6255/6868 7111/6278/7110
f 7111/6278/7110 6869/6255/6868 6870/6259/6869 7114/6279/7113
f 7114/6279/7113 6870/6259/6869 6871/6258/6870 7117/6094/7116
f 7117/6094/7116 6871/6258/6870 6738/6056/6737 6878/6097/6877
f 7116/6280/7115 7117/6094/7116 6878/6097/6877 6879/6096/6878
f 7115/6281/7114 7116/6280/7115 6879/6096/6878 6880/6095/6879
f 6835/6243/6834 7115/6281/7114 6880/6095/6879 6730/6038/6729
f 6834/6242/6833 7112/6277/7111 7115/6281/7114 6835/6243/6834
f 6833/6241/6832 7109/6275/7108 7112/6277/7111 6834/6242/6833
f 7118/6282/7117 7119/6283/7118 7122/6100/7121 7121/6284/7120
f 7119/6283/7118 7120/6285/7119 7123/6104/7122 7122/6100/7121
f 7121/6284/7120 7122/6100/7121 7125/6103/7124 7124/6286/7123
f 7122/6100/7121 7123/6104/7122 7126/6287/7125 7125/6103/7124
f 6729/6019/6728 6875/6107/6874 7118/6282/7117 6827/6232/6826
f 6875/6107/6874 6876/6113/6875 7119/6283/7118 7118/6282/7117
f 6876/6113/6875 6877/6111/6876 7120/6285/7119 7119/6283/7118
f 6877/6111/6876 6735/6112/6734 6863/6288/6862 7120/6285/7119
f 7120/6285/7119 6863/6288/6862 6864/6289/6863 7123/6104/7122
f 7123/6104/7122 6864/6289/6863 6865/6290/6864 7126/6287/7125
f 7126/6287/7125 6865/6290/6864 6736/6269/6735 6884/6268/6883
f 7125/6103/7124 7126/6287/7125 6884/6268/6883 6885/6085/6884
f 7124/6286/7123 7125/6103/7124 6885/6085/6884 6886/6076/6885
f 6829/6234/6828 7124/6286/7123 6886/6076/6885 6727/6218/6726
f 6828/6233/6827 7121/6284/7120 7124/6286/7123 6829/6234/6828
f 6827/6232/6826 7118/6282/7117 7121/6284/7120 6828/6233/6827
f 7127/6291/7126 7128/6292/7127 7131/6293/7130 7130/6115/7129
f 7128/6292/7127 7129/6294/7128 7132/6295/7131 7131/6293/7130
f 7130/6115/7129 7131/6293/7130 7134/6296/7133 7133/6297/7132
f 7131/6293/7130 7132/6295/7131 7135/6122/7134 7134/6296/7133
f 6740/6123/6739 6889/6298/6888 7127/6291/7126 6890/6299/6889
f 6889/6298/6888 6888/6133/6887 7128/6292/7127 7127/6291/7126
f 6888/6133/6887 6887/6131/6886 7129/6294/7128 7128/6292/7127
f 6887/6131/6886 6739/6132/6738 6898/6130/6897 7129/6294/7128
f 7129/6294/7128 6898/6130/6897 6897/6129/6896 7132/6295/7131
f 7132/6295/7131 6897/6129/6896 6896/6128/6895 7135/6122/7134
f 7135/6122/7134 6896/6128/6895 6742/6060/6741 6895/6061/6894
f 7134/6296/7133 7135/6122/7134 6895/6061/6894 6894/6257/6893
f 7133/6297/7132 7134/6296/7133 6894/6257/6893 6893/6256/6892
f 6892/6300/6891 7133/6297/7132 6893/6256/6892 6741/6065/6740
f 6891/6301/6890 7130/6115/7129 7133/6297/7132 6892/6300/6891
f 6890/6299/6889 7127/6291/7126 7130/6115/7129 6891/6301/6890
f 7136/6302/7135 7137/6303/7136 7140/6304/7139 7139/6305/7138
f 7137/6303/7136 7138/6141/7137 7141/6140/7140 7140/6304/7139
f 7139/6305/7138 7140/6304/7139 7143/6139/7142 7142/6306/7141
f 7140/6304/7139 7141/6140/7140 7144/6307/7143 7143/6139/7142
f 6735/6112/6734 6910/6143/6909 7136/6302/7135 6863/6288/6862
f 6910/6143/6909 6909/6148/6908 7137/6303/7136 7136/6302/7135
f 6909/6148/6908 6908/6147/6907 7138/6141/7137 7137/6303/7136
f 6908/6147/6907 6739/6132/6738 6887/6131/6886 7138/6141/7137
f 7138/6141/7137 6887/6131/6886 6888/6133/6887 7141/6140/7140
f 7141/6140/7140 6888/6133/6887 6889/6298/6888 7144/6307/7143
f 7144/6307/7143 6889/6298/6888 6740/6123/6739 6907/6308/6906
f 7143/6139/7142 7144/6307/7143 6907/6308/6906 6906/6309/6905
f 7142/6306/7141 7143/6139/7142 6906/6309/6905 6905/6144/6904
f 6865/6290/6864 7142/6306/7141 6905/6144/6904 6736/6269/6735
f 6864/6289/6863 7139/6305/7138 7142/6306/7141 6865/6290/6864
f 6863/6288/6862 7136/6302/7135 7139/6305/7138 6864/6289/6863
f 7145/6310/7144 7146/6311/7145 7149/6151/7148 7148/6312/7147
f 7146/6311/7145 7147/6313/7146 7150/6314/7149 7149/6151/7148
f 7148/6312/7147 7149/6151/7148 7152/6154/7151 7151/6315/7150
f 7149/6151/7148 7150/6314/7149 7153/6316/7152 7152/6154/7151
f 6738/5943/6737 6899/6158/6898 7145/6310/7144 6872/6186/6871
f 6899/6158/6898 6900/6168/6899 7146/6311/7145 7145/6310/7144
f 6900/6168/6899 6901/6166/6900 7147/6313/7146 7146/6311/7145
f 6901/6166/6900 6742/6167/6741 6896/6165/6895 7147/6313/7146
f 7147/6313/7146 6896/6165/6895 6897/6164/6896 7150/6314/7149
f 7150/6314/7149 6897/6164/6896 6898/6163/6897 7153/6316/7152
f 7153/6316/7152 6898/6163/6897 6739/6162/6738 6908/6161/6907
f 7152/6154/7151 7153/6316/7152 6908/6161/6907 6909/6160/6908
f 7151/6315/7150 7152/6154/7151 6909/6160/6908 6910/6159/6909
f 6874/6187/6873 7151/6315/7150 6910/6159/6909 6735/5938/6734
f 6873/5940/6872 7148/6312/7147 7151/6315/7150 6874/6187/6873
f 6872/6186/6871 7145/6310/7144 7148/6312/7147 6873/5940/6872
f 7154/6169/7153 7155/6317/7154 7158/6318/7157 7157/6319/7156
f 7155/6317/7154 7156/6320/7155 7159/6321/7158 7158/6318/7157
f 7157/6319/7156 7158/6318/7157 7161/6322/7160 7160/6323/7159
f 7158/6318/7157 7159/6321/7158 7162/6324/7161 7161/6322/7160
f 6736/6269/6735 6905/6144/6904 7154/6169/7153 6866/6270/6865
f 6905/6144/6904 6906/6309/6905 7155/6317/7154 7154/6169/7153
f 6906/6309/6905 6907/6308/6906 7156/6320/7155 7155/6317/7154
f 6907/6308/6906 6740/6123/6739 6890/6299/6889 7156/6320/7155
f 7156/6320/7155 6890/6299/6889 6891/6301/6890 7159/6321/7158
f 7159/6321/7158 6891/6301/6890 6892/6300/6891 7162/6324/7161
f 7162/6324/7161 6892/6300/6891 6741/6065/6740 6902/6064/6901
f 7161/6322/7160 7162/6324/7161 6902/6064/6901 6903/6066/6902
f 7160/6323/7159 7161/6322/7160 6903/6066/6902 6904/6254/6903
f 6868/6272/6867 7160/6323/7159 6904/6254/6903 6737/6253/6736
f 6867/6271/6866 7157/6319/7156 7160/6323/7159 6868/6272/6867
f 6866/6270/6865 7154/6169/7153 7157/6319/7156 6867/6271/6866
